user_id,name,status,updated_at
U-00001,User_U-00001,Active,2023-01-28 14:00:00
U-00003,User_U-00003,Active,2023-01-22 14:00:00
U-00005,User_U-00005,Active,2023-01-17 14:00:00
U-00006,User_U-00006,Active,2023-01-05 14:00:00
U-00007,User_U-00007,Active,2023-01-27 14:00:00
U-00008,User_U-00008,Active,2023-01-27 14:00:00
U-00011,User_U-00011,Active,2023-01-27 14:00:00
U-00015,User_U-00015,Active,2023-01-02 14:00:00
U-00017,User_U-00017,Active,2023-01-16 14:00:00
U-00019,User_U-00019,Active,2023-01-22 14:00:00
U-00021,User_U-00021,Active,2023-01-03 14:00:00
U-00022,User_U-00022,Active,2023-01-15 14:00:00
U-00025,User_U-00025,Active,2023-01-22 14:00:00
U-00027,User_U-00027,Active,2023-01-06 14:00:00
U-00031,User_U-00031,Active,2023-01-28 14:00:00
U-00032,User_U-00032,Active,2023-01-07 14:00:00
U-00040,User_U-00040,Active,2023-01-16 14:00:00
U-00042,User_U-00042,Active,2023-01-05 14:00:00
U-00043,User_U-00043,Active,2023-01-11 14:00:00
U-00046,User_U-00046,Active,2023-01-27 14:00:00
U-00047,User_U-00047,Active,2023-01-25 14:00:00
U-00048,User_U-00048,Active,2023-01-25 14:00:00
U-00049,User_U-00049,Active,2023-01-10 14:00:00
U-00050,User_U-00050,Active,2023-01-03 14:00:00
U-00052,User_U-00052,Active,2023-01-07 14:00:00
U-00053,User_U-00053,Active,2023-01-26 14:00:00
U-00056,User_U-00056,Active,2023-01-17 14:00:00
U-00057,User_U-00057,Active,2023-01-09 14:00:00
U-00058,User_U-00058,Active,2023-01-13 14:00:00
U-00061,User_U-00061,Active,2023-01-04 14:00:00
U-00063,User_U-00063,Active,2023-01-27 14:00:00
U-00064,User_U-00064,Active,2023-01-19 14:00:00
U-00066,User_U-00066,Active,2023-01-18 14:00:00
U-00069,User_U-00069,Active,2023-01-06 14:00:00
U-00070,User_U-00070,Active,2023-01-27 14:00:00
U-00072,User_U-00072,Active,2023-01-30 14:00:00
U-00073,User_U-00073,Active,2023-01-12 14:00:00
U-00077,User_U-00077,Active,2023-01-05 14:00:00
U-00081,User_U-00081,Active,2023-01-12 14:00:00
U-00084,User_U-00084,Active,2023-01-05 14:00:00
U-00085,User_U-00085,Active,2023-01-24 14:00:00
U-00086,User_U-00086,Active,2023-01-24 14:00:00
U-00087,User_U-00087,Active,2023-01-03 14:00:00
U-00089,User_U-00089,Active,2023-01-25 14:00:00
U-00091,User_U-00091,Active,2023-01-15 14:00:00
U-00093,User_U-00093,Active,2023-01-05 14:00:00
U-00094,User_U-00094,Active,2023-01-07 14:00:00
U-00095,User_U-00095,Active,2023-01-17 14:00:00
U-00097,User_U-00097,Active,2023-01-30 14:00:00
U-00100,User_U-00100,Active,2023-01-04 14:00:00
U-00101,User_U-00101,Active,2023-01-22 14:00:00
U-00102,User_U-00102,Active,2023-01-20 14:00:00
U-00104,User_U-00104,Active,2023-01-26 14:00:00
U-00106,User_U-00106,Active,2023-01-04 14:00:00
U-00108,User_U-00108,Active,2023-01-17 14:00:00
U-00109,User_U-00109,Active,2023-01-03 14:00:00
U-00112,User_U-00112,Active,2023-01-05 14:00:00
U-00113,User_U-00113,Active,2023-01-28 14:00:00
U-00115,User_U-00115,Active,2023-01-08 14:00:00
U-00116,User_U-00116,Active,2023-01-23 14:00:00
U-00117,User_U-00117,Active,2023-01-02 14:00:00
U-00118,User_U-00118,Active,2023-01-13 14:00:00
U-00119,User_U-00119,Active,2023-01-07 14:00:00
U-00120,User_U-00120,Active,2023-01-15 14:00:00
U-00121,User_U-00121,Active,2023-01-11 14:00:00
U-00124,User_U-00124,Active,2023-01-21 14:00:00
U-00126,User_U-00126,Active,2023-01-08 14:00:00
U-00127,User_U-00127,Active,2023-01-18 14:00:00
U-00128,User_U-00128,Active,2023-01-29 14:00:00
U-00130,User_U-00130,Active,2023-01-10 14:00:00
U-00132,User_U-00132,Active,2023-01-05 14:00:00
U-00133,User_U-00133,Active,2023-01-23 14:00:00
U-00134,User_U-00134,Active,2023-01-04 14:00:00
U-00136,User_U-00136,Active,2023-01-20 14:00:00
U-00137,User_U-00137,Active,2023-01-24 14:00:00
U-00138,User_U-00138,Active,2023-01-11 14:00:00
U-00139,User_U-00139,Active,2023-01-18 14:00:00
U-00140,User_U-00140,Active,2023-01-08 14:00:00
U-00142,User_U-00142,Active,2023-01-10 14:00:00
U-00146,User_U-00146,Active,2023-01-04 14:00:00
U-00147,User_U-00147,Active,2023-01-08 14:00:00
U-00149,User_U-00149,Active,2023-01-10 14:00:00
U-00150,User_U-00150,Active,2023-01-15 14:00:00
U-00153,User_U-00153,Active,2023-01-26 14:00:00
U-00155,User_U-00155,Active,2023-01-26 14:00:00
U-00156,User_U-00156,Active,2023-01-07 14:00:00
U-00157,User_U-00157,Active,2023-01-29 14:00:00
U-00159,User_U-00159,Active,2023-01-17 14:00:00
U-00161,User_U-00161,Active,2023-01-22 14:00:00
U-00162,User_U-00162,Active,2023-01-02 14:00:00
U-00165,User_U-00165,Active,2023-01-17 14:00:00
U-00167,User_U-00167,Active,2023-01-12 14:00:00
U-00170,User_U-00170,Active,2023-01-08 14:00:00
U-00171,User_U-00171,Active,2023-01-16 14:00:00
U-00172,User_U-00172,Active,2023-01-17 14:00:00
U-00173,User_U-00173,Active,2023-01-30 14:00:00
U-00175,User_U-00175,Active,2023-01-05 14:00:00
U-00176,User_U-00176,Active,2023-01-23 14:00:00
U-00177,User_U-00177,Active,2023-01-26 14:00:00
U-00178,User_U-00178,Active,2023-01-14 14:00:00
U-00181,User_U-00181,Active,2023-01-17 14:00:00
U-00182,User_U-00182,Active,2023-01-15 14:00:00
U-00184,User_U-00184,Active,2023-01-20 14:00:00
U-00185,User_U-00185,Active,2023-01-22 14:00:00
U-00187,User_U-00187,Active,2023-01-20 14:00:00
U-00188,User_U-00188,Active,2023-01-19 14:00:00
U-00190,User_U-00190,Active,2023-01-03 14:00:00
U-00191,User_U-00191,Active,2023-01-02 14:00:00
U-00199,User_U-00199,Active,2023-01-11 14:00:00
U-00200,User_U-00200,Active,2023-01-02 14:00:00
U-00202,User_U-00202,Active,2023-01-05 14:00:00
U-00204,User_U-00204,Active,2023-01-06 14:00:00
U-00205,User_U-00205,Active,2023-01-17 14:00:00
U-00209,User_U-00209,Active,2023-01-27 14:00:00
U-00210,User_U-00210,Active,2023-01-09 14:00:00
U-00211,User_U-00211,Active,2023-01-05 14:00:00
U-00213,User_U-00213,Active,2023-01-28 14:00:00
U-00215,User_U-00215,Active,2023-01-19 14:00:00
U-00216,User_U-00216,Active,2023-01-20 14:00:00
U-00218,User_U-00218,Active,2023-01-14 14:00:00
U-00220,User_U-00220,Active,2023-01-21 14:00:00
U-00221,User_U-00221,Active,2023-01-24 14:00:00
U-00223,User_U-00223,Active,2023-01-07 14:00:00
U-00225,User_U-00225,Active,2023-01-10 14:00:00
U-00226,User_U-00226,Active,2023-01-14 14:00:00
U-00227,User_U-00227,Active,2023-01-06 14:00:00
U-00231,User_U-00231,Active,2023-01-27 14:00:00
U-00232,User_U-00232,Active,2023-01-24 14:00:00
U-00233,User_U-00233,Active,2023-01-17 14:00:00
U-00234,User_U-00234,Active,2023-01-28 14:00:00
U-00237,User_U-00237,Active,2023-01-03 14:00:00
U-00240,User_U-00240,Active,2023-01-18 14:00:00
U-00243,User_U-00243,Active,2023-01-06 14:00:00
U-00245,User_U-00245,Active,2023-01-30 14:00:00
U-00248,User_U-00248,Active,2023-01-17 14:00:00
U-00251,User_U-00251,Active,2023-01-19 14:00:00
U-00253,User_U-00253,Active,2023-01-03 14:00:00
U-00254,User_U-00254,Active,2023-01-09 14:00:00
U-00255,User_U-00255,Active,2023-01-23 14:00:00
U-00256,User_U-00256,Active,2023-01-09 14:00:00
U-00257,User_U-00257,Active,2023-01-27 14:00:00
U-00258,User_U-00258,Active,2023-01-15 14:00:00
U-00259,User_U-00259,Active,2023-01-22 14:00:00
U-00260,User_U-00260,Active,2023-01-12 14:00:00
U-00261,User_U-00261,Active,2023-01-05 14:00:00
U-00263,User_U-00263,Active,2023-01-14 14:00:00
U-00264,User_U-00264,Active,2023-01-26 14:00:00
U-00266,User_U-00266,Active,2023-01-07 14:00:00
U-00268,User_U-00268,Active,2023-01-20 14:00:00
U-00271,User_U-00271,Active,2023-01-13 14:00:00
U-00276,User_U-00276,Active,2023-01-21 14:00:00
U-00278,User_U-00278,Active,2023-01-03 14:00:00
U-00280,User_U-00280,Active,2023-01-08 14:00:00
U-00283,User_U-00283,Active,2023-01-14 14:00:00
U-00285,User_U-00285,Active,2023-01-07 14:00:00
U-00287,User_U-00287,Active,2023-01-18 14:00:00
U-00288,User_U-00288,Active,2023-01-07 14:00:00
U-00289,User_U-00289,Active,2023-01-07 14:00:00
U-00291,User_U-00291,Active,2023-01-13 14:00:00
U-00293,User_U-00293,Active,2023-01-20 14:00:00
U-00297,User_U-00297,Active,2023-01-28 14:00:00
U-00298,User_U-00298,Active,2023-01-29 14:00:00
U-00299,User_U-00299,Active,2023-01-18 14:00:00
U-00302,User_U-00302,Active,2023-01-28 14:00:00
U-00303,User_U-00303,Active,2023-01-30 14:00:00
U-00304,User_U-00304,Active,2023-01-25 14:00:00
U-00309,User_U-00309,Active,2023-01-27 14:00:00
U-00311,User_U-00311,Active,2023-01-16 14:00:00
U-00313,User_U-00313,Active,2023-01-04 14:00:00
U-00314,User_U-00314,Active,2023-01-09 14:00:00
U-00315,User_U-00315,Active,2023-01-22 14:00:00
U-00317,User_U-00317,Active,2023-01-23 14:00:00
U-00318,User_U-00318,Active,2023-01-11 14:00:00
U-00319,User_U-00319,Active,2023-01-04 14:00:00
U-00321,User_U-00321,Active,2023-01-15 14:00:00
U-00322,User_U-00322,Active,2023-01-21 14:00:00
U-00323,User_U-00323,Active,2023-01-07 14:00:00
U-00324,User_U-00324,Active,2023-01-04 14:00:00
U-00325,User_U-00325,Active,2023-01-06 14:00:00
U-00326,User_U-00326,Active,2023-01-13 14:00:00
U-00328,User_U-00328,Active,2023-01-10 14:00:00
U-00332,User_U-00332,Active,2023-01-16 14:00:00
U-00333,User_U-00333,Active,2023-01-20 14:00:00
U-00334,User_U-00334,Active,2023-01-11 14:00:00
U-00335,User_U-00335,Active,2023-01-17 14:00:00
U-00336,User_U-00336,Active,2023-01-27 14:00:00
U-00337,User_U-00337,Active,2023-01-25 14:00:00
U-00338,User_U-00338,Active,2023-01-12 14:00:00
U-00339,User_U-00339,Active,2023-01-18 14:00:00
U-00340,User_U-00340,Active,2023-01-29 14:00:00
U-00343,User_U-00343,Active,2023-01-25 14:00:00
U-00344,User_U-00344,Active,2023-01-13 14:00:00
U-00346,User_U-00346,Active,2023-01-21 14:00:00
U-00347,User_U-00347,Active,2023-01-10 14:00:00
U-00348,User_U-00348,Active,2023-01-16 14:00:00
U-00349,User_U-00349,Active,2023-01-03 14:00:00
U-00350,User_U-00350,Active,2023-01-22 14:00:00
U-00351,User_U-00351,Active,2023-01-29 14:00:00
U-00353,User_U-00353,Active,2023-01-09 14:00:00
U-00357,User_U-00357,Active,2023-01-22 14:00:00
U-00358,User_U-00358,Active,2023-01-28 14:00:00
U-00359,User_U-00359,Active,2023-01-25 14:00:00
U-00361,User_U-00361,Active,2023-01-30 14:00:00
U-00362,User_U-00362,Active,2023-01-18 14:00:00
U-00364,User_U-00364,Active,2023-01-17 14:00:00
U-00366,User_U-00366,Active,2023-01-20 14:00:00
U-00367,User_U-00367,Active,2023-01-09 14:00:00
U-00368,User_U-00368,Active,2023-01-23 14:00:00
U-00369,User_U-00369,Active,2023-01-15 14:00:00
U-00370,User_U-00370,Active,2023-01-12 14:00:00
U-00375,User_U-00375,Active,2023-01-18 14:00:00
U-00377,User_U-00377,Active,2023-01-23 14:00:00
U-00378,User_U-00378,Active,2023-01-06 14:00:00
U-00379,User_U-00379,Active,2023-01-25 14:00:00
U-00380,User_U-00380,Active,2023-01-30 14:00:00
U-00382,User_U-00382,Active,2023-01-23 14:00:00
U-00384,User_U-00384,Active,2023-01-19 14:00:00
U-00389,User_U-00389,Active,2023-01-25 14:00:00
U-00391,User_U-00391,Active,2023-01-25 14:00:00
U-00392,User_U-00392,Active,2023-01-25 14:00:00
U-00394,User_U-00394,Active,2023-01-10 14:00:00
U-00397,User_U-00397,Active,2023-01-14 14:00:00
U-00398,User_U-00398,Active,2023-01-16 14:00:00
U-00400,User_U-00400,Active,2023-01-30 14:00:00
U-00401,User_U-00401,Active,2023-01-25 14:00:00
U-00403,User_U-00403,Active,2023-01-06 14:00:00
U-00405,User_U-00405,Active,2023-01-30 14:00:00
U-00406,User_U-00406,Active,2023-01-03 14:00:00
U-00408,User_U-00408,Active,2023-01-16 14:00:00
U-00410,User_U-00410,Active,2023-01-09 14:00:00
U-00414,User_U-00414,Active,2023-01-21 14:00:00
U-00415,User_U-00415,Active,2023-01-04 14:00:00
U-00416,User_U-00416,Active,2023-01-23 14:00:00
U-00419,User_U-00419,Active,2023-01-12 14:00:00
U-00420,User_U-00420,Active,2023-01-05 14:00:00
U-00421,User_U-00421,Active,2023-01-24 14:00:00
U-00422,User_U-00422,Active,2023-01-26 14:00:00
U-00426,User_U-00426,Active,2023-01-29 14:00:00
U-00427,User_U-00427,Active,2023-01-08 14:00:00
U-00430,User_U-00430,Active,2023-01-17 14:00:00
U-00431,User_U-00431,Active,2023-01-10 14:00:00
U-00433,User_U-00433,Active,2023-01-23 14:00:00
U-00435,User_U-00435,Active,2023-01-29 14:00:00
U-00436,User_U-00436,Active,2023-01-17 14:00:00
U-00437,User_U-00437,Active,2023-01-22 14:00:00
U-00439,User_U-00439,Active,2023-01-27 14:00:00
U-00442,User_U-00442,Active,2023-01-23 14:00:00
U-00446,User_U-00446,Active,2023-01-29 14:00:00
U-00448,User_U-00448,Active,2023-01-11 14:00:00
U-00449,User_U-00449,Active,2023-01-17 14:00:00
U-00451,User_U-00451,Active,2023-01-18 14:00:00
U-00453,User_U-00453,Active,2023-01-22 14:00:00
U-00454,User_U-00454,Active,2023-01-06 14:00:00
U-00455,User_U-00455,Active,2023-01-26 14:00:00
U-00456,User_U-00456,Active,2023-01-11 14:00:00
U-00461,User_U-00461,Active,2023-01-10 14:00:00
U-00462,User_U-00462,Active,2023-01-08 14:00:00
U-00463,User_U-00463,Active,2023-01-30 14:00:00
U-00464,User_U-00464,Active,2023-01-25 14:00:00
U-00467,User_U-00467,Active,2023-01-03 14:00:00
U-00468,User_U-00468,Active,2023-01-27 14:00:00
U-00471,User_U-00471,Active,2023-01-04 14:00:00
U-00472,User_U-00472,Active,2023-01-17 14:00:00
U-00473,User_U-00473,Active,2023-01-29 14:00:00
U-00481,User_U-00481,Active,2023-01-10 14:00:00
U-00483,User_U-00483,Active,2023-01-17 14:00:00
U-00484,User_U-00484,Active,2023-01-03 14:00:00
U-00485,User_U-00485,Active,2023-01-10 14:00:00
U-00486,User_U-00486,Active,2023-01-30 14:00:00
U-00487,User_U-00487,Active,2023-01-15 14:00:00
U-00488,User_U-00488,Active,2023-01-11 14:00:00
U-00489,User_U-00489,Active,2023-01-14 14:00:00
U-00491,User_U-00491,Active,2023-01-19 14:00:00
U-00492,User_U-00492,Active,2023-01-25 14:00:00
U-00497,User_U-00497,Active,2023-01-27 14:00:00
U-00498,User_U-00498,Active,2023-01-05 14:00:00
U-00500,User_U-00500,Active,2023-01-11 14:00:00
U-00501,User_U-00501,Active,2023-01-27 14:00:00
U-00502,User_U-00502,Active,2023-01-24 14:00:00
U-00503,User_U-00503,Active,2023-01-19 14:00:00
U-00504,User_U-00504,Active,2023-01-26 14:00:00
U-00505,User_U-00505,Active,2023-01-29 14:00:00
U-00506,User_U-00506,Active,2023-01-22 14:00:00
U-00507,User_U-00507,Active,2023-01-30 14:00:00
U-00509,User_U-00509,Active,2023-01-27 14:00:00
U-00511,User_U-00511,Active,2023-01-29 14:00:00
U-00513,User_U-00513,Active,2023-01-23 14:00:00
U-00514,User_U-00514,Active,2023-01-18 14:00:00
U-00515,User_U-00515,Active,2023-01-21 14:00:00
U-00517,User_U-00517,Active,2023-01-23 14:00:00
U-00518,User_U-00518,Active,2023-01-02 14:00:00
U-00520,User_U-00520,Active,2023-01-23 14:00:00
U-00521,User_U-00521,Active,2023-01-25 14:00:00
U-00523,User_U-00523,Active,2023-01-15 14:00:00
U-00524,User_U-00524,Active,2023-01-03 14:00:00
U-00525,User_U-00525,Active,2023-01-05 14:00:00
U-00526,User_U-00526,Active,2023-01-06 14:00:00
U-00527,User_U-00527,Active,2023-01-25 14:00:00
U-00529,User_U-00529,Active,2023-01-04 14:00:00
U-00532,User_U-00532,Active,2023-01-04 14:00:00
U-00533,User_U-00533,Active,2023-01-06 14:00:00
U-00536,User_U-00536,Active,2023-01-12 14:00:00
U-00537,User_U-00537,Active,2023-01-26 14:00:00
U-00541,User_U-00541,Active,2023-01-23 14:00:00
U-00542,User_U-00542,Active,2023-01-26 14:00:00
U-00543,User_U-00543,Active,2023-01-15 14:00:00
U-00544,User_U-00544,Active,2023-01-02 14:00:00
U-00545,User_U-00545,Active,2023-01-05 14:00:00
U-00546,User_U-00546,Active,2023-01-06 14:00:00
U-00548,User_U-00548,Active,2023-01-17 14:00:00
U-00549,User_U-00549,Active,2023-01-10 14:00:00
U-00550,User_U-00550,Active,2023-01-30 14:00:00
U-00552,User_U-00552,Active,2023-01-06 14:00:00
U-00554,User_U-00554,Active,2023-01-11 14:00:00
U-00557,User_U-00557,Active,2023-01-25 14:00:00
U-00558,User_U-00558,Active,2023-01-03 14:00:00
U-00560,User_U-00560,Active,2023-01-14 14:00:00
U-00561,User_U-00561,Active,2023-01-24 14:00:00
U-00562,User_U-00562,Active,2023-01-05 14:00:00
U-00563,User_U-00563,Active,2023-01-22 14:00:00
U-00564,User_U-00564,Active,2023-01-13 14:00:00
U-00566,User_U-00566,Active,2023-01-30 14:00:00
U-00567,User_U-00567,Active,2023-01-04 14:00:00
U-00568,User_U-00568,Active,2023-01-17 14:00:00
U-00569,User_U-00569,Active,2023-01-17 14:00:00
U-00571,User_U-00571,Active,2023-01-10 14:00:00
U-00572,User_U-00572,Active,2023-01-11 14:00:00
U-00573,User_U-00573,Active,2023-01-15 14:00:00
U-00575,User_U-00575,Active,2023-01-24 14:00:00
U-00576,User_U-00576,Active,2023-01-08 14:00:00
U-00578,User_U-00578,Active,2023-01-21 14:00:00
U-00579,User_U-00579,Active,2023-01-07 14:00:00
U-00582,User_U-00582,Active,2023-01-14 14:00:00
U-00583,User_U-00583,Active,2023-01-24 14:00:00
U-00585,User_U-00585,Active,2023-01-10 14:00:00
U-00586,User_U-00586,Active,2023-01-15 14:00:00
U-00592,User_U-00592,Active,2023-01-08 14:00:00
U-00593,User_U-00593,Active,2023-01-09 14:00:00
U-00595,User_U-00595,Active,2023-01-03 14:00:00
U-00598,User_U-00598,Active,2023-01-20 14:00:00
U-00599,User_U-00599,Active,2023-01-24 14:00:00
U-00600,User_U-00600,Active,2023-01-10 14:00:00
U-00601,User_U-00601,Active,2023-01-14 14:00:00
U-00605,User_U-00605,Active,2023-01-08 14:00:00
U-00608,User_U-00608,Active,2023-01-16 14:00:00
U-00609,User_U-00609,Active,2023-01-06 14:00:00
U-00613,User_U-00613,Active,2023-01-15 14:00:00
U-00614,User_U-00614,Active,2023-01-20 14:00:00
U-00615,User_U-00615,Active,2023-01-18 14:00:00
U-00618,User_U-00618,Active,2023-01-14 14:00:00
U-00619,User_U-00619,Active,2023-01-14 14:00:00
U-00621,User_U-00621,Active,2023-01-09 14:00:00
U-00623,User_U-00623,Active,2023-01-21 14:00:00
U-00626,User_U-00626,Active,2023-01-07 14:00:00
U-00627,User_U-00627,Active,2023-01-07 14:00:00
U-00630,User_U-00630,Active,2023-01-05 14:00:00
U-00632,User_U-00632,Active,2023-01-30 14:00:00
U-00639,User_U-00639,Active,2023-01-23 14:00:00
U-00640,User_U-00640,Active,2023-01-26 14:00:00
U-00641,User_U-00641,Active,2023-01-15 14:00:00
U-00642,User_U-00642,Active,2023-01-23 14:00:00
U-00643,User_U-00643,Active,2023-01-12 14:00:00
U-00645,User_U-00645,Active,2023-01-21 14:00:00
U-00646,User_U-00646,Active,2023-01-16 14:00:00
U-00649,User_U-00649,Active,2023-01-08 14:00:00
U-00650,User_U-00650,Active,2023-01-12 14:00:00
U-00651,User_U-00651,Active,2023-01-17 14:00:00
U-00652,User_U-00652,Active,2023-01-19 14:00:00
U-00658,User_U-00658,Active,2023-01-07 14:00:00
U-00659,User_U-00659,Active,2023-01-26 14:00:00
U-00663,User_U-00663,Active,2023-01-11 14:00:00
U-00664,User_U-00664,Active,2023-01-07 14:00:00
U-00667,User_U-00667,Active,2023-01-16 14:00:00
U-00670,User_U-00670,Active,2023-01-22 14:00:00
U-00672,User_U-00672,Active,2023-01-11 14:00:00
U-00674,User_U-00674,Active,2023-01-18 14:00:00
U-00675,User_U-00675,Active,2023-01-10 14:00:00
U-00677,User_U-00677,Active,2023-01-03 14:00:00
U-00678,User_U-00678,Active,2023-01-16 14:00:00
U-00681,User_U-00681,Active,2023-01-27 14:00:00
U-00683,User_U-00683,Active,2023-01-02 14:00:00
U-00685,User_U-00685,Active,2023-01-14 14:00:00
U-00687,User_U-00687,Active,2023-01-13 14:00:00
U-00688,User_U-00688,Active,2023-01-21 14:00:00
U-00689,User_U-00689,Active,2023-01-24 14:00:00
U-00692,User_U-00692,Active,2023-01-28 14:00:00
U-00693,User_U-00693,Active,2023-01-14 14:00:00
U-00698,User_U-00698,Active,2023-01-25 14:00:00
U-00700,User_U-00700,Active,2023-01-28 14:00:00
U-00701,User_U-00701,Active,2023-01-28 14:00:00
U-00702,User_U-00702,Active,2023-01-09 14:00:00
U-00706,User_U-00706,Active,2023-01-29 14:00:00
U-00707,User_U-00707,Active,2023-01-29 14:00:00
U-00710,User_U-00710,Active,2023-01-12 14:00:00
U-00716,User_U-00716,Active,2023-01-07 14:00:00
U-00717,User_U-00717,Active,2023-01-05 14:00:00
U-00722,User_U-00722,Active,2023-01-08 14:00:00
U-00724,User_U-00724,Active,2023-01-30 14:00:00
U-00725,User_U-00725,Active,2023-01-14 14:00:00
U-00727,User_U-00727,Active,2023-01-12 14:00:00
U-00730,User_U-00730,Active,2023-01-02 14:00:00
U-00734,User_U-00734,Active,2023-01-23 14:00:00
U-00736,User_U-00736,Active,2023-01-20 14:00:00
U-00738,User_U-00738,Active,2023-01-26 14:00:00
U-00739,User_U-00739,Active,2023-01-26 14:00:00
U-00740,User_U-00740,Active,2023-01-15 14:00:00
U-00742,User_U-00742,Active,2023-01-29 14:00:00
U-00743,User_U-00743,Active,2023-01-18 14:00:00
U-00744,User_U-00744,Active,2023-01-06 14:00:00
U-00746,User_U-00746,Active,2023-01-22 14:00:00
U-00747,User_U-00747,Active,2023-01-06 14:00:00
U-00748,User_U-00748,Active,2023-01-13 14:00:00
U-00749,User_U-00749,Active,2023-01-17 14:00:00
U-00750,User_U-00750,Active,2023-01-14 14:00:00
U-00752,User_U-00752,Active,2023-01-21 14:00:00
U-00753,User_U-00753,Active,2023-01-22 14:00:00
U-00754,User_U-00754,Active,2023-01-20 14:00:00
U-00755,User_U-00755,Active,2023-01-06 14:00:00
U-00757,User_U-00757,Active,2023-01-28 14:00:00
U-00758,User_U-00758,Active,2023-01-02 14:00:00
U-00760,User_U-00760,Active,2023-01-29 14:00:00
U-00761,User_U-00761,Active,2023-01-17 14:00:00
U-00762,User_U-00762,Active,2023-01-26 14:00:00
U-00763,User_U-00763,Active,2023-01-13 14:00:00
U-00766,User_U-00766,Active,2023-01-09 14:00:00
U-00768,User_U-00768,Active,2023-01-13 14:00:00
U-00771,User_U-00771,Active,2023-01-14 14:00:00
U-00772,User_U-00772,Active,2023-01-03 14:00:00
U-00775,User_U-00775,Active,2023-01-06 14:00:00
U-00776,User_U-00776,Active,2023-01-21 14:00:00
U-00781,User_U-00781,Active,2023-01-17 14:00:00
U-00783,User_U-00783,Active,2023-01-07 14:00:00
U-00785,User_U-00785,Active,2023-01-25 14:00:00
U-00788,User_U-00788,Active,2023-01-10 14:00:00
U-00789,User_U-00789,Active,2023-01-13 14:00:00
U-00790,User_U-00790,Active,2023-01-29 14:00:00
U-00793,User_U-00793,Active,2023-01-03 14:00:00
U-00794,User_U-00794,Active,2023-01-27 14:00:00
U-00795,User_U-00795,Active,2023-01-07 14:00:00
U-00796,User_U-00796,Active,2023-01-15 14:00:00
U-00798,User_U-00798,Active,2023-01-07 14:00:00
U-00799,User_U-00799,Active,2023-01-16 14:00:00
U-00800,User_U-00800,Active,2023-01-23 14:00:00
U-00802,User_U-00802,Active,2023-01-04 14:00:00
U-00805,User_U-00805,Active,2023-01-20 14:00:00
U-00806,User_U-00806,Active,2023-01-16 14:00:00
U-00809,User_U-00809,Active,2023-01-12 14:00:00
U-00810,User_U-00810,Active,2023-01-10 14:00:00
U-00812,User_U-00812,Active,2023-01-02 14:00:00
U-00813,User_U-00813,Active,2023-01-23 14:00:00
U-00814,User_U-00814,Active,2023-01-05 14:00:00
U-00816,User_U-00816,Active,2023-01-22 14:00:00
U-00819,User_U-00819,Active,2023-01-14 14:00:00
U-00820,User_U-00820,Active,2023-01-22 14:00:00
U-00822,User_U-00822,Active,2023-01-23 14:00:00
U-00823,User_U-00823,Active,2023-01-22 14:00:00
U-00826,User_U-00826,Active,2023-01-09 14:00:00
U-00828,User_U-00828,Active,2023-01-29 14:00:00
U-00830,User_U-00830,Active,2023-01-15 14:00:00
U-00832,User_U-00832,Active,2023-01-07 14:00:00
U-00834,User_U-00834,Active,2023-01-30 14:00:00
U-00835,User_U-00835,Active,2023-01-08 14:00:00
U-00836,User_U-00836,Active,2023-01-07 14:00:00
U-00837,User_U-00837,Active,2023-01-09 14:00:00
U-00838,User_U-00838,Active,2023-01-24 14:00:00
U-00842,User_U-00842,Active,2023-01-13 14:00:00
U-00843,User_U-00843,Active,2023-01-25 14:00:00
U-00844,User_U-00844,Active,2023-01-06 14:00:00
U-00845,User_U-00845,Active,2023-01-30 14:00:00
U-00846,User_U-00846,Active,2023-01-06 14:00:00
U-00849,User_U-00849,Active,2023-01-15 14:00:00
U-00852,User_U-00852,Active,2023-01-19 14:00:00
U-00853,User_U-00853,Active,2023-01-24 14:00:00
U-00856,User_U-00856,Active,2023-01-23 14:00:00
U-00857,User_U-00857,Active,2023-01-16 14:00:00
U-00858,User_U-00858,Active,2023-01-06 14:00:00
U-00861,User_U-00861,Active,2023-01-28 14:00:00
U-00864,User_U-00864,Active,2023-01-08 14:00:00
U-00866,User_U-00866,Active,2023-01-22 14:00:00
U-00867,User_U-00867,Active,2023-01-18 14:00:00
U-00870,User_U-00870,Active,2023-01-11 14:00:00
U-00874,User_U-00874,Active,2023-01-03 14:00:00
U-00876,User_U-00876,Active,2023-01-07 14:00:00
U-00877,User_U-00877,Active,2023-01-12 14:00:00
U-00880,User_U-00880,Active,2023-01-16 14:00:00
U-00882,User_U-00882,Active,2023-01-17 14:00:00
U-00883,User_U-00883,Active,2023-01-18 14:00:00
U-00884,User_U-00884,Active,2023-01-13 14:00:00
U-00885,User_U-00885,Active,2023-01-18 14:00:00
U-00887,User_U-00887,Active,2023-01-13 14:00:00
U-00888,User_U-00888,Active,2023-01-27 14:00:00
U-00892,User_U-00892,Active,2023-01-16 14:00:00
U-00893,User_U-00893,Active,2023-01-10 14:00:00
U-00895,User_U-00895,Active,2023-01-10 14:00:00
U-00896,User_U-00896,Active,2023-01-12 14:00:00
U-00900,User_U-00900,Active,2023-01-25 14:00:00
U-00901,User_U-00901,Active,2023-01-15 14:00:00
U-00902,User_U-00902,Active,2023-01-16 14:00:00
U-00904,User_U-00904,Active,2023-01-07 14:00:00
U-00905,User_U-00905,Active,2023-01-02 14:00:00
U-00907,User_U-00907,Active,2023-01-13 14:00:00
U-00909,User_U-00909,Active,2023-01-26 14:00:00
U-00911,User_U-00911,Active,2023-01-11 14:00:00
U-00915,User_U-00915,Active,2023-01-17 14:00:00
U-00916,User_U-00916,Active,2023-01-11 14:00:00
U-00917,User_U-00917,Active,2023-01-16 14:00:00
U-00919,User_U-00919,Active,2023-01-28 14:00:00
U-00920,User_U-00920,Active,2023-01-08 14:00:00
U-00923,User_U-00923,Active,2023-01-24 14:00:00
U-00924,User_U-00924,Active,2023-01-13 14:00:00
U-00925,User_U-00925,Active,2023-01-23 14:00:00
U-00927,User_U-00927,Active,2023-01-12 14:00:00
U-00929,User_U-00929,Active,2023-01-23 14:00:00
U-00932,User_U-00932,Active,2023-01-11 14:00:00
U-00933,User_U-00933,Active,2023-01-21 14:00:00
U-00934,User_U-00934,Active,2023-01-14 14:00:00
U-00936,User_U-00936,Active,2023-01-20 14:00:00
U-00938,User_U-00938,Active,2023-01-20 14:00:00
U-00943,User_U-00943,Active,2023-01-11 14:00:00
U-00945,User_U-00945,Active,2023-01-26 14:00:00
U-00947,User_U-00947,Active,2023-01-17 14:00:00
U-00949,User_U-00949,Active,2023-01-13 14:00:00
U-00950,User_U-00950,Active,2023-01-25 14:00:00
U-00951,User_U-00951,Active,2023-01-04 14:00:00
U-00953,User_U-00953,Active,2023-01-12 14:00:00
U-00954,User_U-00954,Active,2023-01-17 14:00:00
U-00956,User_U-00956,Active,2023-01-23 14:00:00
U-00957,User_U-00957,Active,2023-01-04 14:00:00
U-00958,User_U-00958,Active,2023-01-30 14:00:00
U-00960,User_U-00960,Active,2023-01-18 14:00:00
U-00961,User_U-00961,Active,2023-01-02 14:00:00
U-00962,User_U-00962,Active,2023-01-17 14:00:00
U-00964,User_U-00964,Active,2023-01-05 14:00:00
U-00965,User_U-00965,Active,2023-01-15 14:00:00
U-00966,User_U-00966,Active,2023-01-24 14:00:00
U-00967,User_U-00967,Active,2023-01-22 14:00:00
U-00968,User_U-00968,Active,2023-01-06 14:00:00
U-00970,User_U-00970,Active,2023-01-27 14:00:00
U-00971,User_U-00971,Active,2023-01-17 14:00:00
U-00973,User_U-00973,Active,2023-01-07 14:00:00
U-00974,User_U-00974,Active,2023-01-29 14:00:00
U-00976,User_U-00976,Active,2023-01-25 14:00:00
U-00980,User_U-00980,Active,2023-01-08 14:00:00
U-00982,User_U-00982,Active,2023-01-25 14:00:00
U-00983,User_U-00983,Active,2023-01-24 14:00:00
U-00985,User_U-00985,Active,2023-01-30 14:00:00
U-00987,User_U-00987,Active,2023-01-10 14:00:00
U-00989,User_U-00989,Active,2023-01-19 14:00:00
U-00991,User_U-00991,Active,2023-01-16 14:00:00
U-00993,User_U-00993,Active,2023-01-18 14:00:00
U-00995,User_U-00995,Active,2023-01-19 14:00:00
U-00996,User_U-00996,Active,2023-01-15 14:00:00
U-00997,User_U-00997,Active,2023-01-19 14:00:00
U-00998,User_U-00998,Active,2023-01-19 14:00:00
U-01000,User_U-01000,Active,2023-01-17 14:00:00
U-01001,User_U-01001,Active,2023-01-02 14:00:00
U-01002,User_U-01002,Active,2023-01-07 14:00:00
U-01003,User_U-01003,Active,2023-01-02 14:00:00
U-01005,User_U-01005,Active,2023-01-17 14:00:00
U-01008,User_U-01008,Active,2023-01-15 14:00:00
U-01010,User_U-01010,Active,2023-01-24 14:00:00
U-01011,User_U-01011,Active,2023-01-18 14:00:00
U-01015,User_U-01015,Active,2023-01-08 14:00:00
U-01017,User_U-01017,Active,2023-01-15 14:00:00
U-01018,User_U-01018,Active,2023-01-09 14:00:00
U-01019,User_U-01019,Active,2023-01-07 14:00:00
U-01020,User_U-01020,Active,2023-01-20 14:00:00
U-01021,User_U-01021,Active,2023-01-15 14:00:00
U-01024,User_U-01024,Active,2023-01-12 14:00:00
U-01026,User_U-01026,Active,2023-01-29 14:00:00
U-01027,User_U-01027,Active,2023-01-07 14:00:00
U-01029,User_U-01029,Active,2023-01-13 14:00:00
U-01031,User_U-01031,Active,2023-01-13 14:00:00
U-01032,User_U-01032,Active,2023-01-15 14:00:00
U-01035,User_U-01035,Active,2023-01-05 14:00:00
U-01037,User_U-01037,Active,2023-01-08 14:00:00
U-01038,User_U-01038,Active,2023-01-04 14:00:00
U-01039,User_U-01039,Active,2023-01-14 14:00:00
U-01040,User_U-01040,Active,2023-01-04 14:00:00
U-01042,User_U-01042,Active,2023-01-25 14:00:00
U-01045,User_U-01045,Active,2023-01-20 14:00:00
U-01048,User_U-01048,Active,2023-01-21 14:00:00
U-01051,User_U-01051,Active,2023-01-18 14:00:00
U-01053,User_U-01053,Active,2023-01-19 14:00:00
U-01054,User_U-01054,Active,2023-01-19 14:00:00
U-01056,User_U-01056,Active,2023-01-28 14:00:00
U-01058,User_U-01058,Active,2023-01-09 14:00:00
U-01060,User_U-01060,Active,2023-01-11 14:00:00
U-01063,User_U-01063,Active,2023-01-10 14:00:00
U-01065,User_U-01065,Active,2023-01-25 14:00:00
U-01066,User_U-01066,Active,2023-01-19 14:00:00
U-01067,User_U-01067,Active,2023-01-15 14:00:00
U-01068,User_U-01068,Active,2023-01-08 14:00:00
U-01069,User_U-01069,Active,2023-01-09 14:00:00
U-01070,User_U-01070,Active,2023-01-02 14:00:00
U-01072,User_U-01072,Active,2023-01-20 14:00:00
U-01073,User_U-01073,Active,2023-01-22 14:00:00
U-01074,User_U-01074,Active,2023-01-23 14:00:00
U-01075,User_U-01075,Active,2023-01-15 14:00:00
U-01077,User_U-01077,Active,2023-01-18 14:00:00
U-01081,User_U-01081,Active,2023-01-05 14:00:00
U-01082,User_U-01082,Active,2023-01-10 14:00:00
U-01083,User_U-01083,Active,2023-01-15 14:00:00
U-01084,User_U-01084,Active,2023-01-13 14:00:00
U-01085,User_U-01085,Active,2023-01-09 14:00:00
U-01086,User_U-01086,Active,2023-01-14 14:00:00
U-01087,User_U-01087,Active,2023-01-17 14:00:00
U-01088,User_U-01088,Active,2023-01-29 14:00:00
U-01090,User_U-01090,Active,2023-01-13 14:00:00
U-01091,User_U-01091,Active,2023-01-07 14:00:00
U-01092,User_U-01092,Active,2023-01-16 14:00:00
U-01093,User_U-01093,Active,2023-01-26 14:00:00
U-01094,User_U-01094,Active,2023-01-13 14:00:00
U-01095,User_U-01095,Active,2023-01-30 14:00:00
U-01097,User_U-01097,Active,2023-01-14 14:00:00
U-01098,User_U-01098,Active,2023-01-21 14:00:00
U-01099,User_U-01099,Active,2023-01-08 14:00:00
U-01100,User_U-01100,Active,2023-01-03 14:00:00
U-01102,User_U-01102,Active,2023-01-09 14:00:00
U-01104,User_U-01104,Active,2023-01-17 14:00:00
U-01106,User_U-01106,Active,2023-01-23 14:00:00
U-01107,User_U-01107,Active,2023-01-22 14:00:00
U-01108,User_U-01108,Active,2023-01-18 14:00:00
U-01109,User_U-01109,Active,2023-01-24 14:00:00
U-01111,User_U-01111,Active,2023-01-17 14:00:00
U-01113,User_U-01113,Active,2023-01-06 14:00:00
U-01114,User_U-01114,Active,2023-01-04 14:00:00
U-01115,User_U-01115,Active,2023-01-18 14:00:00
U-01117,User_U-01117,Active,2023-01-19 14:00:00
U-01123,User_U-01123,Active,2023-01-15 14:00:00
U-01124,User_U-01124,Active,2023-01-26 14:00:00
U-01126,User_U-01126,Active,2023-01-26 14:00:00
U-01127,User_U-01127,Active,2023-01-13 14:00:00
U-01133,User_U-01133,Active,2023-01-08 14:00:00
U-01140,User_U-01140,Active,2023-01-06 14:00:00
U-01141,User_U-01141,Active,2023-01-15 14:00:00
U-01143,User_U-01143,Active,2023-01-18 14:00:00
U-01146,User_U-01146,Active,2023-01-04 14:00:00
U-01147,User_U-01147,Active,2023-01-11 14:00:00
U-01148,User_U-01148,Active,2023-01-29 14:00:00
U-01149,User_U-01149,Active,2023-01-18 14:00:00
U-01150,User_U-01150,Active,2023-01-23 14:00:00
U-01151,User_U-01151,Active,2023-01-13 14:00:00
U-01152,User_U-01152,Active,2023-01-08 14:00:00
U-01153,User_U-01153,Active,2023-01-27 14:00:00
U-01156,User_U-01156,Active,2023-01-15 14:00:00
U-01157,User_U-01157,Active,2023-01-21 14:00:00
U-01158,User_U-01158,Active,2023-01-13 14:00:00
U-01159,User_U-01159,Active,2023-01-21 14:00:00
U-01160,User_U-01160,Active,2023-01-20 14:00:00
U-01161,User_U-01161,Active,2023-01-09 14:00:00
U-01163,User_U-01163,Active,2023-01-13 14:00:00
U-01164,User_U-01164,Active,2023-01-29 14:00:00
U-01165,User_U-01165,Active,2023-01-29 14:00:00
U-01166,User_U-01166,Active,2023-01-15 14:00:00
U-01168,User_U-01168,Active,2023-01-23 14:00:00
U-01169,User_U-01169,Active,2023-01-22 14:00:00
U-01171,User_U-01171,Active,2023-01-05 14:00:00
U-01172,User_U-01172,Active,2023-01-13 14:00:00
U-01173,User_U-01173,Active,2023-01-06 14:00:00
U-01174,User_U-01174,Active,2023-01-29 14:00:00
U-01175,User_U-01175,Active,2023-01-18 14:00:00
U-01176,User_U-01176,Active,2023-01-11 14:00:00
U-01177,User_U-01177,Active,2023-01-16 14:00:00
U-01179,User_U-01179,Active,2023-01-28 14:00:00
U-01180,User_U-01180,Active,2023-01-18 14:00:00
U-01181,User_U-01181,Active,2023-01-21 14:00:00
U-01182,User_U-01182,Active,2023-01-11 14:00:00
U-01183,User_U-01183,Active,2023-01-05 14:00:00
U-01184,User_U-01184,Active,2023-01-26 14:00:00
U-01185,User_U-01185,Active,2023-01-10 14:00:00
U-01189,User_U-01189,Active,2023-01-11 14:00:00
U-01191,User_U-01191,Active,2023-01-11 14:00:00
U-01194,User_U-01194,Active,2023-01-04 14:00:00
U-01195,User_U-01195,Active,2023-01-22 14:00:00
U-01197,User_U-01197,Active,2023-01-22 14:00:00
U-01198,User_U-01198,Active,2023-01-28 14:00:00
U-01200,User_U-01200,Active,2023-01-27 14:00:00
U-01202,User_U-01202,Active,2023-01-15 14:00:00
U-01203,User_U-01203,Active,2023-01-27 14:00:00
U-01211,User_U-01211,Active,2023-01-29 14:00:00
U-01212,User_U-01212,Active,2023-01-03 14:00:00
U-01221,User_U-01221,Active,2023-01-21 14:00:00
U-01222,User_U-01222,Active,2023-01-22 14:00:00
U-01223,User_U-01223,Active,2023-01-25 14:00:00
U-01224,User_U-01224,Active,2023-01-24 14:00:00
U-01225,User_U-01225,Active,2023-01-24 14:00:00
U-01226,User_U-01226,Active,2023-01-28 14:00:00
U-01227,User_U-01227,Active,2023-01-20 14:00:00
U-01230,User_U-01230,Active,2023-01-28 14:00:00
U-01231,User_U-01231,Active,2023-01-21 14:00:00
U-01232,User_U-01232,Active,2023-01-29 14:00:00
U-01234,User_U-01234,Active,2023-01-21 14:00:00
U-01238,User_U-01238,Active,2023-01-23 14:00:00
U-01239,User_U-01239,Active,2023-01-10 14:00:00
U-01240,User_U-01240,Active,2023-01-04 14:00:00
U-01241,User_U-01241,Active,2023-01-13 14:00:00
U-01245,User_U-01245,Active,2023-01-22 14:00:00
U-01247,User_U-01247,Active,2023-01-25 14:00:00
U-01251,User_U-01251,Active,2023-01-14 14:00:00
U-01252,User_U-01252,Active,2023-01-10 14:00:00
U-01253,User_U-01253,Active,2023-01-07 14:00:00
U-01254,User_U-01254,Active,2023-01-21 14:00:00
U-01255,User_U-01255,Active,2023-01-05 14:00:00
U-01258,User_U-01258,Active,2023-01-09 14:00:00
U-01259,User_U-01259,Active,2023-01-26 14:00:00
U-01260,User_U-01260,Active,2023-01-14 14:00:00
U-01261,User_U-01261,Active,2023-01-22 14:00:00
U-01265,User_U-01265,Active,2023-01-06 14:00:00
U-01266,User_U-01266,Active,2023-01-26 14:00:00
U-01267,User_U-01267,Active,2023-01-17 14:00:00
U-01268,User_U-01268,Active,2023-01-07 14:00:00
U-01269,User_U-01269,Active,2023-01-22 14:00:00
U-01273,User_U-01273,Active,2023-01-12 14:00:00
U-01274,User_U-01274,Active,2023-01-04 14:00:00
U-01277,User_U-01277,Active,2023-01-28 14:00:00
U-01279,User_U-01279,Active,2023-01-11 14:00:00
U-01281,User_U-01281,Active,2023-01-26 14:00:00
U-01282,User_U-01282,Active,2023-01-05 14:00:00
U-01285,User_U-01285,Active,2023-01-12 14:00:00
U-01287,User_U-01287,Active,2023-01-07 14:00:00
U-01288,User_U-01288,Active,2023-01-16 14:00:00
U-01292,User_U-01292,Active,2023-01-04 14:00:00
U-01293,User_U-01293,Active,2023-01-05 14:00:00
U-01296,User_U-01296,Active,2023-01-09 14:00:00
U-01298,User_U-01298,Active,2023-01-10 14:00:00
U-01301,User_U-01301,Active,2023-01-11 14:00:00
U-01304,User_U-01304,Active,2023-01-18 14:00:00
U-01305,User_U-01305,Active,2023-01-25 14:00:00
U-01306,User_U-01306,Active,2023-01-19 14:00:00
U-01307,User_U-01307,Active,2023-01-09 14:00:00
U-01309,User_U-01309,Active,2023-01-23 14:00:00
U-01311,User_U-01311,Active,2023-01-22 14:00:00
U-01313,User_U-01313,Active,2023-01-22 14:00:00
U-01316,User_U-01316,Active,2023-01-21 14:00:00
U-01319,User_U-01319,Active,2023-01-08 14:00:00
U-01320,User_U-01320,Active,2023-01-05 14:00:00
U-01321,User_U-01321,Active,2023-01-30 14:00:00
U-01323,User_U-01323,Active,2023-01-24 14:00:00
U-01324,User_U-01324,Active,2023-01-07 14:00:00
U-01325,User_U-01325,Active,2023-01-18 14:00:00
U-01329,User_U-01329,Active,2023-01-07 14:00:00
U-01330,User_U-01330,Active,2023-01-19 14:00:00
U-01331,User_U-01331,Active,2023-01-30 14:00:00
U-01334,User_U-01334,Active,2023-01-13 14:00:00
U-01335,User_U-01335,Active,2023-01-23 14:00:00
U-01338,User_U-01338,Active,2023-01-07 14:00:00
U-01342,User_U-01342,Active,2023-01-11 14:00:00
U-01344,User_U-01344,Active,2023-01-25 14:00:00
U-01345,User_U-01345,Active,2023-01-26 14:00:00
U-01347,User_U-01347,Active,2023-01-05 14:00:00
U-01350,User_U-01350,Active,2023-01-15 14:00:00
U-01352,User_U-01352,Active,2023-01-17 14:00:00
U-01353,User_U-01353,Active,2023-01-25 14:00:00
U-01354,User_U-01354,Active,2023-01-13 14:00:00
U-01355,User_U-01355,Active,2023-01-29 14:00:00
U-01359,User_U-01359,Active,2023-01-08 14:00:00
U-01360,User_U-01360,Active,2023-01-08 14:00:00
U-01363,User_U-01363,Active,2023-01-27 14:00:00
U-01364,User_U-01364,Active,2023-01-23 14:00:00
U-01365,User_U-01365,Active,2023-01-11 14:00:00
U-01366,User_U-01366,Active,2023-01-23 14:00:00
U-01367,User_U-01367,Active,2023-01-23 14:00:00
U-01369,User_U-01369,Active,2023-01-13 14:00:00
U-01370,User_U-01370,Active,2023-01-23 14:00:00
U-01371,User_U-01371,Active,2023-01-08 14:00:00
U-01375,User_U-01375,Active,2023-01-09 14:00:00
U-01379,User_U-01379,Active,2023-01-15 14:00:00
U-01381,User_U-01381,Active,2023-01-24 14:00:00
U-01382,User_U-01382,Active,2023-01-22 14:00:00
U-01383,User_U-01383,Active,2023-01-10 14:00:00
U-01384,User_U-01384,Active,2023-01-03 14:00:00
U-01385,User_U-01385,Active,2023-01-04 14:00:00
U-01388,User_U-01388,Active,2023-01-07 14:00:00
U-01389,User_U-01389,Active,2023-01-28 14:00:00
U-01390,User_U-01390,Active,2023-01-17 14:00:00
U-01391,User_U-01391,Active,2023-01-26 14:00:00
U-01393,User_U-01393,Active,2023-01-03 14:00:00
U-01395,User_U-01395,Active,2023-01-03 14:00:00
U-01398,User_U-01398,Active,2023-01-18 14:00:00
U-01402,User_U-01402,Active,2023-01-12 14:00:00
U-01403,User_U-01403,Active,2023-01-30 14:00:00
U-01405,User_U-01405,Active,2023-01-20 14:00:00
U-01407,User_U-01407,Active,2023-01-29 14:00:00
U-01410,User_U-01410,Active,2023-01-26 14:00:00
U-01411,User_U-01411,Active,2023-01-19 14:00:00
U-01412,User_U-01412,Active,2023-01-27 14:00:00
U-01414,User_U-01414,Active,2023-01-17 14:00:00
U-01415,User_U-01415,Active,2023-01-08 14:00:00
U-01416,User_U-01416,Active,2023-01-25 14:00:00
U-01417,User_U-01417,Active,2023-01-09 14:00:00
U-01418,User_U-01418,Active,2023-01-20 14:00:00
U-01419,User_U-01419,Active,2023-01-03 14:00:00
U-01422,User_U-01422,Active,2023-01-15 14:00:00
U-01423,User_U-01423,Active,2023-01-12 14:00:00
U-01424,User_U-01424,Active,2023-01-04 14:00:00
U-01426,User_U-01426,Active,2023-01-22 14:00:00
U-01427,User_U-01427,Active,2023-01-25 14:00:00
U-01429,User_U-01429,Active,2023-01-14 14:00:00
U-01430,User_U-01430,Active,2023-01-24 14:00:00
U-01432,User_U-01432,Active,2023-01-15 14:00:00
U-01434,User_U-01434,Active,2023-01-28 14:00:00
U-01435,User_U-01435,Active,2023-01-22 14:00:00
U-01436,User_U-01436,Active,2023-01-04 14:00:00
U-01437,User_U-01437,Active,2023-01-12 14:00:00
U-01438,User_U-01438,Active,2023-01-29 14:00:00
U-01439,User_U-01439,Active,2023-01-19 14:00:00
U-01441,User_U-01441,Active,2023-01-11 14:00:00
U-01443,User_U-01443,Active,2023-01-10 14:00:00
U-01444,User_U-01444,Active,2023-01-06 14:00:00
U-01445,User_U-01445,Active,2023-01-04 14:00:00
U-01446,User_U-01446,Active,2023-01-21 14:00:00
U-01447,User_U-01447,Active,2023-01-18 14:00:00
U-01448,User_U-01448,Active,2023-01-23 14:00:00
U-01449,User_U-01449,Active,2023-01-06 14:00:00
U-01452,User_U-01452,Active,2023-01-11 14:00:00
U-01455,User_U-01455,Active,2023-01-08 14:00:00
U-01456,User_U-01456,Active,2023-01-28 14:00:00
U-01457,User_U-01457,Active,2023-01-12 14:00:00
U-01461,User_U-01461,Active,2023-01-27 14:00:00
U-01464,User_U-01464,Active,2023-01-14 14:00:00
U-01465,User_U-01465,Active,2023-01-27 14:00:00
U-01466,User_U-01466,Active,2023-01-11 14:00:00
U-01467,User_U-01467,Active,2023-01-09 14:00:00
U-01470,User_U-01470,Active,2023-01-09 14:00:00
U-01472,User_U-01472,Active,2023-01-12 14:00:00
U-01475,User_U-01475,Active,2023-01-30 14:00:00
U-01476,User_U-01476,Active,2023-01-21 14:00:00
U-01477,User_U-01477,Active,2023-01-30 14:00:00
U-01478,User_U-01478,Active,2023-01-13 14:00:00
U-01480,User_U-01480,Active,2023-01-15 14:00:00
U-01481,User_U-01481,Active,2023-01-19 14:00:00
U-01483,User_U-01483,Active,2023-01-05 14:00:00
U-01485,User_U-01485,Active,2023-01-20 14:00:00
U-01487,User_U-01487,Active,2023-01-25 14:00:00
U-01488,User_U-01488,Active,2023-01-25 14:00:00
U-01490,User_U-01490,Active,2023-01-17 14:00:00
U-01491,User_U-01491,Active,2023-01-26 14:00:00
U-01492,User_U-01492,Active,2023-01-11 14:00:00
U-01493,User_U-01493,Active,2023-01-14 14:00:00
U-01496,User_U-01496,Active,2023-01-24 14:00:00
U-01497,User_U-01497,Active,2023-01-22 14:00:00
U-01501,User_U-01501,Active,2023-01-22 14:00:00
U-01506,User_U-01506,Active,2023-01-27 14:00:00
U-01507,User_U-01507,Active,2023-01-26 14:00:00
U-01509,User_U-01509,Active,2023-01-14 14:00:00
U-01511,User_U-01511,Active,2023-01-15 14:00:00
U-01513,User_U-01513,Active,2023-01-09 14:00:00
U-01517,User_U-01517,Active,2023-01-27 14:00:00
U-01520,User_U-01520,Active,2023-01-06 14:00:00
U-01521,User_U-01521,Active,2023-01-17 14:00:00
U-01523,User_U-01523,Active,2023-01-10 14:00:00
U-01524,User_U-01524,Active,2023-01-23 14:00:00
U-01526,User_U-01526,Active,2023-01-20 14:00:00
U-01529,User_U-01529,Active,2023-01-19 14:00:00
U-01531,User_U-01531,Active,2023-01-24 14:00:00
U-01532,User_U-01532,Active,2023-01-28 14:00:00
U-01536,User_U-01536,Active,2023-01-11 14:00:00
U-01537,User_U-01537,Active,2023-01-19 14:00:00
U-01539,User_U-01539,Active,2023-01-26 14:00:00
U-01541,User_U-01541,Active,2023-01-16 14:00:00
U-01542,User_U-01542,Active,2023-01-22 14:00:00
U-01544,User_U-01544,Active,2023-01-21 14:00:00
U-01546,User_U-01546,Active,2023-01-16 14:00:00
U-01548,User_U-01548,Active,2023-01-11 14:00:00
U-01549,User_U-01549,Active,2023-01-24 14:00:00
U-01550,User_U-01550,Active,2023-01-10 14:00:00
U-01551,User_U-01551,Active,2023-01-08 14:00:00
U-01552,User_U-01552,Active,2023-01-25 14:00:00
U-01553,User_U-01553,Active,2023-01-17 14:00:00
U-01554,User_U-01554,Active,2023-01-22 14:00:00
U-01556,User_U-01556,Active,2023-01-30 14:00:00
U-01557,User_U-01557,Active,2023-01-22 14:00:00
U-01559,User_U-01559,Active,2023-01-04 14:00:00
U-01562,User_U-01562,Active,2023-01-02 14:00:00
U-01563,User_U-01563,Active,2023-01-30 14:00:00
U-01566,User_U-01566,Active,2023-01-24 14:00:00
U-01569,User_U-01569,Active,2023-01-12 14:00:00
U-01570,User_U-01570,Active,2023-01-18 14:00:00
U-01572,User_U-01572,Active,2023-01-13 14:00:00
U-01574,User_U-01574,Active,2023-01-05 14:00:00
U-01576,User_U-01576,Active,2023-01-07 14:00:00
U-01577,User_U-01577,Active,2023-01-14 14:00:00
U-01578,User_U-01578,Active,2023-01-27 14:00:00
U-01580,User_U-01580,Active,2023-01-05 14:00:00
U-01581,User_U-01581,Active,2023-01-14 14:00:00
U-01582,User_U-01582,Active,2023-01-26 14:00:00
U-01585,User_U-01585,Active,2023-01-18 14:00:00
U-01586,User_U-01586,Active,2023-01-28 14:00:00
U-01588,User_U-01588,Active,2023-01-02 14:00:00
U-01589,User_U-01589,Active,2023-01-22 14:00:00
U-01590,User_U-01590,Active,2023-01-24 14:00:00
U-01591,User_U-01591,Active,2023-01-27 14:00:00
U-01594,User_U-01594,Active,2023-01-25 14:00:00
U-01595,User_U-01595,Active,2023-01-09 14:00:00
U-01597,User_U-01597,Active,2023-01-27 14:00:00
U-01599,User_U-01599,Active,2023-01-05 14:00:00
U-01600,User_U-01600,Active,2023-01-20 14:00:00
U-01602,User_U-01602,Active,2023-01-16 14:00:00
U-01607,User_U-01607,Active,2023-01-28 14:00:00
U-01608,User_U-01608,Active,2023-01-17 14:00:00
U-01610,User_U-01610,Active,2023-01-09 14:00:00
U-01611,User_U-01611,Active,2023-01-20 14:00:00
U-01612,User_U-01612,Active,2023-01-14 14:00:00
U-01613,User_U-01613,Active,2023-01-22 14:00:00
U-01615,User_U-01615,Active,2023-01-25 14:00:00
U-01619,User_U-01619,Active,2023-01-15 14:00:00
U-01621,User_U-01621,Active,2023-01-08 14:00:00
U-01622,User_U-01622,Active,2023-01-23 14:00:00
U-01623,User_U-01623,Active,2023-01-21 14:00:00
U-01628,User_U-01628,Active,2023-01-11 14:00:00
U-01629,User_U-01629,Active,2023-01-11 14:00:00
U-01632,User_U-01632,Active,2023-01-22 14:00:00
U-01633,User_U-01633,Active,2023-01-25 14:00:00
U-01635,User_U-01635,Active,2023-01-15 14:00:00
U-01638,User_U-01638,Active,2023-01-28 14:00:00
U-01640,User_U-01640,Active,2023-01-02 14:00:00
U-01642,User_U-01642,Active,2023-01-14 14:00:00
U-01643,User_U-01643,Active,2023-01-05 14:00:00
U-01645,User_U-01645,Active,2023-01-17 14:00:00
U-01646,User_U-01646,Active,2023-01-07 14:00:00
U-01649,User_U-01649,Active,2023-01-30 14:00:00
U-01652,User_U-01652,Active,2023-01-16 14:00:00
U-01657,User_U-01657,Active,2023-01-04 14:00:00
U-01659,User_U-01659,Active,2023-01-25 14:00:00
U-01661,User_U-01661,Active,2023-01-20 14:00:00
U-01665,User_U-01665,Active,2023-01-10 14:00:00
U-01666,User_U-01666,Active,2023-01-19 14:00:00
U-01667,User_U-01667,Active,2023-01-16 14:00:00
U-01668,User_U-01668,Active,2023-01-15 14:00:00
U-01671,User_U-01671,Active,2023-01-25 14:00:00
U-01673,User_U-01673,Active,2023-01-07 14:00:00
U-01675,User_U-01675,Active,2023-01-02 14:00:00
U-01676,User_U-01676,Active,2023-01-02 14:00:00
U-01680,User_U-01680,Active,2023-01-23 14:00:00
U-01681,User_U-01681,Active,2023-01-17 14:00:00
U-01682,User_U-01682,Active,2023-01-21 14:00:00
U-01683,User_U-01683,Active,2023-01-12 14:00:00
U-01684,User_U-01684,Active,2023-01-09 14:00:00
U-01685,User_U-01685,Active,2023-01-04 14:00:00
U-01690,User_U-01690,Active,2023-01-05 14:00:00
U-01692,User_U-01692,Active,2023-01-25 14:00:00
U-01694,User_U-01694,Active,2023-01-14 14:00:00
U-01695,User_U-01695,Active,2023-01-22 14:00:00
U-01700,User_U-01700,Active,2023-01-05 14:00:00
U-01701,User_U-01701,Active,2023-01-08 14:00:00
U-01702,User_U-01702,Active,2023-01-08 14:00:00
U-01703,User_U-01703,Active,2023-01-23 14:00:00
U-01706,User_U-01706,Active,2023-01-26 14:00:00
U-01707,User_U-01707,Active,2023-01-02 14:00:00
U-01710,User_U-01710,Active,2023-01-02 14:00:00
U-01712,User_U-01712,Active,2023-01-30 14:00:00
U-01713,User_U-01713,Active,2023-01-08 14:00:00
U-01714,User_U-01714,Active,2023-01-10 14:00:00
U-01717,User_U-01717,Active,2023-01-08 14:00:00
U-01718,User_U-01718,Active,2023-01-12 14:00:00
U-01720,User_U-01720,Active,2023-01-07 14:00:00
U-01722,User_U-01722,Active,2023-01-21 14:00:00
U-01723,User_U-01723,Active,2023-01-29 14:00:00
U-01726,User_U-01726,Active,2023-01-30 14:00:00
U-01728,User_U-01728,Active,2023-01-06 14:00:00
U-01730,User_U-01730,Active,2023-01-25 14:00:00
U-01733,User_U-01733,Active,2023-01-19 14:00:00
U-01734,User_U-01734,Active,2023-01-03 14:00:00
U-01737,User_U-01737,Active,2023-01-16 14:00:00
U-01738,User_U-01738,Active,2023-01-09 14:00:00
U-01740,User_U-01740,Active,2023-01-27 14:00:00
U-01742,User_U-01742,Active,2023-01-28 14:00:00
U-01743,User_U-01743,Active,2023-01-08 14:00:00
U-01746,User_U-01746,Active,2023-01-02 14:00:00
U-01750,User_U-01750,Active,2023-01-24 14:00:00
U-01753,User_U-01753,Active,2023-01-15 14:00:00
U-01755,User_U-01755,Active,2023-01-25 14:00:00
U-01758,User_U-01758,Active,2023-01-02 14:00:00
U-01759,User_U-01759,Active,2023-01-17 14:00:00
U-01762,User_U-01762,Active,2023-01-03 14:00:00
U-01765,User_U-01765,Active,2023-01-23 14:00:00
U-01766,User_U-01766,Active,2023-01-28 14:00:00
U-01767,User_U-01767,Active,2023-01-29 14:00:00
U-01769,User_U-01769,Active,2023-01-21 14:00:00
U-01770,User_U-01770,Active,2023-01-16 14:00:00
U-01771,User_U-01771,Active,2023-01-07 14:00:00
U-01773,User_U-01773,Active,2023-01-30 14:00:00
U-01774,User_U-01774,Active,2023-01-03 14:00:00
U-01776,User_U-01776,Active,2023-01-16 14:00:00
U-01777,User_U-01777,Active,2023-01-09 14:00:00
U-01780,User_U-01780,Active,2023-01-27 14:00:00
U-01783,User_U-01783,Active,2023-01-13 14:00:00
U-01784,User_U-01784,Active,2023-01-08 14:00:00
U-01785,User_U-01785,Active,2023-01-17 14:00:00
U-01788,User_U-01788,Active,2023-01-15 14:00:00
U-01789,User_U-01789,Active,2023-01-09 14:00:00
U-01790,User_U-01790,Active,2023-01-06 14:00:00
U-01794,User_U-01794,Active,2023-01-07 14:00:00
U-01795,User_U-01795,Active,2023-01-27 14:00:00
U-01799,User_U-01799,Active,2023-01-11 14:00:00
U-01800,User_U-01800,Active,2023-01-09 14:00:00
U-01801,User_U-01801,Active,2023-01-08 14:00:00
U-01803,User_U-01803,Active,2023-01-30 14:00:00
U-01805,User_U-01805,Active,2023-01-25 14:00:00
U-01807,User_U-01807,Active,2023-01-16 14:00:00
U-01809,User_U-01809,Active,2023-01-18 14:00:00
U-01810,User_U-01810,Active,2023-01-16 14:00:00
U-01811,User_U-01811,Active,2023-01-18 14:00:00
U-01812,User_U-01812,Active,2023-01-28 14:00:00
U-01813,User_U-01813,Active,2023-01-25 14:00:00
U-01815,User_U-01815,Active,2023-01-29 14:00:00
U-01816,User_U-01816,Active,2023-01-09 14:00:00
U-01817,User_U-01817,Active,2023-01-10 14:00:00
U-01819,User_U-01819,Active,2023-01-26 14:00:00
U-01821,User_U-01821,Active,2023-01-23 14:00:00
U-01823,User_U-01823,Active,2023-01-15 14:00:00
U-01824,User_U-01824,Active,2023-01-17 14:00:00
U-01826,User_U-01826,Active,2023-01-28 14:00:00
U-01827,User_U-01827,Active,2023-01-02 14:00:00
U-01828,User_U-01828,Active,2023-01-04 14:00:00
U-01829,User_U-01829,Active,2023-01-17 14:00:00
U-01831,User_U-01831,Active,2023-01-16 14:00:00
U-01832,User_U-01832,Active,2023-01-05 14:00:00
U-01834,User_U-01834,Active,2023-01-17 14:00:00
U-01836,User_U-01836,Active,2023-01-28 14:00:00
U-01837,User_U-01837,Active,2023-01-26 14:00:00
U-01838,User_U-01838,Active,2023-01-09 14:00:00
U-01841,User_U-01841,Active,2023-01-08 14:00:00
U-01842,User_U-01842,Active,2023-01-09 14:00:00
U-01846,User_U-01846,Active,2023-01-19 14:00:00
U-01847,User_U-01847,Active,2023-01-30 14:00:00
U-01848,User_U-01848,Active,2023-01-27 14:00:00
U-01849,User_U-01849,Active,2023-01-16 14:00:00
U-01850,User_U-01850,Active,2023-01-02 14:00:00
U-01852,User_U-01852,Active,2023-01-23 14:00:00
U-01853,User_U-01853,Active,2023-01-12 14:00:00
U-01855,User_U-01855,Active,2023-01-12 14:00:00
U-01856,User_U-01856,Active,2023-01-27 14:00:00
U-01857,User_U-01857,Active,2023-01-07 14:00:00
U-01858,User_U-01858,Active,2023-01-24 14:00:00
U-01859,User_U-01859,Active,2023-01-24 14:00:00
U-01860,User_U-01860,Active,2023-01-15 14:00:00
U-01862,User_U-01862,Active,2023-01-02 14:00:00
U-01865,User_U-01865,Active,2023-01-20 14:00:00
U-01869,User_U-01869,Active,2023-01-27 14:00:00
U-01870,User_U-01870,Active,2023-01-09 14:00:00
U-01871,User_U-01871,Active,2023-01-02 14:00:00
U-01876,User_U-01876,Active,2023-01-22 14:00:00
U-01877,User_U-01877,Active,2023-01-04 14:00:00
U-01878,User_U-01878,Active,2023-01-15 14:00:00
U-01880,User_U-01880,Active,2023-01-22 14:00:00
U-01881,User_U-01881,Active,2023-01-17 14:00:00
U-01882,User_U-01882,Active,2023-01-28 14:00:00
U-01885,User_U-01885,Active,2023-01-09 14:00:00
U-01886,User_U-01886,Active,2023-01-19 14:00:00
U-01889,User_U-01889,Active,2023-01-23 14:00:00
U-01893,User_U-01893,Active,2023-01-05 14:00:00
U-01895,User_U-01895,Active,2023-01-27 14:00:00
U-01896,User_U-01896,Active,2023-01-15 14:00:00
U-01897,User_U-01897,Active,2023-01-26 14:00:00
U-01898,User_U-01898,Active,2023-01-25 14:00:00
U-01901,User_U-01901,Active,2023-01-29 14:00:00
U-01902,User_U-01902,Active,2023-01-03 14:00:00
U-01906,User_U-01906,Active,2023-01-05 14:00:00
U-01907,User_U-01907,Active,2023-01-14 14:00:00
U-01909,User_U-01909,Active,2023-01-22 14:00:00
U-01911,User_U-01911,Active,2023-01-12 14:00:00
U-01912,User_U-01912,Active,2023-01-04 14:00:00
U-01914,User_U-01914,Active,2023-01-16 14:00:00
U-01915,User_U-01915,Active,2023-01-02 14:00:00
U-01916,User_U-01916,Active,2023-01-29 14:00:00
U-01917,User_U-01917,Active,2023-01-28 14:00:00
U-01918,User_U-01918,Active,2023-01-09 14:00:00
U-01923,User_U-01923,Active,2023-01-30 14:00:00
U-01924,User_U-01924,Active,2023-01-30 14:00:00
U-01927,User_U-01927,Active,2023-01-05 14:00:00
U-01928,User_U-01928,Active,2023-01-23 14:00:00
U-01930,User_U-01930,Active,2023-01-04 14:00:00
U-01931,User_U-01931,Active,2023-01-06 14:00:00
U-01935,User_U-01935,Active,2023-01-18 14:00:00
U-01936,User_U-01936,Active,2023-01-26 14:00:00
U-01937,User_U-01937,Active,2023-01-22 14:00:00
U-01938,User_U-01938,Active,2023-01-20 14:00:00
U-01939,User_U-01939,Active,2023-01-28 14:00:00
U-01941,User_U-01941,Active,2023-01-19 14:00:00
U-01942,User_U-01942,Active,2023-01-21 14:00:00
U-01944,User_U-01944,Active,2023-01-08 14:00:00
U-01945,User_U-01945,Active,2023-01-21 14:00:00
U-01946,User_U-01946,Active,2023-01-13 14:00:00
U-01947,User_U-01947,Active,2023-01-29 14:00:00
U-01948,User_U-01948,Active,2023-01-11 14:00:00
U-01950,User_U-01950,Active,2023-01-26 14:00:00
U-01951,User_U-01951,Active,2023-01-17 14:00:00
U-01953,User_U-01953,Active,2023-01-24 14:00:00
U-01954,User_U-01954,Active,2023-01-15 14:00:00
U-01957,User_U-01957,Active,2023-01-21 14:00:00
U-01959,User_U-01959,Active,2023-01-20 14:00:00
U-01960,User_U-01960,Active,2023-01-26 14:00:00
U-01961,User_U-01961,Active,2023-01-14 14:00:00
U-01962,User_U-01962,Active,2023-01-27 14:00:00
U-01963,User_U-01963,Active,2023-01-15 14:00:00
U-01964,User_U-01964,Active,2023-01-03 14:00:00
U-01970,User_U-01970,Active,2023-01-21 14:00:00
U-01975,User_U-01975,Active,2023-01-26 14:00:00
U-01976,User_U-01976,Active,2023-01-22 14:00:00
U-01981,User_U-01981,Active,2023-01-16 14:00:00
U-01983,User_U-01983,Active,2023-01-09 14:00:00
U-01984,User_U-01984,Active,2023-01-28 14:00:00
U-01986,User_U-01986,Active,2023-01-08 14:00:00
U-01990,User_U-01990,Active,2023-01-05 14:00:00
U-01991,User_U-01991,Active,2023-01-16 14:00:00
U-01992,User_U-01992,Active,2023-01-07 14:00:00
U-01996,User_U-01996,Active,2023-01-25 14:00:00
U-01997,User_U-01997,Active,2023-01-07 14:00:00
U-01998,User_U-01998,Active,2023-01-15 14:00:00
U-01999,User_U-01999,Active,2023-01-29 14:00:00
U-02000,User_U-02000,Active,2023-01-15 14:00:00
U-02001,User_U-02001,Active,2023-01-10 14:00:00
U-02004,User_U-02004,Active,2023-01-10 14:00:00
U-02005,User_U-02005,Active,2023-01-14 14:00:00
U-02006,User_U-02006,Active,2023-01-14 14:00:00
U-02009,User_U-02009,Active,2023-01-02 14:00:00
U-02010,User_U-02010,Active,2023-01-23 14:00:00
U-02013,User_U-02013,Active,2023-01-30 14:00:00
U-02014,User_U-02014,Active,2023-01-18 14:00:00
U-02017,User_U-02017,Active,2023-01-30 14:00:00
U-02018,User_U-02018,Active,2023-01-08 14:00:00
U-02019,User_U-02019,Active,2023-01-16 14:00:00
U-02020,User_U-02020,Active,2023-01-23 14:00:00
U-02021,User_U-02021,Active,2023-01-23 14:00:00
U-02022,User_U-02022,Active,2023-01-18 14:00:00
U-02023,User_U-02023,Active,2023-01-22 14:00:00
U-02024,User_U-02024,Active,2023-01-06 14:00:00
U-02025,User_U-02025,Active,2023-01-17 14:00:00
U-02026,User_U-02026,Active,2023-01-09 14:00:00
U-02027,User_U-02027,Active,2023-01-13 14:00:00
U-02029,User_U-02029,Active,2023-01-25 14:00:00
U-02030,User_U-02030,Active,2023-01-12 14:00:00
U-02031,User_U-02031,Active,2023-01-27 14:00:00
U-02033,User_U-02033,Active,2023-01-07 14:00:00
U-02034,User_U-02034,Active,2023-01-18 14:00:00
U-02035,User_U-02035,Active,2023-01-07 14:00:00
U-02036,User_U-02036,Active,2023-01-24 14:00:00
U-02040,User_U-02040,Active,2023-01-13 14:00:00
U-02042,User_U-02042,Active,2023-01-27 14:00:00
U-02043,User_U-02043,Active,2023-01-14 14:00:00
U-02046,User_U-02046,Active,2023-01-07 14:00:00
U-02047,User_U-02047,Active,2023-01-21 14:00:00
U-02050,User_U-02050,Active,2023-01-28 14:00:00
U-02051,User_U-02051,Active,2023-01-18 14:00:00
U-02053,User_U-02053,Active,2023-01-07 14:00:00
U-02054,User_U-02054,Active,2023-01-30 14:00:00
U-02055,User_U-02055,Active,2023-01-06 14:00:00
U-02057,User_U-02057,Active,2023-01-11 14:00:00
U-02058,User_U-02058,Active,2023-01-10 14:00:00
U-02059,User_U-02059,Active,2023-01-21 14:00:00
U-02063,User_U-02063,Active,2023-01-13 14:00:00
U-02064,User_U-02064,Active,2023-01-14 14:00:00
U-02065,User_U-02065,Active,2023-01-08 14:00:00
U-02066,User_U-02066,Active,2023-01-24 14:00:00
U-02067,User_U-02067,Active,2023-01-11 14:00:00
U-02068,User_U-02068,Active,2023-01-13 14:00:00
U-02069,User_U-02069,Active,2023-01-29 14:00:00
U-02070,User_U-02070,Active,2023-01-14 14:00:00
U-02071,User_U-02071,Active,2023-01-03 14:00:00
U-02073,User_U-02073,Active,2023-01-07 14:00:00
U-02074,User_U-02074,Active,2023-01-19 14:00:00
U-02076,User_U-02076,Active,2023-01-14 14:00:00
U-02078,User_U-02078,Active,2023-01-17 14:00:00
U-02085,User_U-02085,Active,2023-01-05 14:00:00
U-02087,User_U-02087,Active,2023-01-19 14:00:00
U-02088,User_U-02088,Active,2023-01-03 14:00:00
U-02089,User_U-02089,Active,2023-01-25 14:00:00
U-02091,User_U-02091,Active,2023-01-02 14:00:00
U-02094,User_U-02094,Active,2023-01-11 14:00:00
U-02096,User_U-02096,Active,2023-01-07 14:00:00
U-02097,User_U-02097,Active,2023-01-09 14:00:00
U-02099,User_U-02099,Active,2023-01-04 14:00:00
U-02100,User_U-02100,Active,2023-01-12 14:00:00
U-02101,User_U-02101,Active,2023-01-27 14:00:00
U-02104,User_U-02104,Active,2023-01-20 14:00:00
U-02106,User_U-02106,Active,2023-01-30 14:00:00
U-02110,User_U-02110,Active,2023-01-29 14:00:00
U-02111,User_U-02111,Active,2023-01-09 14:00:00
U-02112,User_U-02112,Active,2023-01-20 14:00:00
U-02114,User_U-02114,Active,2023-01-08 14:00:00
U-02116,User_U-02116,Active,2023-01-06 14:00:00
U-02118,User_U-02118,Active,2023-01-25 14:00:00
U-02121,User_U-02121,Active,2023-01-22 14:00:00
U-02122,User_U-02122,Active,2023-01-19 14:00:00
U-02123,User_U-02123,Active,2023-01-23 14:00:00
U-02126,User_U-02126,Active,2023-01-07 14:00:00
U-02127,User_U-02127,Active,2023-01-05 14:00:00
U-02128,User_U-02128,Active,2023-01-08 14:00:00
U-02130,User_U-02130,Active,2023-01-25 14:00:00
U-02133,User_U-02133,Active,2023-01-06 14:00:00
U-02134,User_U-02134,Active,2023-01-17 14:00:00
U-02135,User_U-02135,Active,2023-01-15 14:00:00
U-02137,User_U-02137,Active,2023-01-18 14:00:00
U-02139,User_U-02139,Active,2023-01-24 14:00:00
U-02142,User_U-02142,Active,2023-01-14 14:00:00
U-02145,User_U-02145,Active,2023-01-18 14:00:00
U-02148,User_U-02148,Active,2023-01-05 14:00:00
U-02149,User_U-02149,Active,2023-01-17 14:00:00
U-02151,User_U-02151,Active,2023-01-13 14:00:00
U-02153,User_U-02153,Active,2023-01-22 14:00:00
U-02155,User_U-02155,Active,2023-01-25 14:00:00
U-02156,User_U-02156,Active,2023-01-13 14:00:00
U-02159,User_U-02159,Active,2023-01-02 14:00:00
U-02160,User_U-02160,Active,2023-01-06 14:00:00
U-02161,User_U-02161,Active,2023-01-10 14:00:00
U-02164,User_U-02164,Active,2023-01-10 14:00:00
U-02165,User_U-02165,Active,2023-01-20 14:00:00
U-02166,User_U-02166,Active,2023-01-26 14:00:00
U-02167,User_U-02167,Active,2023-01-20 14:00:00
U-02168,User_U-02168,Active,2023-01-03 14:00:00
U-02170,User_U-02170,Active,2023-01-04 14:00:00
U-02174,User_U-02174,Active,2023-01-07 14:00:00
U-02177,User_U-02177,Active,2023-01-09 14:00:00
U-02178,User_U-02178,Active,2023-01-24 14:00:00
U-02180,User_U-02180,Active,2023-01-26 14:00:00
U-02181,User_U-02181,Active,2023-01-27 14:00:00
U-02184,User_U-02184,Active,2023-01-22 14:00:00
U-02187,User_U-02187,Active,2023-01-14 14:00:00
U-02189,User_U-02189,Active,2023-01-18 14:00:00
U-02190,User_U-02190,Active,2023-01-24 14:00:00
U-02192,User_U-02192,Active,2023-01-19 14:00:00
U-02193,User_U-02193,Active,2023-01-02 14:00:00
U-02197,User_U-02197,Active,2023-01-08 14:00:00
U-02198,User_U-02198,Active,2023-01-03 14:00:00
U-02199,User_U-02199,Active,2023-01-30 14:00:00
U-02200,User_U-02200,Active,2023-01-25 14:00:00
U-02202,User_U-02202,Active,2023-01-28 14:00:00
U-02203,User_U-02203,Active,2023-01-22 14:00:00
U-02208,User_U-02208,Active,2023-01-24 14:00:00
U-02210,User_U-02210,Active,2023-01-25 14:00:00
U-02211,User_U-02211,Active,2023-01-19 14:00:00
U-02212,User_U-02212,Active,2023-01-19 14:00:00
U-02213,User_U-02213,Active,2023-01-13 14:00:00
U-02216,User_U-02216,Active,2023-01-30 14:00:00
U-02217,User_U-02217,Active,2023-01-21 14:00:00
U-02218,User_U-02218,Active,2023-01-30 14:00:00
U-02219,User_U-02219,Active,2023-01-21 14:00:00
U-02224,User_U-02224,Active,2023-01-03 14:00:00
U-02225,User_U-02225,Active,2023-01-23 14:00:00
U-02226,User_U-02226,Active,2023-01-16 14:00:00
U-02227,User_U-02227,Active,2023-01-04 14:00:00
U-02228,User_U-02228,Active,2023-01-10 14:00:00
U-02229,User_U-02229,Active,2023-01-07 14:00:00
U-02236,User_U-02236,Active,2023-01-29 14:00:00
U-02240,User_U-02240,Active,2023-01-25 14:00:00
U-02242,User_U-02242,Active,2023-01-14 14:00:00
U-02244,User_U-02244,Active,2023-01-16 14:00:00
U-02245,User_U-02245,Active,2023-01-21 14:00:00
U-02246,User_U-02246,Active,2023-01-06 14:00:00
U-02247,User_U-02247,Active,2023-01-19 14:00:00
U-02248,User_U-02248,Active,2023-01-08 14:00:00
U-02249,User_U-02249,Active,2023-01-22 14:00:00
U-02250,User_U-02250,Active,2023-01-22 14:00:00
U-02252,User_U-02252,Active,2023-01-05 14:00:00
U-02253,User_U-02253,Active,2023-01-20 14:00:00
U-02256,User_U-02256,Active,2023-01-19 14:00:00
U-02259,User_U-02259,Active,2023-01-14 14:00:00
U-02260,User_U-02260,Active,2023-01-14 14:00:00
U-02261,User_U-02261,Active,2023-01-22 14:00:00
U-02262,User_U-02262,Active,2023-01-29 14:00:00
U-02265,User_U-02265,Active,2023-01-05 14:00:00
U-02266,User_U-02266,Active,2023-01-07 14:00:00
U-02270,User_U-02270,Active,2023-01-20 14:00:00
U-02271,User_U-02271,Active,2023-01-06 14:00:00
U-02275,User_U-02275,Active,2023-01-13 14:00:00
U-02277,User_U-02277,Active,2023-01-29 14:00:00
U-02278,User_U-02278,Active,2023-01-03 14:00:00
U-02279,User_U-02279,Active,2023-01-02 14:00:00
U-02280,User_U-02280,Active,2023-01-30 14:00:00
U-02282,User_U-02282,Active,2023-01-27 14:00:00
U-02283,User_U-02283,Active,2023-01-21 14:00:00
U-02285,User_U-02285,Active,2023-01-30 14:00:00
U-02286,User_U-02286,Active,2023-01-28 14:00:00
U-02287,User_U-02287,Active,2023-01-25 14:00:00
U-02288,User_U-02288,Active,2023-01-02 14:00:00
U-02289,User_U-02289,Active,2023-01-20 14:00:00
U-02291,User_U-02291,Active,2023-01-26 14:00:00
U-02294,User_U-02294,Active,2023-01-02 14:00:00
U-02300,User_U-02300,Active,2023-01-30 14:00:00
U-02301,User_U-02301,Active,2023-01-16 14:00:00
U-02302,User_U-02302,Active,2023-01-29 14:00:00
U-02303,User_U-02303,Active,2023-01-03 14:00:00
U-02304,User_U-02304,Active,2023-01-02 14:00:00
U-02305,User_U-02305,Active,2023-01-18 14:00:00
U-02306,User_U-02306,Active,2023-01-03 14:00:00
U-02309,User_U-02309,Active,2023-01-25 14:00:00
U-02310,User_U-02310,Active,2023-01-25 14:00:00
U-02311,User_U-02311,Active,2023-01-26 14:00:00
U-02313,User_U-02313,Active,2023-01-17 14:00:00
U-02315,User_U-02315,Active,2023-01-24 14:00:00
U-02317,User_U-02317,Active,2023-01-19 14:00:00
U-02318,User_U-02318,Active,2023-01-03 14:00:00
U-02319,User_U-02319,Active,2023-01-18 14:00:00
U-02320,User_U-02320,Active,2023-01-27 14:00:00
U-02323,User_U-02323,Active,2023-01-29 14:00:00
U-02326,User_U-02326,Active,2023-01-04 14:00:00
U-02328,User_U-02328,Active,2023-01-03 14:00:00
U-02330,User_U-02330,Active,2023-01-16 14:00:00
U-02331,User_U-02331,Active,2023-01-28 14:00:00
U-02333,User_U-02333,Active,2023-01-05 14:00:00
U-02334,User_U-02334,Active,2023-01-21 14:00:00
U-02335,User_U-02335,Active,2023-01-04 14:00:00
U-02337,User_U-02337,Active,2023-01-15 14:00:00
U-02338,User_U-02338,Active,2023-01-17 14:00:00
U-02340,User_U-02340,Active,2023-01-15 14:00:00
U-02341,User_U-02341,Active,2023-01-13 14:00:00
U-02343,User_U-02343,Active,2023-01-19 14:00:00
U-02344,User_U-02344,Active,2023-01-22 14:00:00
U-02346,User_U-02346,Active,2023-01-14 14:00:00
U-02347,User_U-02347,Active,2023-01-23 14:00:00
U-02348,User_U-02348,Active,2023-01-10 14:00:00
U-02349,User_U-02349,Active,2023-01-18 14:00:00
U-02350,User_U-02350,Active,2023-01-14 14:00:00
U-02352,User_U-02352,Active,2023-01-17 14:00:00
U-02353,User_U-02353,Active,2023-01-22 14:00:00
U-02355,User_U-02355,Active,2023-01-08 14:00:00
U-02359,User_U-02359,Active,2023-01-14 14:00:00
U-02360,User_U-02360,Active,2023-01-07 14:00:00
U-02364,User_U-02364,Active,2023-01-20 14:00:00
U-02365,User_U-02365,Active,2023-01-19 14:00:00
U-02366,User_U-02366,Active,2023-01-16 14:00:00
U-02367,User_U-02367,Active,2023-01-08 14:00:00
U-02371,User_U-02371,Active,2023-01-18 14:00:00
U-02373,User_U-02373,Active,2023-01-11 14:00:00
U-02374,User_U-02374,Active,2023-01-02 14:00:00
U-02375,User_U-02375,Active,2023-01-14 14:00:00
U-02376,User_U-02376,Active,2023-01-19 14:00:00
U-02377,User_U-02377,Active,2023-01-05 14:00:00
U-02379,User_U-02379,Active,2023-01-20 14:00:00
U-02380,User_U-02380,Active,2023-01-04 14:00:00
U-02382,User_U-02382,Active,2023-01-29 14:00:00
U-02384,User_U-02384,Active,2023-01-27 14:00:00
U-02385,User_U-02385,Active,2023-01-12 14:00:00
U-02387,User_U-02387,Active,2023-01-22 14:00:00
U-02388,User_U-02388,Active,2023-01-19 14:00:00
U-02393,User_U-02393,Active,2023-01-05 14:00:00
U-02394,User_U-02394,Active,2023-01-30 14:00:00
U-02395,User_U-02395,Active,2023-01-04 14:00:00
U-02396,User_U-02396,Active,2023-01-02 14:00:00
U-02398,User_U-02398,Active,2023-01-19 14:00:00
U-02400,User_U-02400,Active,2023-01-09 14:00:00
U-02403,User_U-02403,Active,2023-01-17 14:00:00
U-02405,User_U-02405,Active,2023-01-23 14:00:00
U-02406,User_U-02406,Active,2023-01-24 14:00:00
U-02409,User_U-02409,Active,2023-01-12 14:00:00
U-02410,User_U-02410,Active,2023-01-24 14:00:00
U-02412,User_U-02412,Active,2023-01-07 14:00:00
U-02415,User_U-02415,Active,2023-01-21 14:00:00
U-02416,User_U-02416,Active,2023-01-04 14:00:00
U-02417,User_U-02417,Active,2023-01-13 14:00:00
U-02418,User_U-02418,Active,2023-01-02 14:00:00
U-02419,User_U-02419,Active,2023-01-18 14:00:00
U-02420,User_U-02420,Active,2023-01-22 14:00:00
U-02422,User_U-02422,Active,2023-01-06 14:00:00
U-02425,User_U-02425,Active,2023-01-09 14:00:00
U-02426,User_U-02426,Active,2023-01-09 14:00:00
U-02429,User_U-02429,Active,2023-01-05 14:00:00
U-02431,User_U-02431,Active,2023-01-28 14:00:00
U-02432,User_U-02432,Active,2023-01-03 14:00:00
U-02433,User_U-02433,Active,2023-01-14 14:00:00
U-02434,User_U-02434,Active,2023-01-02 14:00:00
U-02439,User_U-02439,Active,2023-01-14 14:00:00
U-02440,User_U-02440,Active,2023-01-15 14:00:00
U-02443,User_U-02443,Active,2023-01-24 14:00:00
U-02444,User_U-02444,Active,2023-01-22 14:00:00
U-02446,User_U-02446,Active,2023-01-23 14:00:00
U-02448,User_U-02448,Active,2023-01-05 14:00:00
U-02449,User_U-02449,Active,2023-01-15 14:00:00
U-02450,User_U-02450,Active,2023-01-15 14:00:00
U-02453,User_U-02453,Active,2023-01-29 14:00:00
U-02455,User_U-02455,Active,2023-01-30 14:00:00
U-02456,User_U-02456,Active,2023-01-25 14:00:00
U-02457,User_U-02457,Active,2023-01-13 14:00:00
U-02458,User_U-02458,Active,2023-01-27 14:00:00
U-02462,User_U-02462,Active,2023-01-14 14:00:00
U-02463,User_U-02463,Active,2023-01-06 14:00:00
U-02464,User_U-02464,Active,2023-01-26 14:00:00
U-02466,User_U-02466,Active,2023-01-09 14:00:00
U-02468,User_U-02468,Active,2023-01-19 14:00:00
U-02470,User_U-02470,Active,2023-01-21 14:00:00
U-02471,User_U-02471,Active,2023-01-14 14:00:00
U-02473,User_U-02473,Active,2023-01-23 14:00:00
U-02475,User_U-02475,Active,2023-01-16 14:00:00
U-02479,User_U-02479,Active,2023-01-27 14:00:00
U-02480,User_U-02480,Active,2023-01-20 14:00:00
U-02482,User_U-02482,Active,2023-01-06 14:00:00
U-02483,User_U-02483,Active,2023-01-11 14:00:00
U-02486,User_U-02486,Active,2023-01-04 14:00:00
U-02488,User_U-02488,Active,2023-01-19 14:00:00
U-02489,User_U-02489,Active,2023-01-28 14:00:00
U-02490,User_U-02490,Active,2023-01-28 14:00:00
U-02492,User_U-02492,Active,2023-01-27 14:00:00
U-02496,User_U-02496,Active,2023-01-21 14:00:00
U-02497,User_U-02497,Active,2023-01-08 14:00:00
U-02498,User_U-02498,Active,2023-01-05 14:00:00
U-02504,User_U-02504,Active,2023-01-28 14:00:00
U-02505,User_U-02505,Active,2023-01-21 14:00:00
U-02506,User_U-02506,Active,2023-01-14 14:00:00
U-02507,User_U-02507,Active,2023-01-19 14:00:00
U-02508,User_U-02508,Active,2023-01-19 14:00:00
U-02509,User_U-02509,Active,2023-01-24 14:00:00
U-02510,User_U-02510,Active,2023-01-07 14:00:00
U-02511,User_U-02511,Active,2023-01-12 14:00:00
U-02512,User_U-02512,Active,2023-01-10 14:00:00
U-02513,User_U-02513,Active,2023-01-22 14:00:00
U-02517,User_U-02517,Active,2023-01-08 14:00:00
U-02518,User_U-02518,Active,2023-01-27 14:00:00
U-02520,User_U-02520,Active,2023-01-04 14:00:00
U-02521,User_U-02521,Active,2023-01-10 14:00:00
U-02522,User_U-02522,Active,2023-01-06 14:00:00
U-02524,User_U-02524,Active,2023-01-13 14:00:00
U-02525,User_U-02525,Active,2023-01-16 14:00:00
U-02526,User_U-02526,Active,2023-01-13 14:00:00
U-02527,User_U-02527,Active,2023-01-28 14:00:00
U-02528,User_U-02528,Active,2023-01-28 14:00:00
U-02531,User_U-02531,Active,2023-01-14 14:00:00
U-02536,User_U-02536,Active,2023-01-20 14:00:00
U-02538,User_U-02538,Active,2023-01-10 14:00:00
U-02539,User_U-02539,Active,2023-01-03 14:00:00
U-02541,User_U-02541,Active,2023-01-05 14:00:00
U-02542,User_U-02542,Active,2023-01-20 14:00:00
U-02546,User_U-02546,Active,2023-01-07 14:00:00
U-02547,User_U-02547,Active,2023-01-16 14:00:00
U-02548,User_U-02548,Active,2023-01-02 14:00:00
U-02549,User_U-02549,Active,2023-01-19 14:00:00
U-02551,User_U-02551,Active,2023-01-04 14:00:00
U-02552,User_U-02552,Active,2023-01-04 14:00:00
U-02555,User_U-02555,Active,2023-01-08 14:00:00
U-02556,User_U-02556,Active,2023-01-03 14:00:00
U-02557,User_U-02557,Active,2023-01-09 14:00:00
U-02560,User_U-02560,Active,2023-01-16 14:00:00
U-02561,User_U-02561,Active,2023-01-26 14:00:00
U-02562,User_U-02562,Active,2023-01-12 14:00:00
U-02565,User_U-02565,Active,2023-01-03 14:00:00
U-02567,User_U-02567,Active,2023-01-09 14:00:00
U-02574,User_U-02574,Active,2023-01-29 14:00:00
U-02575,User_U-02575,Active,2023-01-07 14:00:00
U-02579,User_U-02579,Active,2023-01-19 14:00:00
U-02580,User_U-02580,Active,2023-01-16 14:00:00
U-02581,User_U-02581,Active,2023-01-18 14:00:00
U-02583,User_U-02583,Active,2023-01-05 14:00:00
U-02584,User_U-02584,Active,2023-01-20 14:00:00
U-02586,User_U-02586,Active,2023-01-07 14:00:00
U-02587,User_U-02587,Active,2023-01-28 14:00:00
U-02588,User_U-02588,Active,2023-01-03 14:00:00
U-02591,User_U-02591,Active,2023-01-11 14:00:00
U-02592,User_U-02592,Active,2023-01-30 14:00:00
U-02594,User_U-02594,Active,2023-01-04 14:00:00
U-02595,User_U-02595,Active,2023-01-11 14:00:00
U-02596,User_U-02596,Active,2023-01-21 14:00:00
U-02597,User_U-02597,Active,2023-01-24 14:00:00
U-02598,User_U-02598,Active,2023-01-08 14:00:00
U-02601,User_U-02601,Active,2023-01-23 14:00:00
U-02604,User_U-02604,Active,2023-01-24 14:00:00
U-02605,User_U-02605,Active,2023-01-03 14:00:00
U-02608,User_U-02608,Active,2023-01-02 14:00:00
U-02609,User_U-02609,Active,2023-01-07 14:00:00
U-02610,User_U-02610,Active,2023-01-29 14:00:00
U-02611,User_U-02611,Active,2023-01-19 14:00:00
U-02614,User_U-02614,Active,2023-01-10 14:00:00
U-02618,User_U-02618,Active,2023-01-14 14:00:00
U-02619,User_U-02619,Active,2023-01-16 14:00:00
U-02621,User_U-02621,Active,2023-01-28 14:00:00
U-02622,User_U-02622,Active,2023-01-13 14:00:00
U-02624,User_U-02624,Active,2023-01-20 14:00:00
U-02625,User_U-02625,Active,2023-01-03 14:00:00
U-02626,User_U-02626,Active,2023-01-29 14:00:00
U-02627,User_U-02627,Active,2023-01-11 14:00:00
U-02628,User_U-02628,Active,2023-01-16 14:00:00
U-02629,User_U-02629,Active,2023-01-17 14:00:00
U-02630,User_U-02630,Active,2023-01-18 14:00:00
U-02633,User_U-02633,Active,2023-01-06 14:00:00
U-02634,User_U-02634,Active,2023-01-18 14:00:00
U-02635,User_U-02635,Active,2023-01-26 14:00:00
U-02637,User_U-02637,Active,2023-01-08 14:00:00
U-02639,User_U-02639,Active,2023-01-12 14:00:00
U-02641,User_U-02641,Active,2023-01-19 14:00:00
U-02643,User_U-02643,Active,2023-01-13 14:00:00
U-02647,User_U-02647,Active,2023-01-16 14:00:00
U-02649,User_U-02649,Active,2023-01-26 14:00:00
U-02650,User_U-02650,Active,2023-01-26 14:00:00
U-02652,User_U-02652,Active,2023-01-18 14:00:00
U-02654,User_U-02654,Active,2023-01-05 14:00:00
U-02656,User_U-02656,Active,2023-01-18 14:00:00
U-02657,User_U-02657,Active,2023-01-17 14:00:00
U-02658,User_U-02658,Active,2023-01-16 14:00:00
U-02659,User_U-02659,Active,2023-01-27 14:00:00
U-02660,User_U-02660,Active,2023-01-02 14:00:00
U-02664,User_U-02664,Active,2023-01-14 14:00:00
U-02665,User_U-02665,Active,2023-01-12 14:00:00
U-02666,User_U-02666,Active,2023-01-24 14:00:00
U-02667,User_U-02667,Active,2023-01-29 14:00:00
U-02668,User_U-02668,Active,2023-01-18 14:00:00
U-02670,User_U-02670,Active,2023-01-05 14:00:00
U-02674,User_U-02674,Active,2023-01-25 14:00:00
U-02678,User_U-02678,Active,2023-01-18 14:00:00
U-02680,User_U-02680,Active,2023-01-22 14:00:00
U-02681,User_U-02681,Active,2023-01-06 14:00:00
U-02683,User_U-02683,Active,2023-01-02 14:00:00
U-02684,User_U-02684,Active,2023-01-10 14:00:00
U-02685,User_U-02685,Active,2023-01-24 14:00:00
U-02686,User_U-02686,Active,2023-01-24 14:00:00
U-02687,User_U-02687,Active,2023-01-22 14:00:00
U-02690,User_U-02690,Active,2023-01-04 14:00:00
U-02694,User_U-02694,Active,2023-01-17 14:00:00
U-02698,User_U-02698,Active,2023-01-23 14:00:00
U-02699,User_U-02699,Active,2023-01-21 14:00:00
U-02701,User_U-02701,Active,2023-01-03 14:00:00
U-02705,User_U-02705,Active,2023-01-28 14:00:00
U-02706,User_U-02706,Active,2023-01-26 14:00:00
U-02707,User_U-02707,Active,2023-01-13 14:00:00
U-02708,User_U-02708,Active,2023-01-05 14:00:00
U-02709,User_U-02709,Active,2023-01-11 14:00:00
U-02710,User_U-02710,Active,2023-01-24 14:00:00
U-02711,User_U-02711,Active,2023-01-25 14:00:00
U-02715,User_U-02715,Active,2023-01-12 14:00:00
U-02716,User_U-02716,Active,2023-01-27 14:00:00
U-02717,User_U-02717,Active,2023-01-28 14:00:00
U-02723,User_U-02723,Active,2023-01-12 14:00:00
U-02725,User_U-02725,Active,2023-01-07 14:00:00
U-02727,User_U-02727,Active,2023-01-04 14:00:00
U-02728,User_U-02728,Active,2023-01-25 14:00:00
U-02730,User_U-02730,Active,2023-01-06 14:00:00
U-02731,User_U-02731,Active,2023-01-16 14:00:00
U-02734,User_U-02734,Active,2023-01-27 14:00:00
U-02735,User_U-02735,Active,2023-01-16 14:00:00
U-02736,User_U-02736,Active,2023-01-17 14:00:00
U-02737,User_U-02737,Active,2023-01-17 14:00:00
U-02738,User_U-02738,Active,2023-01-15 14:00:00
U-02739,User_U-02739,Active,2023-01-29 14:00:00
U-02740,User_U-02740,Active,2023-01-07 14:00:00
U-02742,User_U-02742,Active,2023-01-18 14:00:00
U-02743,User_U-02743,Active,2023-01-29 14:00:00
U-02744,User_U-02744,Active,2023-01-13 14:00:00
U-02745,User_U-02745,Active,2023-01-13 14:00:00
U-02746,User_U-02746,Active,2023-01-21 14:00:00
U-02748,User_U-02748,Active,2023-01-29 14:00:00
U-02749,User_U-02749,Active,2023-01-06 14:00:00
U-02750,User_U-02750,Active,2023-01-16 14:00:00
U-02751,User_U-02751,Active,2023-01-04 14:00:00
U-02754,User_U-02754,Active,2023-01-10 14:00:00
U-02755,User_U-02755,Active,2023-01-04 14:00:00
U-02756,User_U-02756,Active,2023-01-19 14:00:00
U-02757,User_U-02757,Active,2023-01-30 14:00:00
U-02758,User_U-02758,Active,2023-01-23 14:00:00
U-02760,User_U-02760,Active,2023-01-08 14:00:00
U-02762,User_U-02762,Active,2023-01-23 14:00:00
U-02763,User_U-02763,Active,2023-01-07 14:00:00
U-02766,User_U-02766,Active,2023-01-08 14:00:00
U-02768,User_U-02768,Active,2023-01-30 14:00:00
U-02769,User_U-02769,Active,2023-01-15 14:00:00
U-02771,User_U-02771,Active,2023-01-10 14:00:00
U-02772,User_U-02772,Active,2023-01-16 14:00:00
U-02773,User_U-02773,Active,2023-01-11 14:00:00
U-02774,User_U-02774,Active,2023-01-08 14:00:00
U-02777,User_U-02777,Active,2023-01-07 14:00:00
U-02779,User_U-02779,Active,2023-01-23 14:00:00
U-02781,User_U-02781,Active,2023-01-19 14:00:00
U-02782,User_U-02782,Active,2023-01-02 14:00:00
U-02783,User_U-02783,Active,2023-01-10 14:00:00
U-02784,User_U-02784,Active,2023-01-08 14:00:00
U-02785,User_U-02785,Active,2023-01-02 14:00:00
U-02792,User_U-02792,Active,2023-01-12 14:00:00
U-02794,User_U-02794,Active,2023-01-28 14:00:00
U-02795,User_U-02795,Active,2023-01-17 14:00:00
U-02796,User_U-02796,Active,2023-01-05 14:00:00
U-02797,User_U-02797,Active,2023-01-10 14:00:00
U-02799,User_U-02799,Active,2023-01-17 14:00:00
U-02800,User_U-02800,Active,2023-01-07 14:00:00
U-02801,User_U-02801,Active,2023-01-07 14:00:00
U-02803,User_U-02803,Active,2023-01-09 14:00:00
U-02804,User_U-02804,Active,2023-01-04 14:00:00
U-02805,User_U-02805,Active,2023-01-11 14:00:00
U-02807,User_U-02807,Active,2023-01-19 14:00:00
U-02808,User_U-02808,Active,2023-01-26 14:00:00
U-02811,User_U-02811,Active,2023-01-13 14:00:00
U-02812,User_U-02812,Active,2023-01-14 14:00:00
U-02814,User_U-02814,Active,2023-01-08 14:00:00
U-02815,User_U-02815,Active,2023-01-28 14:00:00
U-02816,User_U-02816,Active,2023-01-11 14:00:00
U-02817,User_U-02817,Active,2023-01-05 14:00:00
U-02818,User_U-02818,Active,2023-01-23 14:00:00
U-02821,User_U-02821,Active,2023-01-03 14:00:00
U-02822,User_U-02822,Active,2023-01-26 14:00:00
U-02825,User_U-02825,Active,2023-01-07 14:00:00
U-02827,User_U-02827,Active,2023-01-17 14:00:00
U-02829,User_U-02829,Active,2023-01-07 14:00:00
U-02830,User_U-02830,Active,2023-01-14 14:00:00
U-02831,User_U-02831,Active,2023-01-25 14:00:00
U-02832,User_U-02832,Active,2023-01-11 14:00:00
U-02833,User_U-02833,Active,2023-01-21 14:00:00
U-02834,User_U-02834,Active,2023-01-14 14:00:00
U-02836,User_U-02836,Active,2023-01-12 14:00:00
U-02837,User_U-02837,Active,2023-01-14 14:00:00
U-02838,User_U-02838,Active,2023-01-20 14:00:00
U-02840,User_U-02840,Active,2023-01-28 14:00:00
U-02841,User_U-02841,Active,2023-01-18 14:00:00
U-02842,User_U-02842,Active,2023-01-24 14:00:00
U-02843,User_U-02843,Active,2023-01-19 14:00:00
U-02844,User_U-02844,Active,2023-01-14 14:00:00
U-02845,User_U-02845,Active,2023-01-07 14:00:00
U-02848,User_U-02848,Active,2023-01-24 14:00:00
U-02849,User_U-02849,Active,2023-01-12 14:00:00
U-02850,User_U-02850,Active,2023-01-30 14:00:00
U-02851,User_U-02851,Active,2023-01-17 14:00:00
U-02852,User_U-02852,Active,2023-01-22 14:00:00
U-02853,User_U-02853,Active,2023-01-16 14:00:00
U-02857,User_U-02857,Active,2023-01-18 14:00:00
U-02859,User_U-02859,Active,2023-01-21 14:00:00
U-02860,User_U-02860,Active,2023-01-26 14:00:00
U-02861,User_U-02861,Active,2023-01-19 14:00:00
U-02862,User_U-02862,Active,2023-01-22 14:00:00
U-02864,User_U-02864,Active,2023-01-12 14:00:00
U-02865,User_U-02865,Active,2023-01-16 14:00:00
U-02867,User_U-02867,Active,2023-01-27 14:00:00
U-02872,User_U-02872,Active,2023-01-27 14:00:00
U-02876,User_U-02876,Active,2023-01-11 14:00:00
U-02878,User_U-02878,Active,2023-01-11 14:00:00
U-02881,User_U-02881,Active,2023-01-09 14:00:00
U-02883,User_U-02883,Active,2023-01-28 14:00:00
U-02886,User_U-02886,Active,2023-01-02 14:00:00
U-02887,User_U-02887,Active,2023-01-20 14:00:00
U-02889,User_U-02889,Active,2023-01-23 14:00:00
U-02891,User_U-02891,Active,2023-01-04 14:00:00
U-02892,User_U-02892,Active,2023-01-04 14:00:00
U-02894,User_U-02894,Active,2023-01-05 14:00:00
U-02897,User_U-02897,Active,2023-01-22 14:00:00
U-02899,User_U-02899,Active,2023-01-25 14:00:00
U-02902,User_U-02902,Active,2023-01-28 14:00:00
U-02903,User_U-02903,Active,2023-01-29 14:00:00
U-02905,User_U-02905,Active,2023-01-03 14:00:00
U-02907,User_U-02907,Active,2023-01-24 14:00:00
U-02909,User_U-02909,Active,2023-01-19 14:00:00
U-02918,User_U-02918,Active,2023-01-28 14:00:00
U-02922,User_U-02922,Active,2023-01-24 14:00:00
U-02925,User_U-02925,Active,2023-01-09 14:00:00
U-02928,User_U-02928,Active,2023-01-12 14:00:00
U-02929,User_U-02929,Active,2023-01-07 14:00:00
U-02932,User_U-02932,Active,2023-01-29 14:00:00
U-02933,User_U-02933,Active,2023-01-05 14:00:00
U-02934,User_U-02934,Active,2023-01-23 14:00:00
U-02936,User_U-02936,Active,2023-01-28 14:00:00
U-02937,User_U-02937,Active,2023-01-29 14:00:00
U-02939,User_U-02939,Active,2023-01-14 14:00:00
U-02940,User_U-02940,Active,2023-01-21 14:00:00
U-02941,User_U-02941,Active,2023-01-30 14:00:00
U-02944,User_U-02944,Active,2023-01-07 14:00:00
U-02945,User_U-02945,Active,2023-01-30 14:00:00
U-02946,User_U-02946,Active,2023-01-10 14:00:00
U-02947,User_U-02947,Active,2023-01-30 14:00:00
U-02948,User_U-02948,Active,2023-01-18 14:00:00
U-02949,User_U-02949,Active,2023-01-06 14:00:00
U-02950,User_U-02950,Active,2023-01-23 14:00:00
U-02953,User_U-02953,Active,2023-01-05 14:00:00
U-02954,User_U-02954,Active,2023-01-27 14:00:00
U-02955,User_U-02955,Active,2023-01-12 14:00:00
U-02956,User_U-02956,Active,2023-01-02 14:00:00
U-02958,User_U-02958,Active,2023-01-12 14:00:00
U-02959,User_U-02959,Active,2023-01-19 14:00:00
U-02962,User_U-02962,Active,2023-01-18 14:00:00
U-02963,User_U-02963,Active,2023-01-14 14:00:00
U-02964,User_U-02964,Active,2023-01-11 14:00:00
U-02967,User_U-02967,Active,2023-01-22 14:00:00
U-02968,User_U-02968,Active,2023-01-30 14:00:00
U-02971,User_U-02971,Active,2023-01-20 14:00:00
U-02973,User_U-02973,Active,2023-01-05 14:00:00
U-02975,User_U-02975,Active,2023-01-27 14:00:00
U-02977,User_U-02977,Active,2023-01-10 14:00:00
U-02979,User_U-02979,Active,2023-01-02 14:00:00
U-02980,User_U-02980,Active,2023-01-14 14:00:00
U-02982,User_U-02982,Active,2023-01-11 14:00:00
U-02983,User_U-02983,Active,2023-01-17 14:00:00
U-02984,User_U-02984,Active,2023-01-17 14:00:00
U-02985,User_U-02985,Active,2023-01-25 14:00:00
U-02986,User_U-02986,Active,2023-01-22 14:00:00
U-02989,User_U-02989,Active,2023-01-10 14:00:00
U-02993,User_U-02993,Active,2023-01-25 14:00:00
U-02994,User_U-02994,Active,2023-01-24 14:00:00
U-02995,User_U-02995,Active,2023-01-13 14:00:00
U-02996,User_U-02996,Active,2023-01-27 14:00:00
U-02998,User_U-02998,Active,2023-01-13 14:00:00
U-03001,User_U-03001,Active,2023-01-28 14:00:00
U-03002,User_U-03002,Active,2023-01-04 14:00:00
U-03003,User_U-03003,Active,2023-01-18 14:00:00
U-03004,User_U-03004,Active,2023-01-25 14:00:00
U-03006,User_U-03006,Active,2023-01-08 14:00:00
U-03007,User_U-03007,Active,2023-01-25 14:00:00
U-03008,User_U-03008,Active,2023-01-03 14:00:00
U-03009,User_U-03009,Active,2023-01-23 14:00:00
U-03014,User_U-03014,Active,2023-01-24 14:00:00
U-03018,User_U-03018,Active,2023-01-26 14:00:00
U-03020,User_U-03020,Active,2023-01-05 14:00:00
U-03021,User_U-03021,Active,2023-01-19 14:00:00
U-03022,User_U-03022,Active,2023-01-09 14:00:00
U-03025,User_U-03025,Active,2023-01-04 14:00:00
U-03026,User_U-03026,Active,2023-01-19 14:00:00
U-03028,User_U-03028,Active,2023-01-02 14:00:00
U-03032,User_U-03032,Active,2023-01-15 14:00:00
U-03037,User_U-03037,Active,2023-01-02 14:00:00
U-03038,User_U-03038,Active,2023-01-15 14:00:00
U-03041,User_U-03041,Active,2023-01-12 14:00:00
U-03044,User_U-03044,Active,2023-01-12 14:00:00
U-03045,User_U-03045,Active,2023-01-12 14:00:00
U-03046,User_U-03046,Active,2023-01-03 14:00:00
U-03049,User_U-03049,Active,2023-01-27 14:00:00
U-03051,User_U-03051,Active,2023-01-11 14:00:00
U-03052,User_U-03052,Active,2023-01-04 14:00:00
U-03054,User_U-03054,Active,2023-01-03 14:00:00
U-03055,User_U-03055,Active,2023-01-23 14:00:00
U-03056,User_U-03056,Active,2023-01-14 14:00:00
U-03057,User_U-03057,Active,2023-01-03 14:00:00
U-03059,User_U-03059,Active,2023-01-03 14:00:00
U-03060,User_U-03060,Active,2023-01-29 14:00:00
U-03062,User_U-03062,Active,2023-01-23 14:00:00
U-03064,User_U-03064,Active,2023-01-07 14:00:00
U-03065,User_U-03065,Active,2023-01-12 14:00:00
U-03067,User_U-03067,Active,2023-01-07 14:00:00
U-03068,User_U-03068,Active,2023-01-14 14:00:00
U-03069,User_U-03069,Active,2023-01-24 14:00:00
U-03070,User_U-03070,Active,2023-01-16 14:00:00
U-03071,User_U-03071,Active,2023-01-18 14:00:00
U-03073,User_U-03073,Active,2023-01-08 14:00:00
U-03075,User_U-03075,Active,2023-01-04 14:00:00
U-03077,User_U-03077,Active,2023-01-11 14:00:00
U-03079,User_U-03079,Active,2023-01-19 14:00:00
U-03080,User_U-03080,Active,2023-01-19 14:00:00
U-03081,User_U-03081,Active,2023-01-06 14:00:00
U-03082,User_U-03082,Active,2023-01-07 14:00:00
U-03083,User_U-03083,Active,2023-01-03 14:00:00
U-03084,User_U-03084,Active,2023-01-06 14:00:00
U-03085,User_U-03085,Active,2023-01-10 14:00:00
U-03086,User_U-03086,Active,2023-01-02 14:00:00
U-03089,User_U-03089,Active,2023-01-21 14:00:00
U-03091,User_U-03091,Active,2023-01-02 14:00:00
U-03092,User_U-03092,Active,2023-01-03 14:00:00
U-03094,User_U-03094,Active,2023-01-29 14:00:00
U-03097,User_U-03097,Active,2023-01-16 14:00:00
U-03098,User_U-03098,Active,2023-01-11 14:00:00
U-03099,User_U-03099,Active,2023-01-30 14:00:00
U-03101,User_U-03101,Active,2023-01-08 14:00:00
U-03102,User_U-03102,Active,2023-01-05 14:00:00
U-03103,User_U-03103,Active,2023-01-29 14:00:00
U-03104,User_U-03104,Active,2023-01-21 14:00:00
U-03106,User_U-03106,Active,2023-01-07 14:00:00
U-03110,User_U-03110,Active,2023-01-29 14:00:00
U-03111,User_U-03111,Active,2023-01-06 14:00:00
U-03112,User_U-03112,Active,2023-01-18 14:00:00
U-03114,User_U-03114,Active,2023-01-18 14:00:00
U-03119,User_U-03119,Active,2023-01-24 14:00:00
U-03121,User_U-03121,Active,2023-01-04 14:00:00
U-03124,User_U-03124,Active,2023-01-18 14:00:00
U-03125,User_U-03125,Active,2023-01-26 14:00:00
U-03129,User_U-03129,Active,2023-01-18 14:00:00
U-03130,User_U-03130,Active,2023-01-24 14:00:00
U-03133,User_U-03133,Active,2023-01-23 14:00:00
U-03134,User_U-03134,Active,2023-01-17 14:00:00
U-03136,User_U-03136,Active,2023-01-13 14:00:00
U-03141,User_U-03141,Active,2023-01-05 14:00:00
U-03146,User_U-03146,Active,2023-01-27 14:00:00
U-03148,User_U-03148,Active,2023-01-30 14:00:00
U-03149,User_U-03149,Active,2023-01-04 14:00:00
U-03150,User_U-03150,Active,2023-01-10 14:00:00
U-03151,User_U-03151,Active,2023-01-29 14:00:00
U-03154,User_U-03154,Active,2023-01-24 14:00:00
U-03156,User_U-03156,Active,2023-01-21 14:00:00
U-03157,User_U-03157,Active,2023-01-21 14:00:00
U-03158,User_U-03158,Active,2023-01-15 14:00:00
U-03159,User_U-03159,Active,2023-01-20 14:00:00
U-03161,User_U-03161,Active,2023-01-30 14:00:00
U-03163,User_U-03163,Active,2023-01-02 14:00:00
U-03164,User_U-03164,Active,2023-01-08 14:00:00
U-03165,User_U-03165,Active,2023-01-19 14:00:00
U-03167,User_U-03167,Active,2023-01-11 14:00:00
U-03170,User_U-03170,Active,2023-01-27 14:00:00
U-03171,User_U-03171,Active,2023-01-24 14:00:00
U-03172,User_U-03172,Active,2023-01-10 14:00:00
U-03173,User_U-03173,Active,2023-01-18 14:00:00
U-03177,User_U-03177,Active,2023-01-25 14:00:00
U-03180,User_U-03180,Active,2023-01-23 14:00:00
U-03182,User_U-03182,Active,2023-01-08 14:00:00
U-03186,User_U-03186,Active,2023-01-27 14:00:00
U-03188,User_U-03188,Active,2023-01-09 14:00:00
U-03190,User_U-03190,Active,2023-01-13 14:00:00
U-03191,User_U-03191,Active,2023-01-10 14:00:00
U-03194,User_U-03194,Active,2023-01-23 14:00:00
U-03195,User_U-03195,Active,2023-01-23 14:00:00
U-03196,User_U-03196,Active,2023-01-23 14:00:00
U-03197,User_U-03197,Active,2023-01-24 14:00:00
U-03199,User_U-03199,Active,2023-01-16 14:00:00
U-03202,User_U-03202,Active,2023-01-10 14:00:00
U-03203,User_U-03203,Active,2023-01-04 14:00:00
U-03204,User_U-03204,Active,2023-01-29 14:00:00
U-03206,User_U-03206,Active,2023-01-25 14:00:00
U-03207,User_U-03207,Active,2023-01-24 14:00:00
U-03211,User_U-03211,Active,2023-01-18 14:00:00
U-03212,User_U-03212,Active,2023-01-27 14:00:00
U-03215,User_U-03215,Active,2023-01-25 14:00:00
U-03216,User_U-03216,Active,2023-01-28 14:00:00
U-03217,User_U-03217,Active,2023-01-12 14:00:00
U-03218,User_U-03218,Active,2023-01-12 14:00:00
U-03221,User_U-03221,Active,2023-01-14 14:00:00
U-03222,User_U-03222,Active,2023-01-09 14:00:00
U-03223,User_U-03223,Active,2023-01-09 14:00:00
U-03225,User_U-03225,Active,2023-01-22 14:00:00
U-03228,User_U-03228,Active,2023-01-02 14:00:00
U-03230,User_U-03230,Active,2023-01-12 14:00:00
U-03231,User_U-03231,Active,2023-01-09 14:00:00
U-03233,User_U-03233,Active,2023-01-24 14:00:00
U-03234,User_U-03234,Active,2023-01-30 14:00:00
U-03236,User_U-03236,Active,2023-01-20 14:00:00
U-03237,User_U-03237,Active,2023-01-25 14:00:00
U-03243,User_U-03243,Active,2023-01-25 14:00:00
U-03244,User_U-03244,Active,2023-01-25 14:00:00
U-03245,User_U-03245,Active,2023-01-25 14:00:00
U-03246,User_U-03246,Active,2023-01-30 14:00:00
U-03248,User_U-03248,Active,2023-01-09 14:00:00
U-03249,User_U-03249,Active,2023-01-28 14:00:00
U-03250,User_U-03250,Active,2023-01-28 14:00:00
U-03253,User_U-03253,Active,2023-01-04 14:00:00
U-03256,User_U-03256,Active,2023-01-16 14:00:00
U-03257,User_U-03257,Active,2023-01-06 14:00:00
U-03260,User_U-03260,Active,2023-01-25 14:00:00
U-03262,User_U-03262,Active,2023-01-07 14:00:00
U-03263,User_U-03263,Active,2023-01-28 14:00:00
U-03264,User_U-03264,Active,2023-01-10 14:00:00
U-03267,User_U-03267,Active,2023-01-14 14:00:00
U-03268,User_U-03268,Active,2023-01-17 14:00:00
U-03271,User_U-03271,Active,2023-01-24 14:00:00
U-03272,User_U-03272,Active,2023-01-10 14:00:00
U-03273,User_U-03273,Active,2023-01-25 14:00:00
U-03274,User_U-03274,Active,2023-01-14 14:00:00
U-03276,User_U-03276,Active,2023-01-03 14:00:00
U-03279,User_U-03279,Active,2023-01-28 14:00:00
U-03280,User_U-03280,Active,2023-01-22 14:00:00
U-03281,User_U-03281,Active,2023-01-11 14:00:00
U-03282,User_U-03282,Active,2023-01-05 14:00:00
U-03283,User_U-03283,Active,2023-01-17 14:00:00
U-03284,User_U-03284,Active,2023-01-14 14:00:00
U-03288,User_U-03288,Active,2023-01-11 14:00:00
U-03289,User_U-03289,Active,2023-01-30 14:00:00
U-03292,User_U-03292,Active,2023-01-18 14:00:00
U-03294,User_U-03294,Active,2023-01-25 14:00:00
U-03296,User_U-03296,Active,2023-01-11 14:00:00
U-03297,User_U-03297,Active,2023-01-15 14:00:00
U-03298,User_U-03298,Active,2023-01-11 14:00:00
U-03299,User_U-03299,Active,2023-01-16 14:00:00
U-03301,User_U-03301,Active,2023-01-14 14:00:00
U-03303,User_U-03303,Active,2023-01-14 14:00:00
U-03311,User_U-03311,Active,2023-01-23 14:00:00
U-03315,User_U-03315,Active,2023-01-18 14:00:00
U-03316,User_U-03316,Active,2023-01-12 14:00:00
U-03318,User_U-03318,Active,2023-01-30 14:00:00
U-03322,User_U-03322,Active,2023-01-15 14:00:00
U-03326,User_U-03326,Active,2023-01-09 14:00:00
U-03329,User_U-03329,Active,2023-01-07 14:00:00
U-03330,User_U-03330,Active,2023-01-09 14:00:00
U-03332,User_U-03332,Active,2023-01-18 14:00:00
U-03333,User_U-03333,Active,2023-01-04 14:00:00
U-03336,User_U-03336,Active,2023-01-11 14:00:00
U-03338,User_U-03338,Active,2023-01-25 14:00:00
U-03339,User_U-03339,Active,2023-01-30 14:00:00
U-03342,User_U-03342,Active,2023-01-02 14:00:00
U-03345,User_U-03345,Active,2023-01-21 14:00:00
U-03346,User_U-03346,Active,2023-01-19 14:00:00
U-03347,User_U-03347,Active,2023-01-17 14:00:00
U-03348,User_U-03348,Active,2023-01-10 14:00:00
U-03351,User_U-03351,Active,2023-01-22 14:00:00
U-03352,User_U-03352,Active,2023-01-21 14:00:00
U-03354,User_U-03354,Active,2023-01-27 14:00:00
U-03356,User_U-03356,Active,2023-01-02 14:00:00
U-03357,User_U-03357,Active,2023-01-16 14:00:00
U-03358,User_U-03358,Active,2023-01-13 14:00:00
U-03359,User_U-03359,Active,2023-01-13 14:00:00
U-03361,User_U-03361,Active,2023-01-25 14:00:00
U-03366,User_U-03366,Active,2023-01-28 14:00:00
U-03370,User_U-03370,Active,2023-01-22 14:00:00
U-03372,User_U-03372,Active,2023-01-06 14:00:00
U-03374,User_U-03374,Active,2023-01-29 14:00:00
U-03375,User_U-03375,Active,2023-01-29 14:00:00
U-03376,User_U-03376,Active,2023-01-03 14:00:00
U-03378,User_U-03378,Active,2023-01-23 14:00:00
U-03379,User_U-03379,Active,2023-01-26 14:00:00
U-03380,User_U-03380,Active,2023-01-02 14:00:00
U-03381,User_U-03381,Active,2023-01-05 14:00:00
U-03385,User_U-03385,Active,2023-01-17 14:00:00
U-03386,User_U-03386,Active,2023-01-09 14:00:00
U-03387,User_U-03387,Active,2023-01-14 14:00:00
U-03388,User_U-03388,Active,2023-01-11 14:00:00
U-03389,User_U-03389,Active,2023-01-27 14:00:00
U-03390,User_U-03390,Active,2023-01-03 14:00:00
U-03391,User_U-03391,Active,2023-01-30 14:00:00
U-03395,User_U-03395,Active,2023-01-26 14:00:00
U-03396,User_U-03396,Active,2023-01-21 14:00:00
U-03397,User_U-03397,Active,2023-01-05 14:00:00
U-03398,User_U-03398,Active,2023-01-02 14:00:00
U-03399,User_U-03399,Active,2023-01-19 14:00:00
U-03400,User_U-03400,Active,2023-01-15 14:00:00
U-03402,User_U-03402,Active,2023-01-25 14:00:00
U-03404,User_U-03404,Active,2023-01-13 14:00:00
U-03407,User_U-03407,Active,2023-01-20 14:00:00
U-03408,User_U-03408,Active,2023-01-24 14:00:00
U-03409,User_U-03409,Active,2023-01-23 14:00:00
U-03411,User_U-03411,Active,2023-01-22 14:00:00
U-03412,User_U-03412,Active,2023-01-06 14:00:00
U-03413,User_U-03413,Active,2023-01-07 14:00:00
U-03414,User_U-03414,Active,2023-01-12 14:00:00
U-03415,User_U-03415,Active,2023-01-17 14:00:00
U-03416,User_U-03416,Active,2023-01-10 14:00:00
U-03417,User_U-03417,Active,2023-01-23 14:00:00
U-03418,User_U-03418,Active,2023-01-27 14:00:00
U-03420,User_U-03420,Active,2023-01-23 14:00:00
U-03422,User_U-03422,Active,2023-01-05 14:00:00
U-03424,User_U-03424,Active,2023-01-07 14:00:00
U-03425,User_U-03425,Active,2023-01-02 14:00:00
U-03428,User_U-03428,Active,2023-01-17 14:00:00
U-03429,User_U-03429,Active,2023-01-11 14:00:00
U-03432,User_U-03432,Active,2023-01-02 14:00:00
U-03435,User_U-03435,Active,2023-01-09 14:00:00
U-03436,User_U-03436,Active,2023-01-29 14:00:00
U-03437,User_U-03437,Active,2023-01-21 14:00:00
U-03440,User_U-03440,Active,2023-01-24 14:00:00
U-03441,User_U-03441,Active,2023-01-17 14:00:00
U-03442,User_U-03442,Active,2023-01-25 14:00:00
U-03443,User_U-03443,Active,2023-01-13 14:00:00
U-03444,User_U-03444,Active,2023-01-15 14:00:00
U-03446,User_U-03446,Active,2023-01-14 14:00:00
U-03448,User_U-03448,Active,2023-01-25 14:00:00
U-03449,User_U-03449,Active,2023-01-20 14:00:00
U-03451,User_U-03451,Active,2023-01-09 14:00:00
U-03453,User_U-03453,Active,2023-01-10 14:00:00
U-03454,User_U-03454,Active,2023-01-26 14:00:00
U-03455,User_U-03455,Active,2023-01-23 14:00:00
U-03457,User_U-03457,Active,2023-01-15 14:00:00
U-03458,User_U-03458,Active,2023-01-27 14:00:00
U-03461,User_U-03461,Active,2023-01-23 14:00:00
U-03462,User_U-03462,Active,2023-01-12 14:00:00
U-03463,User_U-03463,Active,2023-01-16 14:00:00
U-03464,User_U-03464,Active,2023-01-02 14:00:00
U-03466,User_U-03466,Active,2023-01-07 14:00:00
U-03467,User_U-03467,Active,2023-01-16 14:00:00
U-03468,User_U-03468,Active,2023-01-18 14:00:00
U-03471,User_U-03471,Active,2023-01-21 14:00:00
U-03472,User_U-03472,Active,2023-01-02 14:00:00
U-03477,User_U-03477,Active,2023-01-22 14:00:00
U-03478,User_U-03478,Active,2023-01-09 14:00:00
U-03479,User_U-03479,Active,2023-01-10 14:00:00
U-03480,User_U-03480,Active,2023-01-22 14:00:00
U-03482,User_U-03482,Active,2023-01-28 14:00:00
U-03483,User_U-03483,Active,2023-01-17 14:00:00
U-03485,User_U-03485,Active,2023-01-28 14:00:00
U-03487,User_U-03487,Active,2023-01-29 14:00:00
U-03488,User_U-03488,Active,2023-01-24 14:00:00
U-03492,User_U-03492,Active,2023-01-08 14:00:00
U-03493,User_U-03493,Active,2023-01-08 14:00:00
U-03494,User_U-03494,Active,2023-01-22 14:00:00
U-03495,User_U-03495,Active,2023-01-10 14:00:00
U-03496,User_U-03496,Active,2023-01-22 14:00:00
U-03497,User_U-03497,Active,2023-01-24 14:00:00
U-03498,User_U-03498,Active,2023-01-22 14:00:00
U-03499,User_U-03499,Active,2023-01-25 14:00:00
U-03500,User_U-03500,Active,2023-01-19 14:00:00
U-03504,User_U-03504,Active,2023-01-07 14:00:00
U-03507,User_U-03507,Active,2023-01-16 14:00:00
U-03508,User_U-03508,Active,2023-01-27 14:00:00
U-03509,User_U-03509,Active,2023-01-24 14:00:00
U-03511,User_U-03511,Active,2023-01-17 14:00:00
U-03512,User_U-03512,Active,2023-01-05 14:00:00
U-03514,User_U-03514,Active,2023-01-26 14:00:00
U-03517,User_U-03517,Active,2023-01-30 14:00:00
U-03518,User_U-03518,Active,2023-01-22 14:00:00
U-03519,User_U-03519,Active,2023-01-23 14:00:00
U-03520,User_U-03520,Active,2023-01-30 14:00:00
U-03522,User_U-03522,Active,2023-01-03 14:00:00
U-03523,User_U-03523,Active,2023-01-02 14:00:00
U-03524,User_U-03524,Active,2023-01-02 14:00:00
U-03527,User_U-03527,Active,2023-01-14 14:00:00
U-03528,User_U-03528,Active,2023-01-24 14:00:00
U-03529,User_U-03529,Active,2023-01-21 14:00:00
U-03532,User_U-03532,Active,2023-01-03 14:00:00
U-03537,User_U-03537,Active,2023-01-06 14:00:00
U-03539,User_U-03539,Active,2023-01-23 14:00:00
U-03540,User_U-03540,Active,2023-01-21 14:00:00
U-03541,User_U-03541,Active,2023-01-21 14:00:00
U-03543,User_U-03543,Active,2023-01-04 14:00:00
U-03545,User_U-03545,Active,2023-01-17 14:00:00
U-03546,User_U-03546,Active,2023-01-22 14:00:00
U-03547,User_U-03547,Active,2023-01-26 14:00:00
U-03549,User_U-03549,Active,2023-01-03 14:00:00
U-03553,User_U-03553,Active,2023-01-24 14:00:00
U-03554,User_U-03554,Active,2023-01-07 14:00:00
U-03555,User_U-03555,Active,2023-01-19 14:00:00
U-03557,User_U-03557,Active,2023-01-04 14:00:00
U-03562,User_U-03562,Active,2023-01-27 14:00:00
U-03563,User_U-03563,Active,2023-01-12 14:00:00
U-03564,User_U-03564,Active,2023-01-10 14:00:00
U-03566,User_U-03566,Active,2023-01-25 14:00:00
U-03571,User_U-03571,Active,2023-01-17 14:00:00
U-03572,User_U-03572,Active,2023-01-14 14:00:00
U-03575,User_U-03575,Active,2023-01-30 14:00:00
U-03576,User_U-03576,Active,2023-01-28 14:00:00
U-03578,User_U-03578,Active,2023-01-09 14:00:00
U-03579,User_U-03579,Active,2023-01-10 14:00:00
U-03583,User_U-03583,Active,2023-01-18 14:00:00
U-03584,User_U-03584,Active,2023-01-10 14:00:00
U-03586,User_U-03586,Active,2023-01-30 14:00:00
U-03587,User_U-03587,Active,2023-01-12 14:00:00
U-03588,User_U-03588,Active,2023-01-12 14:00:00
U-03592,User_U-03592,Active,2023-01-06 14:00:00
U-03593,User_U-03593,Active,2023-01-12 14:00:00
U-03594,User_U-03594,Active,2023-01-17 14:00:00
U-03595,User_U-03595,Active,2023-01-23 14:00:00
U-03600,User_U-03600,Active,2023-01-27 14:00:00
U-03601,User_U-03601,Active,2023-01-27 14:00:00
U-03603,User_U-03603,Active,2023-01-09 14:00:00
U-03605,User_U-03605,Active,2023-01-05 14:00:00
U-03607,User_U-03607,Active,2023-01-29 14:00:00
U-03610,User_U-03610,Active,2023-01-02 14:00:00
U-03611,User_U-03611,Active,2023-01-09 14:00:00
U-03612,User_U-03612,Active,2023-01-26 14:00:00
U-03613,User_U-03613,Active,2023-01-09 14:00:00
U-03615,User_U-03615,Active,2023-01-30 14:00:00
U-03616,User_U-03616,Active,2023-01-08 14:00:00
U-03617,User_U-03617,Active,2023-01-17 14:00:00
U-03619,User_U-03619,Active,2023-01-05 14:00:00
U-03621,User_U-03621,Active,2023-01-09 14:00:00
U-03624,User_U-03624,Active,2023-01-10 14:00:00
U-03625,User_U-03625,Active,2023-01-09 14:00:00
U-03628,User_U-03628,Active,2023-01-16 14:00:00
U-03629,User_U-03629,Active,2023-01-30 14:00:00
U-03630,User_U-03630,Active,2023-01-22 14:00:00
U-03631,User_U-03631,Active,2023-01-05 14:00:00
U-03633,User_U-03633,Active,2023-01-16 14:00:00
U-03637,User_U-03637,Active,2023-01-17 14:00:00
U-03638,User_U-03638,Active,2023-01-17 14:00:00
U-03639,User_U-03639,Active,2023-01-03 14:00:00
U-03641,User_U-03641,Active,2023-01-30 14:00:00
U-03642,User_U-03642,Active,2023-01-05 14:00:00
U-03644,User_U-03644,Active,2023-01-27 14:00:00
U-03645,User_U-03645,Active,2023-01-17 14:00:00
U-03646,User_U-03646,Active,2023-01-24 14:00:00
U-03647,User_U-03647,Active,2023-01-13 14:00:00
U-03649,User_U-03649,Active,2023-01-02 14:00:00
U-03652,User_U-03652,Active,2023-01-21 14:00:00
U-03653,User_U-03653,Active,2023-01-25 14:00:00
U-03656,User_U-03656,Active,2023-01-30 14:00:00
U-03657,User_U-03657,Active,2023-01-21 14:00:00
U-03658,User_U-03658,Active,2023-01-11 14:00:00
U-03659,User_U-03659,Active,2023-01-07 14:00:00
U-03661,User_U-03661,Active,2023-01-08 14:00:00
U-03663,User_U-03663,Active,2023-01-03 14:00:00
U-03665,User_U-03665,Active,2023-01-30 14:00:00
U-03666,User_U-03666,Active,2023-01-26 14:00:00
U-03670,User_U-03670,Active,2023-01-04 14:00:00
U-03671,User_U-03671,Active,2023-01-30 14:00:00
U-03673,User_U-03673,Active,2023-01-18 14:00:00
U-03674,User_U-03674,Active,2023-01-28 14:00:00
U-03678,User_U-03678,Active,2023-01-18 14:00:00
U-03682,User_U-03682,Active,2023-01-10 14:00:00
U-03683,User_U-03683,Active,2023-01-18 14:00:00
U-03688,User_U-03688,Active,2023-01-21 14:00:00
U-03689,User_U-03689,Active,2023-01-06 14:00:00
U-03690,User_U-03690,Active,2023-01-04 14:00:00
U-03694,User_U-03694,Active,2023-01-09 14:00:00
U-03695,User_U-03695,Active,2023-01-03 14:00:00
U-03696,User_U-03696,Active,2023-01-10 14:00:00
U-03698,User_U-03698,Active,2023-01-21 14:00:00
U-03699,User_U-03699,Active,2023-01-27 14:00:00
U-03700,User_U-03700,Active,2023-01-24 14:00:00
U-03705,User_U-03705,Active,2023-01-13 14:00:00
U-03707,User_U-03707,Active,2023-01-10 14:00:00
U-03708,User_U-03708,Active,2023-01-24 14:00:00
U-03711,User_U-03711,Active,2023-01-25 14:00:00
U-03712,User_U-03712,Active,2023-01-14 14:00:00
U-03714,User_U-03714,Active,2023-01-05 14:00:00
U-03715,User_U-03715,Active,2023-01-29 14:00:00
U-03718,User_U-03718,Active,2023-01-19 14:00:00
U-03720,User_U-03720,Active,2023-01-29 14:00:00
U-03722,User_U-03722,Active,2023-01-15 14:00:00
U-03723,User_U-03723,Active,2023-01-04 14:00:00
U-03724,User_U-03724,Active,2023-01-05 14:00:00
U-03725,User_U-03725,Active,2023-01-18 14:00:00
U-03726,User_U-03726,Active,2023-01-25 14:00:00
U-03727,User_U-03727,Active,2023-01-25 14:00:00
U-03729,User_U-03729,Active,2023-01-05 14:00:00
U-03733,User_U-03733,Active,2023-01-16 14:00:00
U-03738,User_U-03738,Active,2023-01-15 14:00:00
U-03740,User_U-03740,Active,2023-01-27 14:00:00
U-03741,User_U-03741,Active,2023-01-26 14:00:00
U-03743,User_U-03743,Active,2023-01-13 14:00:00
U-03748,User_U-03748,Active,2023-01-05 14:00:00
U-03749,User_U-03749,Active,2023-01-06 14:00:00
U-03750,User_U-03750,Active,2023-01-18 14:00:00
U-03751,User_U-03751,Active,2023-01-30 14:00:00
U-03752,User_U-03752,Active,2023-01-06 14:00:00
U-03755,User_U-03755,Active,2023-01-18 14:00:00
U-03759,User_U-03759,Active,2023-01-18 14:00:00
U-03766,User_U-03766,Active,2023-01-15 14:00:00
U-03767,User_U-03767,Active,2023-01-02 14:00:00
U-03768,User_U-03768,Active,2023-01-20 14:00:00
U-03769,User_U-03769,Active,2023-01-27 14:00:00
U-03770,User_U-03770,Active,2023-01-23 14:00:00
U-03773,User_U-03773,Active,2023-01-22 14:00:00
U-03774,User_U-03774,Active,2023-01-09 14:00:00
U-03780,User_U-03780,Active,2023-01-28 14:00:00
U-03781,User_U-03781,Active,2023-01-23 14:00:00
U-03782,User_U-03782,Active,2023-01-28 14:00:00
U-03783,User_U-03783,Active,2023-01-25 14:00:00
U-03785,User_U-03785,Active,2023-01-05 14:00:00
U-03788,User_U-03788,Active,2023-01-07 14:00:00
U-03789,User_U-03789,Active,2023-01-27 14:00:00
U-03793,User_U-03793,Active,2023-01-18 14:00:00
U-03794,User_U-03794,Active,2023-01-25 14:00:00
U-03795,User_U-03795,Active,2023-01-16 14:00:00
U-03799,User_U-03799,Active,2023-01-14 14:00:00
U-03800,User_U-03800,Active,2023-01-28 14:00:00
U-03801,User_U-03801,Active,2023-01-19 14:00:00
U-03802,User_U-03802,Active,2023-01-20 14:00:00
U-03803,User_U-03803,Active,2023-01-06 14:00:00
U-03804,User_U-03804,Active,2023-01-04 14:00:00
U-03805,User_U-03805,Active,2023-01-22 14:00:00
U-03806,User_U-03806,Active,2023-01-19 14:00:00
U-03807,User_U-03807,Active,2023-01-26 14:00:00
U-03811,User_U-03811,Active,2023-01-24 14:00:00
U-03812,User_U-03812,Active,2023-01-16 14:00:00
U-03813,User_U-03813,Active,2023-01-21 14:00:00
U-03816,User_U-03816,Active,2023-01-20 14:00:00
U-03818,User_U-03818,Active,2023-01-22 14:00:00
U-03819,User_U-03819,Active,2023-01-11 14:00:00
U-03820,User_U-03820,Active,2023-01-08 14:00:00
U-03826,User_U-03826,Active,2023-01-06 14:00:00
U-03829,User_U-03829,Active,2023-01-11 14:00:00
U-03831,User_U-03831,Active,2023-01-18 14:00:00
U-03832,User_U-03832,Active,2023-01-30 14:00:00
U-03834,User_U-03834,Active,2023-01-26 14:00:00
U-03836,User_U-03836,Active,2023-01-18 14:00:00
U-03838,User_U-03838,Active,2023-01-04 14:00:00
U-03839,User_U-03839,Active,2023-01-30 14:00:00
U-03840,User_U-03840,Active,2023-01-24 14:00:00
U-03841,User_U-03841,Active,2023-01-25 14:00:00
U-03843,User_U-03843,Active,2023-01-04 14:00:00
U-03846,User_U-03846,Active,2023-01-28 14:00:00
U-03847,User_U-03847,Active,2023-01-03 14:00:00
U-03848,User_U-03848,Active,2023-01-25 14:00:00
U-03849,User_U-03849,Active,2023-01-14 14:00:00
U-03853,User_U-03853,Active,2023-01-16 14:00:00
U-03855,User_U-03855,Active,2023-01-27 14:00:00
U-03856,User_U-03856,Active,2023-01-18 14:00:00
U-03858,User_U-03858,Active,2023-01-19 14:00:00
U-03860,User_U-03860,Active,2023-01-28 14:00:00
U-03861,User_U-03861,Active,2023-01-09 14:00:00
U-03867,User_U-03867,Active,2023-01-20 14:00:00
U-03868,User_U-03868,Active,2023-01-07 14:00:00
U-03870,User_U-03870,Active,2023-01-18 14:00:00
U-03872,User_U-03872,Active,2023-01-30 14:00:00
U-03874,User_U-03874,Active,2023-01-30 14:00:00
U-03875,User_U-03875,Active,2023-01-20 14:00:00
U-03877,User_U-03877,Active,2023-01-12 14:00:00
U-03878,User_U-03878,Active,2023-01-11 14:00:00
U-03881,User_U-03881,Active,2023-01-03 14:00:00
U-03882,User_U-03882,Active,2023-01-07 14:00:00
U-03885,User_U-03885,Active,2023-01-22 14:00:00
U-03886,User_U-03886,Active,2023-01-25 14:00:00
U-03887,User_U-03887,Active,2023-01-24 14:00:00
U-03888,User_U-03888,Active,2023-01-19 14:00:00
U-03889,User_U-03889,Active,2023-01-18 14:00:00
U-03890,User_U-03890,Active,2023-01-26 14:00:00
U-03892,User_U-03892,Active,2023-01-21 14:00:00
U-03893,User_U-03893,Active,2023-01-25 14:00:00
U-03894,User_U-03894,Active,2023-01-19 14:00:00
U-03898,User_U-03898,Active,2023-01-03 14:00:00
U-03900,User_U-03900,Active,2023-01-12 14:00:00
U-03902,User_U-03902,Active,2023-01-24 14:00:00
U-03905,User_U-03905,Active,2023-01-15 14:00:00
U-03906,User_U-03906,Active,2023-01-04 14:00:00
U-03907,User_U-03907,Active,2023-01-30 14:00:00
U-03908,User_U-03908,Active,2023-01-27 14:00:00
U-03909,User_U-03909,Active,2023-01-07 14:00:00
U-03911,User_U-03911,Active,2023-01-13 14:00:00
U-03913,User_U-03913,Active,2023-01-15 14:00:00
U-03915,User_U-03915,Active,2023-01-08 14:00:00
U-03918,User_U-03918,Active,2023-01-10 14:00:00
U-03920,User_U-03920,Active,2023-01-10 14:00:00
U-03922,User_U-03922,Active,2023-01-17 14:00:00
U-03923,User_U-03923,Active,2023-01-16 14:00:00
U-03924,User_U-03924,Active,2023-01-27 14:00:00
U-03925,User_U-03925,Active,2023-01-02 14:00:00
U-03926,User_U-03926,Active,2023-01-02 14:00:00
U-03929,User_U-03929,Active,2023-01-04 14:00:00
U-03930,User_U-03930,Active,2023-01-14 14:00:00
U-03931,User_U-03931,Active,2023-01-23 14:00:00
U-03932,User_U-03932,Active,2023-01-30 14:00:00
U-03934,User_U-03934,Active,2023-01-24 14:00:00
U-03935,User_U-03935,Active,2023-01-10 14:00:00
U-03938,User_U-03938,Active,2023-01-04 14:00:00
U-03939,User_U-03939,Active,2023-01-19 14:00:00
U-03940,User_U-03940,Active,2023-01-23 14:00:00
U-03945,User_U-03945,Active,2023-01-24 14:00:00
U-03947,User_U-03947,Active,2023-01-18 14:00:00
U-03948,User_U-03948,Active,2023-01-06 14:00:00
U-03949,User_U-03949,Active,2023-01-10 14:00:00
U-03951,User_U-03951,Active,2023-01-30 14:00:00
U-03955,User_U-03955,Active,2023-01-29 14:00:00
U-03957,User_U-03957,Active,2023-01-09 14:00:00
U-03958,User_U-03958,Active,2023-01-26 14:00:00
U-03959,User_U-03959,Active,2023-01-27 14:00:00
U-03961,User_U-03961,Active,2023-01-26 14:00:00
U-03962,User_U-03962,Active,2023-01-10 14:00:00
U-03964,User_U-03964,Active,2023-01-26 14:00:00
U-03966,User_U-03966,Active,2023-01-06 14:00:00
U-03967,User_U-03967,Active,2023-01-14 14:00:00
U-03968,User_U-03968,Active,2023-01-02 14:00:00
U-03972,User_U-03972,Active,2023-01-09 14:00:00
U-03974,User_U-03974,Active,2023-01-24 14:00:00
U-03977,User_U-03977,Active,2023-01-14 14:00:00
U-03978,User_U-03978,Active,2023-01-11 14:00:00
U-03979,User_U-03979,Active,2023-01-07 14:00:00
U-03981,User_U-03981,Active,2023-01-11 14:00:00
U-03984,User_U-03984,Active,2023-01-15 14:00:00
U-03985,User_U-03985,Active,2023-01-12 14:00:00
U-03986,User_U-03986,Active,2023-01-08 14:00:00
U-03988,User_U-03988,Active,2023-01-02 14:00:00
U-03989,User_U-03989,Active,2023-01-10 14:00:00
U-03991,User_U-03991,Active,2023-01-29 14:00:00
U-03993,User_U-03993,Active,2023-01-17 14:00:00
U-03994,User_U-03994,Active,2023-01-30 14:00:00
U-03998,User_U-03998,Active,2023-01-03 14:00:00
U-03999,User_U-03999,Active,2023-01-07 14:00:00
U-04001,User_U-04001,Active,2023-01-28 14:00:00
U-04002,User_U-04002,Active,2023-01-02 14:00:00
U-04003,User_U-04003,Active,2023-01-03 14:00:00
U-04004,User_U-04004,Active,2023-01-07 14:00:00
U-04006,User_U-04006,Active,2023-01-15 14:00:00
U-04009,User_U-04009,Active,2023-01-14 14:00:00
U-04010,User_U-04010,Active,2023-01-05 14:00:00
U-04011,User_U-04011,Active,2023-01-20 14:00:00
U-04014,User_U-04014,Active,2023-01-02 14:00:00
U-04016,User_U-04016,Active,2023-01-26 14:00:00
U-04021,User_U-04021,Active,2023-01-17 14:00:00
U-04022,User_U-04022,Active,2023-01-07 14:00:00
U-04023,User_U-04023,Active,2023-01-25 14:00:00
U-04026,User_U-04026,Active,2023-01-09 14:00:00
U-04027,User_U-04027,Active,2023-01-14 14:00:00
U-04028,User_U-04028,Active,2023-01-21 14:00:00
U-04029,User_U-04029,Active,2023-01-06 14:00:00
U-04030,User_U-04030,Active,2023-01-06 14:00:00
U-04033,User_U-04033,Active,2023-01-17 14:00:00
U-04034,User_U-04034,Active,2023-01-12 14:00:00
U-04036,User_U-04036,Active,2023-01-28 14:00:00
U-04037,User_U-04037,Active,2023-01-28 14:00:00
U-04039,User_U-04039,Active,2023-01-10 14:00:00
U-04041,User_U-04041,Active,2023-01-20 14:00:00
U-04043,User_U-04043,Active,2023-01-06 14:00:00
U-04044,User_U-04044,Active,2023-01-14 14:00:00
U-04045,User_U-04045,Active,2023-01-04 14:00:00
U-04046,User_U-04046,Active,2023-01-18 14:00:00
U-04048,User_U-04048,Active,2023-01-24 14:00:00
U-04049,User_U-04049,Active,2023-01-08 14:00:00
U-04050,User_U-04050,Active,2023-01-03 14:00:00
U-04051,User_U-04051,Active,2023-01-16 14:00:00
U-04052,User_U-04052,Active,2023-01-24 14:00:00
U-04053,User_U-04053,Active,2023-01-19 14:00:00
U-04054,User_U-04054,Active,2023-01-22 14:00:00
U-04055,User_U-04055,Active,2023-01-17 14:00:00
U-04056,User_U-04056,Active,2023-01-06 14:00:00
U-04057,User_U-04057,Active,2023-01-05 14:00:00
U-04060,User_U-04060,Active,2023-01-24 14:00:00
U-04063,User_U-04063,Active,2023-01-25 14:00:00
U-04064,User_U-04064,Active,2023-01-24 14:00:00
U-04065,User_U-04065,Active,2023-01-04 14:00:00
U-04066,User_U-04066,Active,2023-01-06 14:00:00
U-04067,User_U-04067,Active,2023-01-15 14:00:00
U-04068,User_U-04068,Active,2023-01-06 14:00:00
U-04070,User_U-04070,Active,2023-01-19 14:00:00
U-04072,User_U-04072,Active,2023-01-13 14:00:00
U-04073,User_U-04073,Active,2023-01-29 14:00:00
U-04074,User_U-04074,Active,2023-01-13 14:00:00
U-04075,User_U-04075,Active,2023-01-03 14:00:00
U-04077,User_U-04077,Active,2023-01-05 14:00:00
U-04078,User_U-04078,Active,2023-01-20 14:00:00
U-04080,User_U-04080,Active,2023-01-25 14:00:00
U-04084,User_U-04084,Active,2023-01-11 14:00:00
U-04085,User_U-04085,Active,2023-01-02 14:00:00
U-04087,User_U-04087,Active,2023-01-20 14:00:00
U-04090,User_U-04090,Active,2023-01-05 14:00:00
U-04092,User_U-04092,Active,2023-01-05 14:00:00
U-04093,User_U-04093,Active,2023-01-12 14:00:00
U-04095,User_U-04095,Active,2023-01-14 14:00:00
U-04096,User_U-04096,Active,2023-01-12 14:00:00
U-04097,User_U-04097,Active,2023-01-21 14:00:00
U-04098,User_U-04098,Active,2023-01-21 14:00:00
U-04099,User_U-04099,Active,2023-01-11 14:00:00
U-04101,User_U-04101,Active,2023-01-22 14:00:00
U-04102,User_U-04102,Active,2023-01-12 14:00:00
U-04103,User_U-04103,Active,2023-01-10 14:00:00
U-04104,User_U-04104,Active,2023-01-14 14:00:00
U-04105,User_U-04105,Active,2023-01-10 14:00:00
U-04106,User_U-04106,Active,2023-01-19 14:00:00
U-04107,User_U-04107,Active,2023-01-30 14:00:00
U-04108,User_U-04108,Active,2023-01-24 14:00:00
U-04109,User_U-04109,Active,2023-01-20 14:00:00
U-04110,User_U-04110,Active,2023-01-12 14:00:00
U-04111,User_U-04111,Active,2023-01-14 14:00:00
U-04115,User_U-04115,Active,2023-01-15 14:00:00
U-04116,User_U-04116,Active,2023-01-05 14:00:00
U-04117,User_U-04117,Active,2023-01-11 14:00:00
U-04119,User_U-04119,Active,2023-01-09 14:00:00
U-04120,User_U-04120,Active,2023-01-14 14:00:00
U-04122,User_U-04122,Active,2023-01-21 14:00:00
U-04124,User_U-04124,Active,2023-01-26 14:00:00
U-04128,User_U-04128,Active,2023-01-20 14:00:00
U-04131,User_U-04131,Active,2023-01-15 14:00:00
U-04133,User_U-04133,Active,2023-01-14 14:00:00
U-04134,User_U-04134,Active,2023-01-19 14:00:00
U-04137,User_U-04137,Active,2023-01-08 14:00:00
U-04138,User_U-04138,Active,2023-01-02 14:00:00
U-04139,User_U-04139,Active,2023-01-13 14:00:00
U-04140,User_U-04140,Active,2023-01-10 14:00:00
U-04141,User_U-04141,Active,2023-01-12 14:00:00
U-04147,User_U-04147,Active,2023-01-27 14:00:00
U-04148,User_U-04148,Active,2023-01-27 14:00:00
U-04149,User_U-04149,Active,2023-01-08 14:00:00
U-04154,User_U-04154,Active,2023-01-29 14:00:00
U-04155,User_U-04155,Active,2023-01-09 14:00:00
U-04156,User_U-04156,Active,2023-01-15 14:00:00
U-04158,User_U-04158,Active,2023-01-02 14:00:00
U-04161,User_U-04161,Active,2023-01-29 14:00:00
U-04164,User_U-04164,Active,2023-01-16 14:00:00
U-04166,User_U-04166,Active,2023-01-08 14:00:00
U-04170,User_U-04170,Active,2023-01-16 14:00:00
U-04172,User_U-04172,Active,2023-01-26 14:00:00
U-04173,User_U-04173,Active,2023-01-08 14:00:00
U-04174,User_U-04174,Active,2023-01-10 14:00:00
U-04176,User_U-04176,Active,2023-01-02 14:00:00
U-04177,User_U-04177,Active,2023-01-06 14:00:00
U-04178,User_U-04178,Active,2023-01-20 14:00:00
U-04185,User_U-04185,Active,2023-01-22 14:00:00
U-04186,User_U-04186,Active,2023-01-15 14:00:00
U-04187,User_U-04187,Active,2023-01-08 14:00:00
U-04188,User_U-04188,Active,2023-01-04 14:00:00
U-04189,User_U-04189,Active,2023-01-27 14:00:00
U-04190,User_U-04190,Active,2023-01-16 14:00:00
U-04191,User_U-04191,Active,2023-01-13 14:00:00
U-04193,User_U-04193,Active,2023-01-26 14:00:00
U-04194,User_U-04194,Active,2023-01-19 14:00:00
U-04196,User_U-04196,Active,2023-01-04 14:00:00
U-04197,User_U-04197,Active,2023-01-28 14:00:00
U-04201,User_U-04201,Active,2023-01-09 14:00:00
U-04202,User_U-04202,Active,2023-01-17 14:00:00
U-04205,User_U-04205,Active,2023-01-29 14:00:00
U-04206,User_U-04206,Active,2023-01-28 14:00:00
U-04207,User_U-04207,Active,2023-01-08 14:00:00
U-04208,User_U-04208,Active,2023-01-23 14:00:00
U-04209,User_U-04209,Active,2023-01-07 14:00:00
U-04210,User_U-04210,Active,2023-01-26 14:00:00
U-04213,User_U-04213,Active,2023-01-14 14:00:00
U-04214,User_U-04214,Active,2023-01-14 14:00:00
U-04217,User_U-04217,Active,2023-01-24 14:00:00
U-04218,User_U-04218,Active,2023-01-26 14:00:00
U-04219,User_U-04219,Active,2023-01-13 14:00:00
U-04220,User_U-04220,Active,2023-01-23 14:00:00
U-04221,User_U-04221,Active,2023-01-16 14:00:00
U-04222,User_U-04222,Active,2023-01-16 14:00:00
U-04223,User_U-04223,Active,2023-01-05 14:00:00
U-04224,User_U-04224,Active,2023-01-05 14:00:00
U-04229,User_U-04229,Active,2023-01-23 14:00:00
U-04230,User_U-04230,Active,2023-01-24 14:00:00
U-04231,User_U-04231,Active,2023-01-17 14:00:00
U-04232,User_U-04232,Active,2023-01-05 14:00:00
U-04233,User_U-04233,Active,2023-01-12 14:00:00
U-04234,User_U-04234,Active,2023-01-02 14:00:00
U-04235,User_U-04235,Active,2023-01-06 14:00:00
U-04236,User_U-04236,Active,2023-01-07 14:00:00
U-04237,User_U-04237,Active,2023-01-30 14:00:00
U-04241,User_U-04241,Active,2023-01-16 14:00:00
U-04243,User_U-04243,Active,2023-01-13 14:00:00
U-04244,User_U-04244,Active,2023-01-28 14:00:00
U-04247,User_U-04247,Active,2023-01-15 14:00:00
U-04250,User_U-04250,Active,2023-01-18 14:00:00
U-04252,User_U-04252,Active,2023-01-18 14:00:00
U-04256,User_U-04256,Active,2023-01-14 14:00:00
U-04257,User_U-04257,Active,2023-01-14 14:00:00
U-04258,User_U-04258,Active,2023-01-24 14:00:00
U-04259,User_U-04259,Active,2023-01-26 14:00:00
U-04260,User_U-04260,Active,2023-01-23 14:00:00
U-04261,User_U-04261,Active,2023-01-05 14:00:00
U-04262,User_U-04262,Active,2023-01-07 14:00:00
U-04263,User_U-04263,Active,2023-01-06 14:00:00
U-04266,User_U-04266,Active,2023-01-16 14:00:00
U-04268,User_U-04268,Active,2023-01-26 14:00:00
U-04270,User_U-04270,Active,2023-01-06 14:00:00
U-04272,User_U-04272,Active,2023-01-02 14:00:00
U-04274,User_U-04274,Active,2023-01-05 14:00:00
U-04279,User_U-04279,Active,2023-01-14 14:00:00
U-04280,User_U-04280,Active,2023-01-05 14:00:00
U-04281,User_U-04281,Active,2023-01-07 14:00:00
U-04282,User_U-04282,Active,2023-01-06 14:00:00
U-04283,User_U-04283,Active,2023-01-27 14:00:00
U-04284,User_U-04284,Active,2023-01-29 14:00:00
U-04285,User_U-04285,Active,2023-01-23 14:00:00
U-04287,User_U-04287,Active,2023-01-24 14:00:00
U-04290,User_U-04290,Active,2023-01-16 14:00:00
U-04292,User_U-04292,Active,2023-01-13 14:00:00
U-04294,User_U-04294,Active,2023-01-20 14:00:00
U-04299,User_U-04299,Active,2023-01-18 14:00:00
U-04301,User_U-04301,Active,2023-01-16 14:00:00
U-04303,User_U-04303,Active,2023-01-04 14:00:00
U-04305,User_U-04305,Active,2023-01-18 14:00:00
U-04307,User_U-04307,Active,2023-01-03 14:00:00
U-04308,User_U-04308,Active,2023-01-30 14:00:00
U-04309,User_U-04309,Active,2023-01-08 14:00:00
U-04310,User_U-04310,Active,2023-01-22 14:00:00
U-04312,User_U-04312,Active,2023-01-20 14:00:00
U-04313,User_U-04313,Active,2023-01-18 14:00:00
U-04314,User_U-04314,Active,2023-01-27 14:00:00
U-04316,User_U-04316,Active,2023-01-05 14:00:00
U-04317,User_U-04317,Active,2023-01-28 14:00:00
U-04318,User_U-04318,Active,2023-01-22 14:00:00
U-04319,User_U-04319,Active,2023-01-05 14:00:00
U-04320,User_U-04320,Active,2023-01-14 14:00:00
U-04324,User_U-04324,Active,2023-01-07 14:00:00
U-04326,User_U-04326,Active,2023-01-10 14:00:00
U-04327,User_U-04327,Active,2023-01-12 14:00:00
U-04328,User_U-04328,Active,2023-01-29 14:00:00
U-04331,User_U-04331,Active,2023-01-21 14:00:00
U-04333,User_U-04333,Active,2023-01-19 14:00:00
U-04334,User_U-04334,Active,2023-01-22 14:00:00
U-04335,User_U-04335,Active,2023-01-25 14:00:00
U-04338,User_U-04338,Active,2023-01-09 14:00:00
U-04339,User_U-04339,Active,2023-01-13 14:00:00
U-04340,User_U-04340,Active,2023-01-02 14:00:00
U-04341,User_U-04341,Active,2023-01-13 14:00:00
U-04342,User_U-04342,Active,2023-01-17 14:00:00
U-04343,User_U-04343,Active,2023-01-27 14:00:00
U-04346,User_U-04346,Active,2023-01-29 14:00:00
U-04348,User_U-04348,Active,2023-01-22 14:00:00
U-04352,User_U-04352,Active,2023-01-08 14:00:00
U-04356,User_U-04356,Active,2023-01-19 14:00:00
U-04358,User_U-04358,Active,2023-01-11 14:00:00
U-04359,User_U-04359,Active,2023-01-12 14:00:00
U-04361,User_U-04361,Active,2023-01-04 14:00:00
U-04362,User_U-04362,Active,2023-01-16 14:00:00
U-04364,User_U-04364,Active,2023-01-27 14:00:00
U-04367,User_U-04367,Active,2023-01-04 14:00:00
U-04368,User_U-04368,Active,2023-01-23 14:00:00
U-04369,User_U-04369,Active,2023-01-14 14:00:00
U-04370,User_U-04370,Active,2023-01-29 14:00:00
U-04373,User_U-04373,Active,2023-01-05 14:00:00
U-04374,User_U-04374,Active,2023-01-22 14:00:00
U-04375,User_U-04375,Active,2023-01-10 14:00:00
U-04377,User_U-04377,Active,2023-01-08 14:00:00
U-04379,User_U-04379,Active,2023-01-29 14:00:00
U-04382,User_U-04382,Active,2023-01-24 14:00:00
U-04384,User_U-04384,Active,2023-01-30 14:00:00
U-04387,User_U-04387,Active,2023-01-21 14:00:00
U-04388,User_U-04388,Active,2023-01-28 14:00:00
U-04389,User_U-04389,Active,2023-01-04 14:00:00
U-04391,User_U-04391,Active,2023-01-16 14:00:00
U-04392,User_U-04392,Active,2023-01-22 14:00:00
U-04393,User_U-04393,Active,2023-01-10 14:00:00
U-04394,User_U-04394,Active,2023-01-24 14:00:00
U-04396,User_U-04396,Active,2023-01-05 14:00:00
U-04398,User_U-04398,Active,2023-01-19 14:00:00
U-04399,User_U-04399,Active,2023-01-03 14:00:00
U-04400,User_U-04400,Active,2023-01-08 14:00:00
U-04402,User_U-04402,Active,2023-01-24 14:00:00
U-04403,User_U-04403,Active,2023-01-26 14:00:00
U-04405,User_U-04405,Active,2023-01-21 14:00:00
U-04410,User_U-04410,Active,2023-01-22 14:00:00
U-04411,User_U-04411,Active,2023-01-27 14:00:00
U-04413,User_U-04413,Active,2023-01-29 14:00:00
U-04414,User_U-04414,Active,2023-01-05 14:00:00
U-04415,User_U-04415,Active,2023-01-09 14:00:00
U-04419,User_U-04419,Active,2023-01-24 14:00:00
U-04420,User_U-04420,Active,2023-01-29 14:00:00
U-04421,User_U-04421,Active,2023-01-27 14:00:00
U-04422,User_U-04422,Active,2023-01-20 14:00:00
U-04423,User_U-04423,Active,2023-01-27 14:00:00
U-04424,User_U-04424,Active,2023-01-16 14:00:00
U-04427,User_U-04427,Active,2023-01-24 14:00:00
U-04428,User_U-04428,Active,2023-01-03 14:00:00
U-04430,User_U-04430,Active,2023-01-14 14:00:00
U-04431,User_U-04431,Active,2023-01-05 14:00:00
U-04433,User_U-04433,Active,2023-01-07 14:00:00
U-04436,User_U-04436,Active,2023-01-27 14:00:00
U-04438,User_U-04438,Active,2023-01-07 14:00:00
U-04439,User_U-04439,Active,2023-01-09 14:00:00
U-04440,User_U-04440,Active,2023-01-27 14:00:00
U-04443,User_U-04443,Active,2023-01-16 14:00:00
U-04449,User_U-04449,Active,2023-01-20 14:00:00
U-04451,User_U-04451,Active,2023-01-09 14:00:00
U-04452,User_U-04452,Active,2023-01-24 14:00:00
U-04453,User_U-04453,Active,2023-01-23 14:00:00
U-04454,User_U-04454,Active,2023-01-15 14:00:00
U-04455,User_U-04455,Active,2023-01-29 14:00:00
U-04456,User_U-04456,Active,2023-01-19 14:00:00
U-04457,User_U-04457,Active,2023-01-26 14:00:00
U-04458,User_U-04458,Active,2023-01-02 14:00:00
U-04461,User_U-04461,Active,2023-01-22 14:00:00
U-04463,User_U-04463,Active,2023-01-20 14:00:00
U-04465,User_U-04465,Active,2023-01-04 14:00:00
U-04466,User_U-04466,Active,2023-01-25 14:00:00
U-04467,User_U-04467,Active,2023-01-04 14:00:00
U-04468,User_U-04468,Active,2023-01-30 14:00:00
U-04471,User_U-04471,Active,2023-01-26 14:00:00
U-04472,User_U-04472,Active,2023-01-08 14:00:00
U-04473,User_U-04473,Active,2023-01-18 14:00:00
U-04475,User_U-04475,Active,2023-01-11 14:00:00
U-04476,User_U-04476,Active,2023-01-21 14:00:00
U-04480,User_U-04480,Active,2023-01-18 14:00:00
U-04481,User_U-04481,Active,2023-01-21 14:00:00
U-04483,User_U-04483,Active,2023-01-25 14:00:00
U-04484,User_U-04484,Active,2023-01-25 14:00:00
U-04486,User_U-04486,Active,2023-01-14 14:00:00
U-04488,User_U-04488,Active,2023-01-19 14:00:00
U-04490,User_U-04490,Active,2023-01-15 14:00:00
U-04491,User_U-04491,Active,2023-01-07 14:00:00
U-04495,User_U-04495,Active,2023-01-28 14:00:00
U-04496,User_U-04496,Active,2023-01-16 14:00:00
U-04497,User_U-04497,Active,2023-01-25 14:00:00
U-04498,User_U-04498,Active,2023-01-09 14:00:00
U-04499,User_U-04499,Active,2023-01-29 14:00:00
U-04501,User_U-04501,Active,2023-01-14 14:00:00
U-04503,User_U-04503,Active,2023-01-19 14:00:00
U-04504,User_U-04504,Active,2023-01-17 14:00:00
U-04505,User_U-04505,Active,2023-01-11 14:00:00
U-04507,User_U-04507,Active,2023-01-11 14:00:00
U-04508,User_U-04508,Active,2023-01-16 14:00:00
U-04510,User_U-04510,Active,2023-01-09 14:00:00
U-04511,User_U-04511,Active,2023-01-11 14:00:00
U-04514,User_U-04514,Active,2023-01-19 14:00:00
U-04518,User_U-04518,Active,2023-01-02 14:00:00
U-04519,User_U-04519,Active,2023-01-11 14:00:00
U-04521,User_U-04521,Active,2023-01-11 14:00:00
U-04522,User_U-04522,Active,2023-01-29 14:00:00
U-04523,User_U-04523,Active,2023-01-13 14:00:00
U-04525,User_U-04525,Active,2023-01-08 14:00:00
U-04532,User_U-04532,Active,2023-01-26 14:00:00
U-04533,User_U-04533,Active,2023-01-28 14:00:00
U-04536,User_U-04536,Active,2023-01-24 14:00:00
U-04537,User_U-04537,Active,2023-01-11 14:00:00
U-04539,User_U-04539,Active,2023-01-18 14:00:00
U-04540,User_U-04540,Active,2023-01-17 14:00:00
U-04541,User_U-04541,Active,2023-01-09 14:00:00
U-04542,User_U-04542,Active,2023-01-27 14:00:00
U-04543,User_U-04543,Active,2023-01-28 14:00:00
U-04546,User_U-04546,Active,2023-01-20 14:00:00
U-04547,User_U-04547,Active,2023-01-08 14:00:00
U-04549,User_U-04549,Active,2023-01-13 14:00:00
U-04550,User_U-04550,Active,2023-01-08 14:00:00
U-04551,User_U-04551,Active,2023-01-10 14:00:00
U-04554,User_U-04554,Active,2023-01-24 14:00:00
U-04555,User_U-04555,Active,2023-01-30 14:00:00
U-04559,User_U-04559,Active,2023-01-10 14:00:00
U-04561,User_U-04561,Active,2023-01-12 14:00:00
U-04563,User_U-04563,Active,2023-01-02 14:00:00
U-04569,User_U-04569,Active,2023-01-06 14:00:00
U-04573,User_U-04573,Active,2023-01-20 14:00:00
U-04574,User_U-04574,Active,2023-01-28 14:00:00
U-04576,User_U-04576,Active,2023-01-09 14:00:00
U-04577,User_U-04577,Active,2023-01-08 14:00:00
U-04579,User_U-04579,Active,2023-01-04 14:00:00
U-04581,User_U-04581,Active,2023-01-30 14:00:00
U-04582,User_U-04582,Active,2023-01-22 14:00:00
U-04584,User_U-04584,Active,2023-01-17 14:00:00
U-04586,User_U-04586,Active,2023-01-03 14:00:00
U-04588,User_U-04588,Active,2023-01-08 14:00:00
U-04590,User_U-04590,Active,2023-01-23 14:00:00
U-04591,User_U-04591,Active,2023-01-18 14:00:00
U-04592,User_U-04592,Active,2023-01-29 14:00:00
U-04599,User_U-04599,Active,2023-01-07 14:00:00
U-04600,User_U-04600,Active,2023-01-16 14:00:00
U-04601,User_U-04601,Active,2023-01-10 14:00:00
U-04602,User_U-04602,Active,2023-01-06 14:00:00
U-04605,User_U-04605,Active,2023-01-18 14:00:00
U-04607,User_U-04607,Active,2023-01-27 14:00:00
U-04608,User_U-04608,Active,2023-01-26 14:00:00
U-04610,User_U-04610,Active,2023-01-26 14:00:00
U-04611,User_U-04611,Active,2023-01-08 14:00:00
U-04612,User_U-04612,Active,2023-01-15 14:00:00
U-04613,User_U-04613,Active,2023-01-24 14:00:00
U-04614,User_U-04614,Active,2023-01-21 14:00:00
U-04615,User_U-04615,Active,2023-01-20 14:00:00
U-04624,User_U-04624,Active,2023-01-25 14:00:00
U-04625,User_U-04625,Active,2023-01-14 14:00:00
U-04627,User_U-04627,Active,2023-01-17 14:00:00
U-04630,User_U-04630,Active,2023-01-09 14:00:00
U-04631,User_U-04631,Active,2023-01-22 14:00:00
U-04633,User_U-04633,Active,2023-01-06 14:00:00
U-04634,User_U-04634,Active,2023-01-17 14:00:00
U-04638,User_U-04638,Active,2023-01-03 14:00:00
U-04640,User_U-04640,Active,2023-01-15 14:00:00
U-04642,User_U-04642,Active,2023-01-07 14:00:00
U-04644,User_U-04644,Active,2023-01-17 14:00:00
U-04648,User_U-04648,Active,2023-01-21 14:00:00
U-04649,User_U-04649,Active,2023-01-11 14:00:00
U-04650,User_U-04650,Active,2023-01-28 14:00:00
U-04651,User_U-04651,Active,2023-01-21 14:00:00
U-04655,User_U-04655,Active,2023-01-24 14:00:00
U-04657,User_U-04657,Active,2023-01-03 14:00:00
U-04660,User_U-04660,Active,2023-01-25 14:00:00
U-04662,User_U-04662,Active,2023-01-03 14:00:00
U-04666,User_U-04666,Active,2023-01-02 14:00:00
U-04667,User_U-04667,Active,2023-01-20 14:00:00
U-04668,User_U-04668,Active,2023-01-18 14:00:00
U-04674,User_U-04674,Active,2023-01-29 14:00:00
U-04675,User_U-04675,Active,2023-01-20 14:00:00
U-04676,User_U-04676,Active,2023-01-27 14:00:00
U-04680,User_U-04680,Active,2023-01-08 14:00:00
U-04685,User_U-04685,Active,2023-01-19 14:00:00
U-04686,User_U-04686,Active,2023-01-24 14:00:00
U-04687,User_U-04687,Active,2023-01-29 14:00:00
U-04688,User_U-04688,Active,2023-01-24 14:00:00
U-04690,User_U-04690,Active,2023-01-11 14:00:00
U-04695,User_U-04695,Active,2023-01-27 14:00:00
U-04696,User_U-04696,Active,2023-01-19 14:00:00
U-04697,User_U-04697,Active,2023-01-27 14:00:00
U-04700,User_U-04700,Active,2023-01-20 14:00:00
U-04702,User_U-04702,Active,2023-01-12 14:00:00
U-04704,User_U-04704,Active,2023-01-10 14:00:00
U-04705,User_U-04705,Active,2023-01-12 14:00:00
U-04706,User_U-04706,Active,2023-01-02 14:00:00
U-04707,User_U-04707,Active,2023-01-06 14:00:00
U-04708,User_U-04708,Active,2023-01-25 14:00:00
U-04712,User_U-04712,Active,2023-01-08 14:00:00
U-04713,User_U-04713,Active,2023-01-24 14:00:00
U-04714,User_U-04714,Active,2023-01-03 14:00:00
U-04715,User_U-04715,Active,2023-01-15 14:00:00
U-04716,User_U-04716,Active,2023-01-05 14:00:00
U-04717,User_U-04717,Active,2023-01-29 14:00:00
U-04720,User_U-04720,Active,2023-01-15 14:00:00
U-04723,User_U-04723,Active,2023-01-03 14:00:00
U-04724,User_U-04724,Active,2023-01-12 14:00:00
U-04725,User_U-04725,Active,2023-01-23 14:00:00
U-04728,User_U-04728,Active,2023-01-06 14:00:00
U-04729,User_U-04729,Active,2023-01-10 14:00:00
U-04730,User_U-04730,Active,2023-01-19 14:00:00
U-04732,User_U-04732,Active,2023-01-06 14:00:00
U-04735,User_U-04735,Active,2023-01-18 14:00:00
U-04736,User_U-04736,Active,2023-01-14 14:00:00
U-04737,User_U-04737,Active,2023-01-28 14:00:00
U-04738,User_U-04738,Active,2023-01-29 14:00:00
U-04741,User_U-04741,Active,2023-01-24 14:00:00
U-04743,User_U-04743,Active,2023-01-28 14:00:00
U-04744,User_U-04744,Active,2023-01-13 14:00:00
U-04747,User_U-04747,Active,2023-01-11 14:00:00
U-04748,User_U-04748,Active,2023-01-17 14:00:00
U-04749,User_U-04749,Active,2023-01-26 14:00:00
U-04750,User_U-04750,Active,2023-01-26 14:00:00
U-04752,User_U-04752,Active,2023-01-09 14:00:00
U-04753,User_U-04753,Active,2023-01-23 14:00:00
U-04755,User_U-04755,Active,2023-01-18 14:00:00
U-04756,User_U-04756,Active,2023-01-08 14:00:00
U-04758,User_U-04758,Active,2023-01-16 14:00:00
U-04762,User_U-04762,Active,2023-01-29 14:00:00
U-04764,User_U-04764,Active,2023-01-12 14:00:00
U-04765,User_U-04765,Active,2023-01-08 14:00:00
U-04767,User_U-04767,Active,2023-01-02 14:00:00
U-04773,User_U-04773,Active,2023-01-23 14:00:00
U-04775,User_U-04775,Active,2023-01-28 14:00:00
U-04779,User_U-04779,Active,2023-01-04 14:00:00
U-04780,User_U-04780,Active,2023-01-07 14:00:00
U-04781,User_U-04781,Active,2023-01-06 14:00:00
U-04784,User_U-04784,Active,2023-01-27 14:00:00
U-04786,User_U-04786,Active,2023-01-03 14:00:00
U-04790,User_U-04790,Active,2023-01-28 14:00:00
U-04791,User_U-04791,Active,2023-01-22 14:00:00
U-04793,User_U-04793,Active,2023-01-29 14:00:00
U-04794,User_U-04794,Active,2023-01-05 14:00:00
U-04795,User_U-04795,Active,2023-01-19 14:00:00
U-04796,User_U-04796,Active,2023-01-15 14:00:00
U-04797,User_U-04797,Active,2023-01-11 14:00:00
U-04803,User_U-04803,Active,2023-01-30 14:00:00
U-04805,User_U-04805,Active,2023-01-19 14:00:00
U-04806,User_U-04806,Active,2023-01-25 14:00:00
U-04810,User_U-04810,Active,2023-01-15 14:00:00
U-04812,User_U-04812,Active,2023-01-13 14:00:00
U-04813,User_U-04813,Active,2023-01-04 14:00:00
U-04818,User_U-04818,Active,2023-01-04 14:00:00
U-04820,User_U-04820,Active,2023-01-30 14:00:00
U-04823,User_U-04823,Active,2023-01-02 14:00:00
U-04825,User_U-04825,Active,2023-01-09 14:00:00
U-04827,User_U-04827,Active,2023-01-30 14:00:00
U-04828,User_U-04828,Active,2023-01-12 14:00:00
U-04829,User_U-04829,Active,2023-01-27 14:00:00
U-04833,User_U-04833,Active,2023-01-26 14:00:00
U-04836,User_U-04836,Active,2023-01-13 14:00:00
U-04839,User_U-04839,Active,2023-01-04 14:00:00
U-04840,User_U-04840,Active,2023-01-28 14:00:00
U-04841,User_U-04841,Active,2023-01-11 14:00:00
U-04845,User_U-04845,Active,2023-01-04 14:00:00
U-04846,User_U-04846,Active,2023-01-16 14:00:00
U-04848,User_U-04848,Active,2023-01-21 14:00:00
U-04849,User_U-04849,Active,2023-01-16 14:00:00
U-04850,User_U-04850,Active,2023-01-26 14:00:00
U-04851,User_U-04851,Active,2023-01-10 14:00:00
U-04853,User_U-04853,Active,2023-01-27 14:00:00
U-04854,User_U-04854,Active,2023-01-19 14:00:00
U-04855,User_U-04855,Active,2023-01-19 14:00:00
U-04856,User_U-04856,Active,2023-01-17 14:00:00
U-04857,User_U-04857,Active,2023-01-17 14:00:00
U-04858,User_U-04858,Active,2023-01-03 14:00:00
U-04859,User_U-04859,Active,2023-01-20 14:00:00
U-04860,User_U-04860,Active,2023-01-14 14:00:00
U-04862,User_U-04862,Active,2023-01-09 14:00:00
U-04863,User_U-04863,Active,2023-01-18 14:00:00
U-04864,User_U-04864,Active,2023-01-06 14:00:00
U-04865,User_U-04865,Active,2023-01-07 14:00:00
U-04866,User_U-04866,Active,2023-01-24 14:00:00
U-04871,User_U-04871,Active,2023-01-13 14:00:00
U-04872,User_U-04872,Active,2023-01-22 14:00:00
U-04873,User_U-04873,Active,2023-01-28 14:00:00
U-04875,User_U-04875,Active,2023-01-30 14:00:00
U-04877,User_U-04877,Active,2023-01-13 14:00:00
U-04879,User_U-04879,Active,2023-01-30 14:00:00
U-04880,User_U-04880,Active,2023-01-08 14:00:00
U-04883,User_U-04883,Active,2023-01-06 14:00:00
U-04886,User_U-04886,Active,2023-01-24 14:00:00
U-04887,User_U-04887,Active,2023-01-11 14:00:00
U-04892,User_U-04892,Active,2023-01-26 14:00:00
U-04898,User_U-04898,Active,2023-01-25 14:00:00
U-04899,User_U-04899,Active,2023-01-27 14:00:00
U-04900,User_U-04900,Active,2023-01-28 14:00:00
U-04902,User_U-04902,Active,2023-01-17 14:00:00
U-04904,User_U-04904,Active,2023-01-07 14:00:00
U-04909,User_U-04909,Active,2023-01-15 14:00:00
U-04911,User_U-04911,Active,2023-01-27 14:00:00
U-04912,User_U-04912,Active,2023-01-22 14:00:00
U-04913,User_U-04913,Active,2023-01-25 14:00:00
U-04915,User_U-04915,Active,2023-01-13 14:00:00
U-04918,User_U-04918,Active,2023-01-17 14:00:00
U-04919,User_U-04919,Active,2023-01-22 14:00:00
U-04920,User_U-04920,Active,2023-01-08 14:00:00
U-04921,User_U-04921,Active,2023-01-19 14:00:00
U-04923,User_U-04923,Active,2023-01-30 14:00:00
U-04927,User_U-04927,Active,2023-01-24 14:00:00
U-04933,User_U-04933,Active,2023-01-11 14:00:00
U-04935,User_U-04935,Active,2023-01-15 14:00:00
U-04936,User_U-04936,Active,2023-01-17 14:00:00
U-04938,User_U-04938,Active,2023-01-30 14:00:00
U-04939,User_U-04939,Active,2023-01-21 14:00:00
U-04940,User_U-04940,Active,2023-01-27 14:00:00
U-04941,User_U-04941,Active,2023-01-06 14:00:00
U-04942,User_U-04942,Active,2023-01-20 14:00:00
U-04945,User_U-04945,Active,2023-01-05 14:00:00
U-04948,User_U-04948,Active,2023-01-30 14:00:00
U-04950,User_U-04950,Active,2023-01-17 14:00:00
U-04952,User_U-04952,Active,2023-01-10 14:00:00
U-04953,User_U-04953,Active,2023-01-25 14:00:00
U-04955,User_U-04955,Active,2023-01-15 14:00:00
U-04957,User_U-04957,Active,2023-01-11 14:00:00
U-04958,User_U-04958,Active,2023-01-10 14:00:00
U-04959,User_U-04959,Active,2023-01-11 14:00:00
U-04962,User_U-04962,Active,2023-01-22 14:00:00
U-04964,User_U-04964,Active,2023-01-05 14:00:00
U-04965,User_U-04965,Active,2023-01-19 14:00:00
U-04967,User_U-04967,Active,2023-01-17 14:00:00
U-04969,User_U-04969,Active,2023-01-14 14:00:00
U-04970,User_U-04970,Active,2023-01-20 14:00:00
U-04971,User_U-04971,Active,2023-01-18 14:00:00
U-04972,User_U-04972,Active,2023-01-24 14:00:00
U-04973,User_U-04973,Active,2023-01-18 14:00:00
U-04979,User_U-04979,Active,2023-01-20 14:00:00
U-04981,User_U-04981,Active,2023-01-05 14:00:00
U-04982,User_U-04982,Active,2023-01-15 14:00:00
U-04984,User_U-04984,Active,2023-01-03 14:00:00
U-04985,User_U-04985,Active,2023-01-15 14:00:00
U-04986,User_U-04986,Active,2023-01-16 14:00:00
U-04987,User_U-04987,Active,2023-01-19 14:00:00
U-04988,User_U-04988,Active,2023-01-05 14:00:00
U-04989,User_U-04989,Active,2023-01-06 14:00:00
U-04993,User_U-04993,Active,2023-01-17 14:00:00
U-04994,User_U-04994,Active,2023-01-23 14:00:00
U-04996,User_U-04996,Active,2023-01-22 14:00:00
U-04997,User_U-04997,Active,2023-01-25 14:00:00
U-04998,User_U-04998,Active,2023-01-09 14:00:00
U-05000,User_U-05000,Active,2023-01-25 14:00:00
U-05001,User_U-05001,Active,2023-01-21 14:00:00
U-05003,User_U-05003,Active,2023-01-19 14:00:00
U-05004,User_U-05004,Active,2023-01-30 14:00:00
U-05006,User_U-05006,Active,2023-01-24 14:00:00
U-05007,User_U-05007,Active,2023-01-10 14:00:00
U-05008,User_U-05008,Active,2023-01-05 14:00:00
U-05009,User_U-05009,Active,2023-01-25 14:00:00
U-05010,User_U-05010,Active,2023-01-06 14:00:00
U-05011,User_U-05011,Active,2023-01-30 14:00:00
U-05013,User_U-05013,Active,2023-01-15 14:00:00
U-05014,User_U-05014,Active,2023-01-17 14:00:00
U-05018,User_U-05018,Active,2023-01-04 14:00:00
U-05020,User_U-05020,Active,2023-01-03 14:00:00
U-05025,User_U-05025,Active,2023-01-06 14:00:00
U-05028,User_U-05028,Active,2023-01-24 14:00:00
U-05033,User_U-05033,Active,2023-01-05 14:00:00
U-05034,User_U-05034,Active,2023-01-04 14:00:00
U-05035,User_U-05035,Active,2023-01-28 14:00:00
U-05036,User_U-05036,Active,2023-01-07 14:00:00
U-05037,User_U-05037,Active,2023-01-02 14:00:00
U-05040,User_U-05040,Active,2023-01-26 14:00:00
U-05041,User_U-05041,Active,2023-01-09 14:00:00
U-05043,User_U-05043,Active,2023-01-08 14:00:00
U-05044,User_U-05044,Active,2023-01-14 14:00:00
U-05045,User_U-05045,Active,2023-01-14 14:00:00
U-05047,User_U-05047,Active,2023-01-18 14:00:00
U-05048,User_U-05048,Active,2023-01-16 14:00:00
U-05051,User_U-05051,Active,2023-01-11 14:00:00
U-05053,User_U-05053,Active,2023-01-28 14:00:00
U-05055,User_U-05055,Active,2023-01-02 14:00:00
U-05056,User_U-05056,Active,2023-01-18 14:00:00
U-05057,User_U-05057,Active,2023-01-11 14:00:00
U-05058,User_U-05058,Active,2023-01-12 14:00:00
U-05064,User_U-05064,Active,2023-01-25 14:00:00
U-05065,User_U-05065,Active,2023-01-28 14:00:00
U-05066,User_U-05066,Active,2023-01-22 14:00:00
U-05068,User_U-05068,Active,2023-01-11 14:00:00
U-05071,User_U-05071,Active,2023-01-07 14:00:00
U-05074,User_U-05074,Active,2023-01-17 14:00:00
U-05080,User_U-05080,Active,2023-01-07 14:00:00
U-05081,User_U-05081,Active,2023-01-11 14:00:00
U-05082,User_U-05082,Active,2023-01-06 14:00:00
U-05084,User_U-05084,Active,2023-01-28 14:00:00
U-05085,User_U-05085,Active,2023-01-27 14:00:00
U-05087,User_U-05087,Active,2023-01-15 14:00:00
U-05088,User_U-05088,Active,2023-01-24 14:00:00
U-05089,User_U-05089,Active,2023-01-29 14:00:00
U-05090,User_U-05090,Active,2023-01-11 14:00:00
U-05092,User_U-05092,Active,2023-01-11 14:00:00
U-05093,User_U-05093,Active,2023-01-27 14:00:00
U-05095,User_U-05095,Active,2023-01-15 14:00:00
U-05098,User_U-05098,Active,2023-01-26 14:00:00
U-05099,User_U-05099,Active,2023-01-10 14:00:00
U-05100,User_U-05100,Active,2023-01-13 14:00:00
U-05101,User_U-05101,Active,2023-01-27 14:00:00
U-05104,User_U-05104,Active,2023-01-26 14:00:00
U-05105,User_U-05105,Active,2023-01-20 14:00:00
U-05107,User_U-05107,Active,2023-01-26 14:00:00
U-05108,User_U-05108,Active,2023-01-24 14:00:00
U-05109,User_U-05109,Active,2023-01-29 14:00:00
U-05111,User_U-05111,Active,2023-01-24 14:00:00
U-05113,User_U-05113,Active,2023-01-04 14:00:00
U-05114,User_U-05114,Active,2023-01-15 14:00:00
U-05116,User_U-05116,Active,2023-01-25 14:00:00
U-05118,User_U-05118,Active,2023-01-18 14:00:00
U-05119,User_U-05119,Active,2023-01-23 14:00:00
U-05120,User_U-05120,Active,2023-01-21 14:00:00
U-05123,User_U-05123,Active,2023-01-07 14:00:00
U-05127,User_U-05127,Active,2023-01-29 14:00:00
U-05130,User_U-05130,Active,2023-01-25 14:00:00
U-05131,User_U-05131,Active,2023-01-26 14:00:00
U-05133,User_U-05133,Active,2023-01-19 14:00:00
U-05135,User_U-05135,Active,2023-01-16 14:00:00
U-05136,User_U-05136,Active,2023-01-05 14:00:00
U-05137,User_U-05137,Active,2023-01-20 14:00:00
U-05138,User_U-05138,Active,2023-01-20 14:00:00
U-05139,User_U-05139,Active,2023-01-21 14:00:00
U-05141,User_U-05141,Active,2023-01-14 14:00:00
U-05142,User_U-05142,Active,2023-01-28 14:00:00
U-05146,User_U-05146,Active,2023-01-12 14:00:00
U-05147,User_U-05147,Active,2023-01-10 14:00:00
U-05148,User_U-05148,Active,2023-01-08 14:00:00
U-05150,User_U-05150,Active,2023-01-17 14:00:00
U-05152,User_U-05152,Active,2023-01-07 14:00:00
U-05155,User_U-05155,Active,2023-01-04 14:00:00
U-05156,User_U-05156,Active,2023-01-17 14:00:00
U-05158,User_U-05158,Active,2023-01-28 14:00:00
U-05159,User_U-05159,Active,2023-01-05 14:00:00
U-05161,User_U-05161,Active,2023-01-20 14:00:00
U-05162,User_U-05162,Active,2023-01-14 14:00:00
U-05164,User_U-05164,Active,2023-01-11 14:00:00
U-05165,User_U-05165,Active,2023-01-25 14:00:00
U-05168,User_U-05168,Active,2023-01-26 14:00:00
U-05170,User_U-05170,Active,2023-01-21 14:00:00
U-05171,User_U-05171,Active,2023-01-22 14:00:00
U-05172,User_U-05172,Active,2023-01-22 14:00:00
U-05174,User_U-05174,Active,2023-01-06 14:00:00
U-05177,User_U-05177,Active,2023-01-13 14:00:00
U-05178,User_U-05178,Active,2023-01-08 14:00:00
U-05179,User_U-05179,Active,2023-01-20 14:00:00
U-05180,User_U-05180,Active,2023-01-26 14:00:00
U-05184,User_U-05184,Active,2023-01-23 14:00:00
U-05185,User_U-05185,Active,2023-01-23 14:00:00
U-05186,User_U-05186,Active,2023-01-14 14:00:00
U-05187,User_U-05187,Active,2023-01-05 14:00:00
U-05188,User_U-05188,Active,2023-01-16 14:00:00
U-05189,User_U-05189,Active,2023-01-09 14:00:00
U-05190,User_U-05190,Active,2023-01-03 14:00:00
U-05191,User_U-05191,Active,2023-01-30 14:00:00
U-05193,User_U-05193,Active,2023-01-20 14:00:00
U-05194,User_U-05194,Active,2023-01-12 14:00:00
U-05195,User_U-05195,Active,2023-01-05 14:00:00
U-05198,User_U-05198,Active,2023-01-02 14:00:00
U-05202,User_U-05202,Active,2023-01-22 14:00:00
U-05204,User_U-05204,Active,2023-01-08 14:00:00
U-05206,User_U-05206,Active,2023-01-27 14:00:00
U-05207,User_U-05207,Active,2023-01-21 14:00:00
U-05208,User_U-05208,Active,2023-01-21 14:00:00
U-05209,User_U-05209,Active,2023-01-25 14:00:00
U-05211,User_U-05211,Active,2023-01-15 14:00:00
U-05212,User_U-05212,Active,2023-01-27 14:00:00
U-05213,User_U-05213,Active,2023-01-24 14:00:00
U-05214,User_U-05214,Active,2023-01-03 14:00:00
U-05216,User_U-05216,Active,2023-01-02 14:00:00
U-05217,User_U-05217,Active,2023-01-08 14:00:00
U-05218,User_U-05218,Active,2023-01-08 14:00:00
U-05219,User_U-05219,Active,2023-01-10 14:00:00
U-05221,User_U-05221,Active,2023-01-11 14:00:00
U-05224,User_U-05224,Active,2023-01-26 14:00:00
U-05226,User_U-05226,Active,2023-01-30 14:00:00
U-05231,User_U-05231,Active,2023-01-16 14:00:00
U-05234,User_U-05234,Active,2023-01-09 14:00:00
U-05236,User_U-05236,Active,2023-01-02 14:00:00
U-05237,User_U-05237,Active,2023-01-16 14:00:00
U-05238,User_U-05238,Active,2023-01-17 14:00:00
U-05240,User_U-05240,Active,2023-01-30 14:00:00
U-05241,User_U-05241,Active,2023-01-14 14:00:00
U-05242,User_U-05242,Active,2023-01-17 14:00:00
U-05243,User_U-05243,Active,2023-01-17 14:00:00
U-05244,User_U-05244,Active,2023-01-10 14:00:00
U-05245,User_U-05245,Active,2023-01-19 14:00:00
U-05246,User_U-05246,Active,2023-01-12 14:00:00
U-05247,User_U-05247,Active,2023-01-08 14:00:00
U-05249,User_U-05249,Active,2023-01-27 14:00:00
U-05250,User_U-05250,Active,2023-01-24 14:00:00
U-05252,User_U-05252,Active,2023-01-10 14:00:00
U-05253,User_U-05253,Active,2023-01-15 14:00:00
U-05255,User_U-05255,Active,2023-01-20 14:00:00
U-05256,User_U-05256,Active,2023-01-28 14:00:00
U-05258,User_U-05258,Active,2023-01-26 14:00:00
U-05259,User_U-05259,Active,2023-01-09 14:00:00
U-05260,User_U-05260,Active,2023-01-26 14:00:00
U-05264,User_U-05264,Active,2023-01-27 14:00:00
U-05266,User_U-05266,Active,2023-01-23 14:00:00
U-05267,User_U-05267,Active,2023-01-12 14:00:00
U-05269,User_U-05269,Active,2023-01-30 14:00:00
U-05270,User_U-05270,Active,2023-01-24 14:00:00
U-05271,User_U-05271,Active,2023-01-21 14:00:00
U-05273,User_U-05273,Active,2023-01-10 14:00:00
U-05274,User_U-05274,Active,2023-01-07 14:00:00
U-05276,User_U-05276,Active,2023-01-11 14:00:00
U-05279,User_U-05279,Active,2023-01-23 14:00:00
U-05280,User_U-05280,Active,2023-01-14 14:00:00
U-05281,User_U-05281,Active,2023-01-14 14:00:00
U-05286,User_U-05286,Active,2023-01-23 14:00:00
U-05290,User_U-05290,Active,2023-01-07 14:00:00
U-05292,User_U-05292,Active,2023-01-17 14:00:00
U-05293,User_U-05293,Active,2023-01-26 14:00:00
U-05295,User_U-05295,Active,2023-01-24 14:00:00
U-05296,User_U-05296,Active,2023-01-23 14:00:00
U-05297,User_U-05297,Active,2023-01-10 14:00:00
U-05298,User_U-05298,Active,2023-01-23 14:00:00
U-05299,User_U-05299,Active,2023-01-27 14:00:00
U-05300,User_U-05300,Active,2023-01-25 14:00:00
U-05301,User_U-05301,Active,2023-01-18 14:00:00
U-05302,User_U-05302,Active,2023-01-10 14:00:00
U-05303,User_U-05303,Active,2023-01-28 14:00:00
U-05306,User_U-05306,Active,2023-01-06 14:00:00
U-05307,User_U-05307,Active,2023-01-17 14:00:00
U-05308,User_U-05308,Active,2023-01-03 14:00:00
U-05309,User_U-05309,Active,2023-01-07 14:00:00
U-05310,User_U-05310,Active,2023-01-29 14:00:00
U-05313,User_U-05313,Active,2023-01-29 14:00:00
U-05314,User_U-05314,Active,2023-01-28 14:00:00
U-05315,User_U-05315,Active,2023-01-17 14:00:00
U-05318,User_U-05318,Active,2023-01-26 14:00:00
U-05319,User_U-05319,Active,2023-01-16 14:00:00
U-05320,User_U-05320,Active,2023-01-22 14:00:00
U-05322,User_U-05322,Active,2023-01-02 14:00:00
U-05323,User_U-05323,Active,2023-01-24 14:00:00
U-05324,User_U-05324,Active,2023-01-21 14:00:00
U-05326,User_U-05326,Active,2023-01-08 14:00:00
U-05328,User_U-05328,Active,2023-01-30 14:00:00
U-05331,User_U-05331,Active,2023-01-25 14:00:00
U-05334,User_U-05334,Active,2023-01-17 14:00:00
U-05339,User_U-05339,Active,2023-01-05 14:00:00
U-05341,User_U-05341,Active,2023-01-13 14:00:00
U-05345,User_U-05345,Active,2023-01-19 14:00:00
U-05346,User_U-05346,Active,2023-01-16 14:00:00
U-05350,User_U-05350,Active,2023-01-12 14:00:00
U-05352,User_U-05352,Active,2023-01-25 14:00:00
U-05354,User_U-05354,Active,2023-01-16 14:00:00
U-05355,User_U-05355,Active,2023-01-08 14:00:00
U-05356,User_U-05356,Active,2023-01-27 14:00:00
U-05359,User_U-05359,Active,2023-01-19 14:00:00
U-05361,User_U-05361,Active,2023-01-03 14:00:00
U-05366,User_U-05366,Active,2023-01-19 14:00:00
U-05367,User_U-05367,Active,2023-01-23 14:00:00
U-05368,User_U-05368,Active,2023-01-22 14:00:00
U-05369,User_U-05369,Active,2023-01-27 14:00:00
U-05370,User_U-05370,Active,2023-01-22 14:00:00
U-05374,User_U-05374,Active,2023-01-20 14:00:00
U-05375,User_U-05375,Active,2023-01-25 14:00:00
U-05376,User_U-05376,Active,2023-01-20 14:00:00
U-05377,User_U-05377,Active,2023-01-21 14:00:00
U-05379,User_U-05379,Active,2023-01-17 14:00:00
U-05380,User_U-05380,Active,2023-01-23 14:00:00
U-05383,User_U-05383,Active,2023-01-17 14:00:00
U-05385,User_U-05385,Active,2023-01-03 14:00:00
U-05386,User_U-05386,Active,2023-01-16 14:00:00
U-05387,User_U-05387,Active,2023-01-14 14:00:00
U-05390,User_U-05390,Active,2023-01-17 14:00:00
U-05393,User_U-05393,Active,2023-01-27 14:00:00
U-05394,User_U-05394,Active,2023-01-25 14:00:00
U-05396,User_U-05396,Active,2023-01-20 14:00:00
U-05397,User_U-05397,Active,2023-01-11 14:00:00
U-05398,User_U-05398,Active,2023-01-20 14:00:00
U-05399,User_U-05399,Active,2023-01-28 14:00:00
U-05402,User_U-05402,Active,2023-01-10 14:00:00
U-05403,User_U-05403,Active,2023-01-15 14:00:00
U-05404,User_U-05404,Active,2023-01-27 14:00:00
U-05406,User_U-05406,Active,2023-01-16 14:00:00
U-05408,User_U-05408,Active,2023-01-04 14:00:00
U-05409,User_U-05409,Active,2023-01-02 14:00:00
U-05413,User_U-05413,Active,2023-01-09 14:00:00
U-05414,User_U-05414,Active,2023-01-14 14:00:00
U-05415,User_U-05415,Active,2023-01-26 14:00:00
U-05417,User_U-05417,Active,2023-01-27 14:00:00
U-05419,User_U-05419,Active,2023-01-23 14:00:00
U-05420,User_U-05420,Active,2023-01-18 14:00:00
U-05421,User_U-05421,Active,2023-01-12 14:00:00
U-05422,User_U-05422,Active,2023-01-25 14:00:00
U-05424,User_U-05424,Active,2023-01-23 14:00:00
U-05427,User_U-05427,Active,2023-01-25 14:00:00
U-05428,User_U-05428,Active,2023-01-24 14:00:00
U-05431,User_U-05431,Active,2023-01-29 14:00:00
U-05432,User_U-05432,Active,2023-01-23 14:00:00
U-05435,User_U-05435,Active,2023-01-06 14:00:00
U-05437,User_U-05437,Active,2023-01-05 14:00:00
U-05438,User_U-05438,Active,2023-01-27 14:00:00
U-05442,User_U-05442,Active,2023-01-02 14:00:00
U-05444,User_U-05444,Active,2023-01-26 14:00:00
U-05445,User_U-05445,Active,2023-01-24 14:00:00
U-05446,User_U-05446,Active,2023-01-15 14:00:00
U-05448,User_U-05448,Active,2023-01-05 14:00:00
U-05449,User_U-05449,Active,2023-01-05 14:00:00
U-05450,User_U-05450,Active,2023-01-12 14:00:00
U-05451,User_U-05451,Active,2023-01-30 14:00:00
U-05454,User_U-05454,Active,2023-01-16 14:00:00
U-05456,User_U-05456,Active,2023-01-13 14:00:00
U-05457,User_U-05457,Active,2023-01-13 14:00:00
U-05458,User_U-05458,Active,2023-01-12 14:00:00
U-05459,User_U-05459,Active,2023-01-13 14:00:00
U-05460,User_U-05460,Active,2023-01-22 14:00:00
U-05462,User_U-05462,Active,2023-01-25 14:00:00
U-05465,User_U-05465,Active,2023-01-25 14:00:00
U-05471,User_U-05471,Active,2023-01-29 14:00:00
U-05472,User_U-05472,Active,2023-01-05 14:00:00
U-05474,User_U-05474,Active,2023-01-29 14:00:00
U-05475,User_U-05475,Active,2023-01-06 14:00:00
U-05477,User_U-05477,Active,2023-01-05 14:00:00
U-05478,User_U-05478,Active,2023-01-30 14:00:00
U-05480,User_U-05480,Active,2023-01-26 14:00:00
U-05481,User_U-05481,Active,2023-01-15 14:00:00
U-05483,User_U-05483,Active,2023-01-13 14:00:00
U-05484,User_U-05484,Active,2023-01-05 14:00:00
U-05487,User_U-05487,Active,2023-01-02 14:00:00
U-05489,User_U-05489,Active,2023-01-02 14:00:00
U-05491,User_U-05491,Active,2023-01-05 14:00:00
U-05492,User_U-05492,Active,2023-01-30 14:00:00
U-05493,User_U-05493,Active,2023-01-08 14:00:00
U-05494,User_U-05494,Active,2023-01-24 14:00:00
U-05495,User_U-05495,Active,2023-01-13 14:00:00
U-05496,User_U-05496,Active,2023-01-27 14:00:00
U-05497,User_U-05497,Active,2023-01-20 14:00:00
U-05498,User_U-05498,Active,2023-01-27 14:00:00
U-05499,User_U-05499,Active,2023-01-10 14:00:00
U-05500,User_U-05500,Active,2023-01-24 14:00:00
U-05502,User_U-05502,Active,2023-01-06 14:00:00
U-05508,User_U-05508,Active,2023-01-29 14:00:00
U-05509,User_U-05509,Active,2023-01-27 14:00:00
U-05510,User_U-05510,Active,2023-01-24 14:00:00
U-05512,User_U-05512,Active,2023-01-27 14:00:00
U-05513,User_U-05513,Active,2023-01-17 14:00:00
U-05515,User_U-05515,Active,2023-01-30 14:00:00
U-05516,User_U-05516,Active,2023-01-17 14:00:00
U-05517,User_U-05517,Active,2023-01-28 14:00:00
U-05518,User_U-05518,Active,2023-01-25 14:00:00
U-05520,User_U-05520,Active,2023-01-09 14:00:00
U-05523,User_U-05523,Active,2023-01-14 14:00:00
U-05525,User_U-05525,Active,2023-01-07 14:00:00
U-05526,User_U-05526,Active,2023-01-15 14:00:00
U-05529,User_U-05529,Active,2023-01-29 14:00:00
U-05532,User_U-05532,Active,2023-01-19 14:00:00
U-05536,User_U-05536,Active,2023-01-24 14:00:00
U-05537,User_U-05537,Active,2023-01-23 14:00:00
U-05538,User_U-05538,Active,2023-01-09 14:00:00
U-05541,User_U-05541,Active,2023-01-29 14:00:00
U-05542,User_U-05542,Active,2023-01-09 14:00:00
U-05543,User_U-05543,Active,2023-01-24 14:00:00
U-05544,User_U-05544,Active,2023-01-06 14:00:00
U-05546,User_U-05546,Active,2023-01-06 14:00:00
U-05547,User_U-05547,Active,2023-01-19 14:00:00
U-05553,User_U-05553,Active,2023-01-11 14:00:00
U-05557,User_U-05557,Active,2023-01-02 14:00:00
U-05558,User_U-05558,Active,2023-01-05 14:00:00
U-05559,User_U-05559,Active,2023-01-05 14:00:00
U-05560,User_U-05560,Active,2023-01-11 14:00:00
U-05561,User_U-05561,Active,2023-01-13 14:00:00
U-05565,User_U-05565,Active,2023-01-18 14:00:00
U-05568,User_U-05568,Active,2023-01-12 14:00:00
U-05573,User_U-05573,Active,2023-01-10 14:00:00
U-05575,User_U-05575,Active,2023-01-11 14:00:00
U-05576,User_U-05576,Active,2023-01-20 14:00:00
U-05577,User_U-05577,Active,2023-01-11 14:00:00
U-05580,User_U-05580,Active,2023-01-20 14:00:00
U-05581,User_U-05581,Active,2023-01-18 14:00:00
U-05582,User_U-05582,Active,2023-01-10 14:00:00
U-05585,User_U-05585,Active,2023-01-11 14:00:00
U-05587,User_U-05587,Active,2023-01-02 14:00:00
U-05588,User_U-05588,Active,2023-01-24 14:00:00
U-05590,User_U-05590,Active,2023-01-27 14:00:00
U-05591,User_U-05591,Active,2023-01-18 14:00:00
U-05593,User_U-05593,Active,2023-01-12 14:00:00
U-05594,User_U-05594,Active,2023-01-21 14:00:00
U-05595,User_U-05595,Active,2023-01-27 14:00:00
U-05596,User_U-05596,Active,2023-01-08 14:00:00
U-05597,User_U-05597,Active,2023-01-08 14:00:00
U-05598,User_U-05598,Active,2023-01-20 14:00:00
U-05599,User_U-05599,Active,2023-01-28 14:00:00
U-05600,User_U-05600,Active,2023-01-16 14:00:00
U-05601,User_U-05601,Active,2023-01-10 14:00:00
U-05604,User_U-05604,Active,2023-01-25 14:00:00
U-05607,User_U-05607,Active,2023-01-13 14:00:00
U-05608,User_U-05608,Active,2023-01-06 14:00:00
U-05610,User_U-05610,Active,2023-01-26 14:00:00
U-05611,User_U-05611,Active,2023-01-13 14:00:00
U-05614,User_U-05614,Active,2023-01-23 14:00:00
U-05616,User_U-05616,Active,2023-01-17 14:00:00
U-05620,User_U-05620,Active,2023-01-07 14:00:00
U-05621,User_U-05621,Active,2023-01-14 14:00:00
U-05622,User_U-05622,Active,2023-01-24 14:00:00
U-05625,User_U-05625,Active,2023-01-19 14:00:00
U-05627,User_U-05627,Active,2023-01-30 14:00:00
U-05632,User_U-05632,Active,2023-01-07 14:00:00
U-05637,User_U-05637,Active,2023-01-30 14:00:00
U-05638,User_U-05638,Active,2023-01-02 14:00:00
U-05639,User_U-05639,Active,2023-01-21 14:00:00
U-05641,User_U-05641,Active,2023-01-18 14:00:00
U-05644,User_U-05644,Active,2023-01-09 14:00:00
U-05646,User_U-05646,Active,2023-01-19 14:00:00
U-05647,User_U-05647,Active,2023-01-15 14:00:00
U-05648,User_U-05648,Active,2023-01-17 14:00:00
U-05649,User_U-05649,Active,2023-01-19 14:00:00
U-05652,User_U-05652,Active,2023-01-12 14:00:00
U-05653,User_U-05653,Active,2023-01-11 14:00:00
U-05654,User_U-05654,Active,2023-01-19 14:00:00
U-05655,User_U-05655,Active,2023-01-02 14:00:00
U-05657,User_U-05657,Active,2023-01-14 14:00:00
U-05658,User_U-05658,Active,2023-01-13 14:00:00
U-05664,User_U-05664,Active,2023-01-02 14:00:00
U-05665,User_U-05665,Active,2023-01-27 14:00:00
U-05666,User_U-05666,Active,2023-01-08 14:00:00
U-05667,User_U-05667,Active,2023-01-04 14:00:00
U-05668,User_U-05668,Active,2023-01-22 14:00:00
U-05669,User_U-05669,Active,2023-01-02 14:00:00
U-05671,User_U-05671,Active,2023-01-07 14:00:00
U-05673,User_U-05673,Active,2023-01-25 14:00:00
U-05675,User_U-05675,Active,2023-01-25 14:00:00
U-05676,User_U-05676,Active,2023-01-18 14:00:00
U-05678,User_U-05678,Active,2023-01-27 14:00:00
U-05680,User_U-05680,Active,2023-01-11 14:00:00
U-05681,User_U-05681,Active,2023-01-21 14:00:00
U-05685,User_U-05685,Active,2023-01-28 14:00:00
U-05688,User_U-05688,Active,2023-01-07 14:00:00
U-05694,User_U-05694,Active,2023-01-07 14:00:00
U-05697,User_U-05697,Active,2023-01-13 14:00:00
U-05700,User_U-05700,Active,2023-01-28 14:00:00
U-05701,User_U-05701,Active,2023-01-14 14:00:00
U-05702,User_U-05702,Active,2023-01-23 14:00:00
U-05706,User_U-05706,Active,2023-01-15 14:00:00
U-05707,User_U-05707,Active,2023-01-15 14:00:00
U-05708,User_U-05708,Active,2023-01-19 14:00:00
U-05711,User_U-05711,Active,2023-01-02 14:00:00
U-05712,User_U-05712,Active,2023-01-15 14:00:00
U-05713,User_U-05713,Active,2023-01-25 14:00:00
U-05716,User_U-05716,Active,2023-01-24 14:00:00
U-05717,User_U-05717,Active,2023-01-28 14:00:00
U-05719,User_U-05719,Active,2023-01-18 14:00:00
U-05720,User_U-05720,Active,2023-01-26 14:00:00
U-05722,User_U-05722,Active,2023-01-29 14:00:00
U-05725,User_U-05725,Active,2023-01-24 14:00:00
U-05729,User_U-05729,Active,2023-01-14 14:00:00
U-05732,User_U-05732,Active,2023-01-15 14:00:00
U-05734,User_U-05734,Active,2023-01-03 14:00:00
U-05735,User_U-05735,Active,2023-01-16 14:00:00
U-05736,User_U-05736,Active,2023-01-26 14:00:00
U-05738,User_U-05738,Active,2023-01-04 14:00:00
U-05739,User_U-05739,Active,2023-01-24 14:00:00
U-05740,User_U-05740,Active,2023-01-14 14:00:00
U-05741,User_U-05741,Active,2023-01-13 14:00:00
U-05743,User_U-05743,Active,2023-01-21 14:00:00
U-05745,User_U-05745,Active,2023-01-23 14:00:00
U-05747,User_U-05747,Active,2023-01-09 14:00:00
U-05751,User_U-05751,Active,2023-01-17 14:00:00
U-05752,User_U-05752,Active,2023-01-09 14:00:00
U-05754,User_U-05754,Active,2023-01-23 14:00:00
U-05755,User_U-05755,Active,2023-01-24 14:00:00
U-05758,User_U-05758,Active,2023-01-19 14:00:00
U-05759,User_U-05759,Active,2023-01-11 14:00:00
U-05760,User_U-05760,Active,2023-01-27 14:00:00
U-05762,User_U-05762,Active,2023-01-06 14:00:00
U-05763,User_U-05763,Active,2023-01-22 14:00:00
U-05764,User_U-05764,Active,2023-01-19 14:00:00
U-05765,User_U-05765,Active,2023-01-13 14:00:00
U-05766,User_U-05766,Active,2023-01-27 14:00:00
U-05767,User_U-05767,Active,2023-01-26 14:00:00
U-05769,User_U-05769,Active,2023-01-12 14:00:00
U-05779,User_U-05779,Active,2023-01-25 14:00:00
U-05781,User_U-05781,Active,2023-01-03 14:00:00
U-05782,User_U-05782,Active,2023-01-20 14:00:00
U-05784,User_U-05784,Active,2023-01-03 14:00:00
U-05786,User_U-05786,Active,2023-01-26 14:00:00
U-05789,User_U-05789,Active,2023-01-20 14:00:00
U-05792,User_U-05792,Active,2023-01-05 14:00:00
U-05793,User_U-05793,Active,2023-01-30 14:00:00
U-05794,User_U-05794,Active,2023-01-26 14:00:00
U-05795,User_U-05795,Active,2023-01-02 14:00:00
U-05796,User_U-05796,Active,2023-01-09 14:00:00
U-05798,User_U-05798,Active,2023-01-02 14:00:00
U-05800,User_U-05800,Active,2023-01-07 14:00:00
U-05801,User_U-05801,Active,2023-01-08 14:00:00
U-05803,User_U-05803,Active,2023-01-23 14:00:00
U-05811,User_U-05811,Active,2023-01-27 14:00:00
U-05812,User_U-05812,Active,2023-01-02 14:00:00
U-05813,User_U-05813,Active,2023-01-08 14:00:00
U-05815,User_U-05815,Active,2023-01-11 14:00:00
U-05816,User_U-05816,Active,2023-01-30 14:00:00
U-05817,User_U-05817,Active,2023-01-15 14:00:00
U-05819,User_U-05819,Active,2023-01-03 14:00:00
U-05821,User_U-05821,Active,2023-01-30 14:00:00
U-05822,User_U-05822,Active,2023-01-15 14:00:00
U-05823,User_U-05823,Active,2023-01-16 14:00:00
U-05824,User_U-05824,Active,2023-01-27 14:00:00
U-05826,User_U-05826,Active,2023-01-20 14:00:00
U-05827,User_U-05827,Active,2023-01-08 14:00:00
U-05828,User_U-05828,Active,2023-01-02 14:00:00
U-05830,User_U-05830,Active,2023-01-20 14:00:00
U-05831,User_U-05831,Active,2023-01-30 14:00:00
U-05835,User_U-05835,Active,2023-01-14 14:00:00
U-05837,User_U-05837,Active,2023-01-19 14:00:00
U-05840,User_U-05840,Active,2023-01-29 14:00:00
U-05842,User_U-05842,Active,2023-01-04 14:00:00
U-05845,User_U-05845,Active,2023-01-21 14:00:00
U-05846,User_U-05846,Active,2023-01-05 14:00:00
U-05851,User_U-05851,Active,2023-01-11 14:00:00
U-05852,User_U-05852,Active,2023-01-29 14:00:00
U-05853,User_U-05853,Active,2023-01-25 14:00:00
U-05855,User_U-05855,Active,2023-01-26 14:00:00
U-05858,User_U-05858,Active,2023-01-19 14:00:00
U-05859,User_U-05859,Active,2023-01-06 14:00:00
U-05861,User_U-05861,Active,2023-01-24 14:00:00
U-05863,User_U-05863,Active,2023-01-10 14:00:00
U-05865,User_U-05865,Active,2023-01-20 14:00:00
U-05867,User_U-05867,Active,2023-01-17 14:00:00
U-05868,User_U-05868,Active,2023-01-14 14:00:00
U-05869,User_U-05869,Active,2023-01-15 14:00:00
U-05871,User_U-05871,Active,2023-01-07 14:00:00
U-05872,User_U-05872,Active,2023-01-07 14:00:00
U-05873,User_U-05873,Active,2023-01-06 14:00:00
U-05874,User_U-05874,Active,2023-01-05 14:00:00
U-05875,User_U-05875,Active,2023-01-20 14:00:00
U-05877,User_U-05877,Active,2023-01-17 14:00:00
U-05879,User_U-05879,Active,2023-01-03 14:00:00
U-05885,User_U-05885,Active,2023-01-14 14:00:00
U-05887,User_U-05887,Active,2023-01-21 14:00:00
U-05889,User_U-05889,Active,2023-01-02 14:00:00
U-05893,User_U-05893,Active,2023-01-18 14:00:00
U-05894,User_U-05894,Active,2023-01-29 14:00:00
U-05895,User_U-05895,Active,2023-01-27 14:00:00
U-05898,User_U-05898,Active,2023-01-24 14:00:00
U-05900,User_U-05900,Active,2023-01-26 14:00:00
U-05901,User_U-05901,Active,2023-01-27 14:00:00
U-05902,User_U-05902,Active,2023-01-04 14:00:00
U-05903,User_U-05903,Active,2023-01-05 14:00:00
U-05904,User_U-05904,Active,2023-01-11 14:00:00
U-05905,User_U-05905,Active,2023-01-14 14:00:00
U-05906,User_U-05906,Active,2023-01-25 14:00:00
U-05907,User_U-05907,Active,2023-01-16 14:00:00
U-05908,User_U-05908,Active,2023-01-08 14:00:00
U-05909,User_U-05909,Active,2023-01-09 14:00:00
U-05911,User_U-05911,Active,2023-01-04 14:00:00
U-05912,User_U-05912,Active,2023-01-13 14:00:00
U-05913,User_U-05913,Active,2023-01-18 14:00:00
U-05914,User_U-05914,Active,2023-01-27 14:00:00
U-05915,User_U-05915,Active,2023-01-04 14:00:00
U-05918,User_U-05918,Active,2023-01-08 14:00:00
U-05919,User_U-05919,Active,2023-01-09 14:00:00
U-05921,User_U-05921,Active,2023-01-28 14:00:00
U-05922,User_U-05922,Active,2023-01-26 14:00:00
U-05923,User_U-05923,Active,2023-01-22 14:00:00
U-05924,User_U-05924,Active,2023-01-12 14:00:00
U-05925,User_U-05925,Active,2023-01-28 14:00:00
U-05926,User_U-05926,Active,2023-01-29 14:00:00
U-05927,User_U-05927,Active,2023-01-13 14:00:00
U-05931,User_U-05931,Active,2023-01-02 14:00:00
U-05932,User_U-05932,Active,2023-01-26 14:00:00
U-05933,User_U-05933,Active,2023-01-17 14:00:00
U-05934,User_U-05934,Active,2023-01-14 14:00:00
U-05935,User_U-05935,Active,2023-01-12 14:00:00
U-05936,User_U-05936,Active,2023-01-13 14:00:00
U-05937,User_U-05937,Active,2023-01-12 14:00:00
U-05940,User_U-05940,Active,2023-01-25 14:00:00
U-05941,User_U-05941,Active,2023-01-25 14:00:00
U-05943,User_U-05943,Active,2023-01-30 14:00:00
U-05945,User_U-05945,Active,2023-01-03 14:00:00
U-05947,User_U-05947,Active,2023-01-19 14:00:00
U-05948,User_U-05948,Active,2023-01-16 14:00:00
U-05950,User_U-05950,Active,2023-01-04 14:00:00
U-05953,User_U-05953,Active,2023-01-23 14:00:00
U-05954,User_U-05954,Active,2023-01-22 14:00:00
U-05955,User_U-05955,Active,2023-01-11 14:00:00
U-05956,User_U-05956,Active,2023-01-05 14:00:00
U-05958,User_U-05958,Active,2023-01-08 14:00:00
U-05959,User_U-05959,Active,2023-01-23 14:00:00
U-05960,User_U-05960,Active,2023-01-02 14:00:00
U-05965,User_U-05965,Active,2023-01-18 14:00:00
U-05966,User_U-05966,Active,2023-01-21 14:00:00
U-05968,User_U-05968,Active,2023-01-11 14:00:00
U-05969,User_U-05969,Active,2023-01-15 14:00:00
U-05970,User_U-05970,Active,2023-01-07 14:00:00
U-05974,User_U-05974,Active,2023-01-10 14:00:00
U-05976,User_U-05976,Active,2023-01-06 14:00:00
U-05977,User_U-05977,Active,2023-01-21 14:00:00
U-05979,User_U-05979,Active,2023-01-29 14:00:00
U-05980,User_U-05980,Active,2023-01-06 14:00:00
U-05983,User_U-05983,Active,2023-01-03 14:00:00
U-05984,User_U-05984,Active,2023-01-07 14:00:00
U-05985,User_U-05985,Active,2023-01-07 14:00:00
U-05987,User_U-05987,Active,2023-01-07 14:00:00
U-05990,User_U-05990,Active,2023-01-05 14:00:00
U-05993,User_U-05993,Active,2023-01-29 14:00:00
U-05994,User_U-05994,Active,2023-01-23 14:00:00
U-05995,User_U-05995,Active,2023-01-25 14:00:00
U-05997,User_U-05997,Active,2023-01-13 14:00:00
U-05998,User_U-05998,Active,2023-01-14 14:00:00
U-06000,User_U-06000,Active,2023-01-14 14:00:00
U-06001,User_U-06001,Active,2023-01-27 14:00:00
U-06003,User_U-06003,Active,2023-01-29 14:00:00
U-06007,User_U-06007,Active,2023-01-25 14:00:00
U-06008,User_U-06008,Active,2023-01-27 14:00:00
U-06011,User_U-06011,Active,2023-01-24 14:00:00
U-06012,User_U-06012,Active,2023-01-30 14:00:00
U-06018,User_U-06018,Active,2023-01-17 14:00:00
U-06020,User_U-06020,Active,2023-01-08 14:00:00
U-06021,User_U-06021,Active,2023-01-09 14:00:00
U-06024,User_U-06024,Active,2023-01-13 14:00:00
U-06026,User_U-06026,Active,2023-01-05 14:00:00
U-06029,User_U-06029,Active,2023-01-22 14:00:00
U-06030,User_U-06030,Active,2023-01-23 14:00:00
U-06031,User_U-06031,Active,2023-01-25 14:00:00
U-06032,User_U-06032,Active,2023-01-22 14:00:00
U-06033,User_U-06033,Active,2023-01-02 14:00:00
U-06034,User_U-06034,Active,2023-01-30 14:00:00
U-06035,User_U-06035,Active,2023-01-15 14:00:00
U-06036,User_U-06036,Active,2023-01-05 14:00:00
U-06037,User_U-06037,Active,2023-01-18 14:00:00
U-06038,User_U-06038,Active,2023-01-09 14:00:00
U-06042,User_U-06042,Active,2023-01-13 14:00:00
U-06045,User_U-06045,Active,2023-01-21 14:00:00
U-06046,User_U-06046,Active,2023-01-11 14:00:00
U-06050,User_U-06050,Active,2023-01-08 14:00:00
U-06051,User_U-06051,Active,2023-01-05 14:00:00
U-06052,User_U-06052,Active,2023-01-22 14:00:00
U-06053,User_U-06053,Active,2023-01-29 14:00:00
U-06054,User_U-06054,Active,2023-01-30 14:00:00
U-06056,User_U-06056,Active,2023-01-21 14:00:00
U-06058,User_U-06058,Active,2023-01-13 14:00:00
U-06059,User_U-06059,Active,2023-01-05 14:00:00
U-06061,User_U-06061,Active,2023-01-05 14:00:00
U-06062,User_U-06062,Active,2023-01-10 14:00:00
U-06063,User_U-06063,Active,2023-01-06 14:00:00
U-06067,User_U-06067,Active,2023-01-03 14:00:00
U-06068,User_U-06068,Active,2023-01-27 14:00:00
U-06070,User_U-06070,Active,2023-01-29 14:00:00
U-06071,User_U-06071,Active,2023-01-11 14:00:00
U-06073,User_U-06073,Active,2023-01-11 14:00:00
U-06074,User_U-06074,Active,2023-01-30 14:00:00
U-06078,User_U-06078,Active,2023-01-23 14:00:00
U-06082,User_U-06082,Active,2023-01-27 14:00:00
U-06083,User_U-06083,Active,2023-01-19 14:00:00
U-06085,User_U-06085,Active,2023-01-11 14:00:00
U-06087,User_U-06087,Active,2023-01-18 14:00:00
U-06089,User_U-06089,Active,2023-01-26 14:00:00
U-06092,User_U-06092,Active,2023-01-15 14:00:00
U-06093,User_U-06093,Active,2023-01-11 14:00:00
U-06095,User_U-06095,Active,2023-01-14 14:00:00
U-06096,User_U-06096,Active,2023-01-04 14:00:00
U-06099,User_U-06099,Active,2023-01-26 14:00:00
U-06100,User_U-06100,Active,2023-01-12 14:00:00
U-06101,User_U-06101,Active,2023-01-16 14:00:00
U-06103,User_U-06103,Active,2023-01-05 14:00:00
U-06104,User_U-06104,Active,2023-01-05 14:00:00
U-06105,User_U-06105,Active,2023-01-26 14:00:00
U-06106,User_U-06106,Active,2023-01-29 14:00:00
U-06107,User_U-06107,Active,2023-01-14 14:00:00
U-06109,User_U-06109,Active,2023-01-22 14:00:00
U-06110,User_U-06110,Active,2023-01-20 14:00:00
U-06111,User_U-06111,Active,2023-01-22 14:00:00
U-06112,User_U-06112,Active,2023-01-30 14:00:00
U-06113,User_U-06113,Active,2023-01-23 14:00:00
U-06114,User_U-06114,Active,2023-01-23 14:00:00
U-06116,User_U-06116,Active,2023-01-16 14:00:00
U-06117,User_U-06117,Active,2023-01-30 14:00:00
U-06119,User_U-06119,Active,2023-01-04 14:00:00
U-06120,User_U-06120,Active,2023-01-02 14:00:00
U-06121,User_U-06121,Active,2023-01-08 14:00:00
U-06123,User_U-06123,Active,2023-01-16 14:00:00
U-06124,User_U-06124,Active,2023-01-28 14:00:00
U-06125,User_U-06125,Active,2023-01-05 14:00:00
U-06127,User_U-06127,Active,2023-01-22 14:00:00
U-06129,User_U-06129,Active,2023-01-27 14:00:00
U-06130,User_U-06130,Active,2023-01-22 14:00:00
U-06131,User_U-06131,Active,2023-01-08 14:00:00
U-06132,User_U-06132,Active,2023-01-11 14:00:00
U-06133,User_U-06133,Active,2023-01-15 14:00:00
U-06136,User_U-06136,Active,2023-01-26 14:00:00
U-06137,User_U-06137,Active,2023-01-30 14:00:00
U-06140,User_U-06140,Active,2023-01-03 14:00:00
U-06141,User_U-06141,Active,2023-01-20 14:00:00
U-06143,User_U-06143,Active,2023-01-06 14:00:00
U-06145,User_U-06145,Active,2023-01-29 14:00:00
U-06146,User_U-06146,Active,2023-01-30 14:00:00
U-06148,User_U-06148,Active,2023-01-08 14:00:00
U-06149,User_U-06149,Active,2023-01-29 14:00:00
U-06151,User_U-06151,Active,2023-01-11 14:00:00
U-06153,User_U-06153,Active,2023-01-19 14:00:00
U-06156,User_U-06156,Active,2023-01-16 14:00:00
U-06157,User_U-06157,Active,2023-01-06 14:00:00
U-06158,User_U-06158,Active,2023-01-22 14:00:00
U-06160,User_U-06160,Active,2023-01-07 14:00:00
U-06161,User_U-06161,Active,2023-01-26 14:00:00
U-06163,User_U-06163,Active,2023-01-03 14:00:00
U-06164,User_U-06164,Active,2023-01-30 14:00:00
U-06165,User_U-06165,Active,2023-01-07 14:00:00
U-06166,User_U-06166,Active,2023-01-26 14:00:00
U-06167,User_U-06167,Active,2023-01-10 14:00:00
U-06170,User_U-06170,Active,2023-01-17 14:00:00
U-06171,User_U-06171,Active,2023-01-25 14:00:00
U-06178,User_U-06178,Active,2023-01-03 14:00:00
U-06180,User_U-06180,Active,2023-01-06 14:00:00
U-06181,User_U-06181,Active,2023-01-10 14:00:00
U-06182,User_U-06182,Active,2023-01-24 14:00:00
U-06183,User_U-06183,Active,2023-01-17 14:00:00
U-06186,User_U-06186,Active,2023-01-08 14:00:00
U-06187,User_U-06187,Active,2023-01-29 14:00:00
U-06189,User_U-06189,Active,2023-01-29 14:00:00
U-06191,User_U-06191,Active,2023-01-07 14:00:00
U-06192,User_U-06192,Active,2023-01-03 14:00:00
U-06194,User_U-06194,Active,2023-01-04 14:00:00
U-06195,User_U-06195,Active,2023-01-13 14:00:00
U-06196,User_U-06196,Active,2023-01-19 14:00:00
U-06202,User_U-06202,Active,2023-01-03 14:00:00
U-06206,User_U-06206,Active,2023-01-12 14:00:00
U-06207,User_U-06207,Active,2023-01-04 14:00:00
U-06208,User_U-06208,Active,2023-01-29 14:00:00
U-06209,User_U-06209,Active,2023-01-30 14:00:00
U-06210,User_U-06210,Active,2023-01-26 14:00:00
U-06213,User_U-06213,Active,2023-01-06 14:00:00
U-06215,User_U-06215,Active,2023-01-15 14:00:00
U-06216,User_U-06216,Active,2023-01-06 14:00:00
U-06219,User_U-06219,Active,2023-01-03 14:00:00
U-06220,User_U-06220,Active,2023-01-08 14:00:00
U-06223,User_U-06223,Active,2023-01-19 14:00:00
U-06225,User_U-06225,Active,2023-01-24 14:00:00
U-06227,User_U-06227,Active,2023-01-06 14:00:00
U-06228,User_U-06228,Active,2023-01-14 14:00:00
U-06229,User_U-06229,Active,2023-01-05 14:00:00
U-06230,User_U-06230,Active,2023-01-20 14:00:00
U-06231,User_U-06231,Active,2023-01-02 14:00:00
U-06233,User_U-06233,Active,2023-01-26 14:00:00
U-06234,User_U-06234,Active,2023-01-23 14:00:00
U-06235,User_U-06235,Active,2023-01-17 14:00:00
U-06239,User_U-06239,Active,2023-01-03 14:00:00
U-06241,User_U-06241,Active,2023-01-29 14:00:00
U-06242,User_U-06242,Active,2023-01-29 14:00:00
U-06243,User_U-06243,Active,2023-01-24 14:00:00
U-06244,User_U-06244,Active,2023-01-16 14:00:00
U-06246,User_U-06246,Active,2023-01-30 14:00:00
U-06247,User_U-06247,Active,2023-01-11 14:00:00
U-06249,User_U-06249,Active,2023-01-14 14:00:00
U-06250,User_U-06250,Active,2023-01-06 14:00:00
U-06252,User_U-06252,Active,2023-01-12 14:00:00
U-06254,User_U-06254,Active,2023-01-15 14:00:00
U-06256,User_U-06256,Active,2023-01-17 14:00:00
U-06257,User_U-06257,Active,2023-01-04 14:00:00
U-06260,User_U-06260,Active,2023-01-23 14:00:00
U-06261,User_U-06261,Active,2023-01-14 14:00:00
U-06263,User_U-06263,Active,2023-01-19 14:00:00
U-06264,User_U-06264,Active,2023-01-12 14:00:00
U-06265,User_U-06265,Active,2023-01-18 14:00:00
U-06269,User_U-06269,Active,2023-01-16 14:00:00
U-06270,User_U-06270,Active,2023-01-04 14:00:00
U-06271,User_U-06271,Active,2023-01-04 14:00:00
U-06272,User_U-06272,Active,2023-01-11 14:00:00
U-06273,User_U-06273,Active,2023-01-09 14:00:00
U-06275,User_U-06275,Active,2023-01-13 14:00:00
U-06279,User_U-06279,Active,2023-01-24 14:00:00
U-06281,User_U-06281,Active,2023-01-04 14:00:00
U-06282,User_U-06282,Active,2023-01-03 14:00:00
U-06285,User_U-06285,Active,2023-01-18 14:00:00
U-06286,User_U-06286,Active,2023-01-10 14:00:00
U-06287,User_U-06287,Active,2023-01-15 14:00:00
U-06288,User_U-06288,Active,2023-01-23 14:00:00
U-06289,User_U-06289,Active,2023-01-13 14:00:00
U-06290,User_U-06290,Active,2023-01-08 14:00:00
U-06291,User_U-06291,Active,2023-01-05 14:00:00
U-06292,User_U-06292,Active,2023-01-26 14:00:00
U-06293,User_U-06293,Active,2023-01-14 14:00:00
U-06294,User_U-06294,Active,2023-01-22 14:00:00
U-06297,User_U-06297,Active,2023-01-03 14:00:00
U-06299,User_U-06299,Active,2023-01-03 14:00:00
U-06301,User_U-06301,Active,2023-01-17 14:00:00
U-06302,User_U-06302,Active,2023-01-08 14:00:00
U-06304,User_U-06304,Active,2023-01-12 14:00:00
U-06305,User_U-06305,Active,2023-01-10 14:00:00
U-06307,User_U-06307,Active,2023-01-10 14:00:00
U-06309,User_U-06309,Active,2023-01-15 14:00:00
U-06310,User_U-06310,Active,2023-01-03 14:00:00
U-06311,User_U-06311,Active,2023-01-20 14:00:00
U-06312,User_U-06312,Active,2023-01-20 14:00:00
U-06313,User_U-06313,Active,2023-01-04 14:00:00
U-06317,User_U-06317,Active,2023-01-12 14:00:00
U-06319,User_U-06319,Active,2023-01-14 14:00:00
U-06320,User_U-06320,Active,2023-01-19 14:00:00
U-06321,User_U-06321,Active,2023-01-11 14:00:00
U-06322,User_U-06322,Active,2023-01-05 14:00:00
U-06324,User_U-06324,Active,2023-01-28 14:00:00
U-06326,User_U-06326,Active,2023-01-22 14:00:00
U-06327,User_U-06327,Active,2023-01-29 14:00:00
U-06328,User_U-06328,Active,2023-01-16 14:00:00
U-06329,User_U-06329,Active,2023-01-16 14:00:00
U-06332,User_U-06332,Active,2023-01-09 14:00:00
U-06333,User_U-06333,Active,2023-01-13 14:00:00
U-06334,User_U-06334,Active,2023-01-29 14:00:00
U-06335,User_U-06335,Active,2023-01-24 14:00:00
U-06336,User_U-06336,Active,2023-01-02 14:00:00
U-06337,User_U-06337,Active,2023-01-22 14:00:00
U-06338,User_U-06338,Active,2023-01-14 14:00:00
U-06340,User_U-06340,Active,2023-01-23 14:00:00
U-06342,User_U-06342,Active,2023-01-20 14:00:00
U-06343,User_U-06343,Active,2023-01-02 14:00:00
U-06346,User_U-06346,Active,2023-01-17 14:00:00
U-06349,User_U-06349,Active,2023-01-07 14:00:00
U-06351,User_U-06351,Active,2023-01-29 14:00:00
U-06352,User_U-06352,Active,2023-01-07 14:00:00
U-06353,User_U-06353,Active,2023-01-15 14:00:00
U-06354,User_U-06354,Active,2023-01-14 14:00:00
U-06356,User_U-06356,Active,2023-01-27 14:00:00
U-06358,User_U-06358,Active,2023-01-06 14:00:00
U-06360,User_U-06360,Active,2023-01-28 14:00:00
U-06361,User_U-06361,Active,2023-01-24 14:00:00
U-06363,User_U-06363,Active,2023-01-23 14:00:00
U-06365,User_U-06365,Active,2023-01-05 14:00:00
U-06370,User_U-06370,Active,2023-01-19 14:00:00
U-06371,User_U-06371,Active,2023-01-17 14:00:00
U-06374,User_U-06374,Active,2023-01-19 14:00:00
U-06376,User_U-06376,Active,2023-01-25 14:00:00
U-06378,User_U-06378,Active,2023-01-27 14:00:00
U-06380,User_U-06380,Active,2023-01-27 14:00:00
U-06381,User_U-06381,Active,2023-01-08 14:00:00
U-06383,User_U-06383,Active,2023-01-30 14:00:00
U-06384,User_U-06384,Active,2023-01-25 14:00:00
U-06385,User_U-06385,Active,2023-01-04 14:00:00
U-06386,User_U-06386,Active,2023-01-10 14:00:00
U-06388,User_U-06388,Active,2023-01-19 14:00:00
U-06389,User_U-06389,Active,2023-01-10 14:00:00
U-06390,User_U-06390,Active,2023-01-15 14:00:00
U-06393,User_U-06393,Active,2023-01-03 14:00:00
U-06394,User_U-06394,Active,2023-01-15 14:00:00
U-06398,User_U-06398,Active,2023-01-06 14:00:00
U-06402,User_U-06402,Active,2023-01-04 14:00:00
U-06404,User_U-06404,Active,2023-01-19 14:00:00
U-06405,User_U-06405,Active,2023-01-05 14:00:00
U-06406,User_U-06406,Active,2023-01-05 14:00:00
U-06408,User_U-06408,Active,2023-01-10 14:00:00
U-06410,User_U-06410,Active,2023-01-29 14:00:00
U-06412,User_U-06412,Active,2023-01-09 14:00:00
U-06413,User_U-06413,Active,2023-01-29 14:00:00
U-06414,User_U-06414,Active,2023-01-26 14:00:00
U-06415,User_U-06415,Active,2023-01-22 14:00:00
U-06416,User_U-06416,Active,2023-01-15 14:00:00
U-06419,User_U-06419,Active,2023-01-10 14:00:00
U-06420,User_U-06420,Active,2023-01-28 14:00:00
U-06422,User_U-06422,Active,2023-01-26 14:00:00
U-06429,User_U-06429,Active,2023-01-24 14:00:00
U-06430,User_U-06430,Active,2023-01-11 14:00:00
U-06432,User_U-06432,Active,2023-01-16 14:00:00
U-06434,User_U-06434,Active,2023-01-15 14:00:00
U-06435,User_U-06435,Active,2023-01-20 14:00:00
U-06436,User_U-06436,Active,2023-01-17 14:00:00
U-06437,User_U-06437,Active,2023-01-19 14:00:00
U-06439,User_U-06439,Active,2023-01-08 14:00:00
U-06441,User_U-06441,Active,2023-01-25 14:00:00
U-06443,User_U-06443,Active,2023-01-07 14:00:00
U-06445,User_U-06445,Active,2023-01-11 14:00:00
U-06446,User_U-06446,Active,2023-01-19 14:00:00
U-06447,User_U-06447,Active,2023-01-26 14:00:00
U-06448,User_U-06448,Active,2023-01-19 14:00:00
U-06449,User_U-06449,Active,2023-01-21 14:00:00
U-06450,User_U-06450,Active,2023-01-14 14:00:00
U-06451,User_U-06451,Active,2023-01-03 14:00:00
U-06452,User_U-06452,Active,2023-01-14 14:00:00
U-06453,User_U-06453,Active,2023-01-14 14:00:00
U-06455,User_U-06455,Active,2023-01-05 14:00:00
U-06456,User_U-06456,Active,2023-01-06 14:00:00
U-06459,User_U-06459,Active,2023-01-22 14:00:00
U-06460,User_U-06460,Active,2023-01-20 14:00:00
U-06461,User_U-06461,Active,2023-01-10 14:00:00
U-06462,User_U-06462,Active,2023-01-26 14:00:00
U-06463,User_U-06463,Active,2023-01-06 14:00:00
U-06466,User_U-06466,Active,2023-01-19 14:00:00
U-06467,User_U-06467,Active,2023-01-27 14:00:00
U-06470,User_U-06470,Active,2023-01-15 14:00:00
U-06471,User_U-06471,Active,2023-01-13 14:00:00
U-06472,User_U-06472,Active,2023-01-15 14:00:00
U-06473,User_U-06473,Active,2023-01-21 14:00:00
U-06474,User_U-06474,Active,2023-01-26 14:00:00
U-06475,User_U-06475,Active,2023-01-29 14:00:00
U-06478,User_U-06478,Active,2023-01-09 14:00:00
U-06479,User_U-06479,Active,2023-01-13 14:00:00
U-06480,User_U-06480,Active,2023-01-19 14:00:00
U-06482,User_U-06482,Active,2023-01-13 14:00:00
U-06483,User_U-06483,Active,2023-01-12 14:00:00
U-06486,User_U-06486,Active,2023-01-11 14:00:00
U-06488,User_U-06488,Active,2023-01-07 14:00:00
U-06489,User_U-06489,Active,2023-01-03 14:00:00
U-06490,User_U-06490,Active,2023-01-06 14:00:00
U-06491,User_U-06491,Active,2023-01-19 14:00:00
U-06494,User_U-06494,Active,2023-01-26 14:00:00
U-06495,User_U-06495,Active,2023-01-17 14:00:00
U-06496,User_U-06496,Active,2023-01-07 14:00:00
U-06497,User_U-06497,Active,2023-01-25 14:00:00
U-06501,User_U-06501,Active,2023-01-03 14:00:00
U-06503,User_U-06503,Active,2023-01-25 14:00:00
U-06504,User_U-06504,Active,2023-01-24 14:00:00
U-06505,User_U-06505,Active,2023-01-14 14:00:00
U-06508,User_U-06508,Active,2023-01-15 14:00:00
U-06509,User_U-06509,Active,2023-01-24 14:00:00
U-06510,User_U-06510,Active,2023-01-27 14:00:00
U-06512,User_U-06512,Active,2023-01-05 14:00:00
U-06513,User_U-06513,Active,2023-01-17 14:00:00
U-06514,User_U-06514,Active,2023-01-07 14:00:00
U-06515,User_U-06515,Active,2023-01-25 14:00:00
U-06516,User_U-06516,Active,2023-01-28 14:00:00
U-06518,User_U-06518,Active,2023-01-16 14:00:00
U-06519,User_U-06519,Active,2023-01-29 14:00:00
U-06520,User_U-06520,Active,2023-01-03 14:00:00
U-06521,User_U-06521,Active,2023-01-07 14:00:00
U-06522,User_U-06522,Active,2023-01-05 14:00:00
U-06524,User_U-06524,Active,2023-01-13 14:00:00
U-06525,User_U-06525,Active,2023-01-13 14:00:00
U-06526,User_U-06526,Active,2023-01-10 14:00:00
U-06528,User_U-06528,Active,2023-01-10 14:00:00
U-06530,User_U-06530,Active,2023-01-22 14:00:00
U-06531,User_U-06531,Active,2023-01-08 14:00:00
U-06532,User_U-06532,Active,2023-01-20 14:00:00
U-06533,User_U-06533,Active,2023-01-03 14:00:00
U-06534,User_U-06534,Active,2023-01-13 14:00:00
U-06535,User_U-06535,Active,2023-01-30 14:00:00
U-06537,User_U-06537,Active,2023-01-16 14:00:00
U-06538,User_U-06538,Active,2023-01-29 14:00:00
U-06539,User_U-06539,Active,2023-01-14 14:00:00
U-06540,User_U-06540,Active,2023-01-08 14:00:00
U-06541,User_U-06541,Active,2023-01-12 14:00:00
U-06542,User_U-06542,Active,2023-01-19 14:00:00
U-06544,User_U-06544,Active,2023-01-25 14:00:00
U-06545,User_U-06545,Active,2023-01-10 14:00:00
U-06547,User_U-06547,Active,2023-01-07 14:00:00
U-06548,User_U-06548,Active,2023-01-27 14:00:00
U-06549,User_U-06549,Active,2023-01-18 14:00:00
U-06552,User_U-06552,Active,2023-01-20 14:00:00
U-06554,User_U-06554,Active,2023-01-10 14:00:00
U-06555,User_U-06555,Active,2023-01-20 14:00:00
U-06556,User_U-06556,Active,2023-01-24 14:00:00
U-06559,User_U-06559,Active,2023-01-24 14:00:00
U-06560,User_U-06560,Active,2023-01-20 14:00:00
U-06561,User_U-06561,Active,2023-01-09 14:00:00
U-06562,User_U-06562,Active,2023-01-28 14:00:00
U-06563,User_U-06563,Active,2023-01-25 14:00:00
U-06564,User_U-06564,Active,2023-01-08 14:00:00
U-06565,User_U-06565,Active,2023-01-15 14:00:00
U-06566,User_U-06566,Active,2023-01-07 14:00:00
U-06567,User_U-06567,Active,2023-01-07 14:00:00
U-06573,User_U-06573,Active,2023-01-07 14:00:00
U-06577,User_U-06577,Active,2023-01-23 14:00:00
U-06579,User_U-06579,Active,2023-01-28 14:00:00
U-06581,User_U-06581,Active,2023-01-02 14:00:00
U-06582,User_U-06582,Active,2023-01-02 14:00:00
U-06583,User_U-06583,Active,2023-01-30 14:00:00
U-06584,User_U-06584,Active,2023-01-15 14:00:00
U-06586,User_U-06586,Active,2023-01-13 14:00:00
U-06588,User_U-06588,Active,2023-01-09 14:00:00
U-06590,User_U-06590,Active,2023-01-22 14:00:00
U-06592,User_U-06592,Active,2023-01-15 14:00:00
U-06593,User_U-06593,Active,2023-01-27 14:00:00
U-06594,User_U-06594,Active,2023-01-06 14:00:00
U-06595,User_U-06595,Active,2023-01-02 14:00:00
U-06596,User_U-06596,Active,2023-01-08 14:00:00
U-06598,User_U-06598,Active,2023-01-16 14:00:00
U-06599,User_U-06599,Active,2023-01-17 14:00:00
U-06601,User_U-06601,Active,2023-01-09 14:00:00
U-06603,User_U-06603,Active,2023-01-10 14:00:00
U-06607,User_U-06607,Active,2023-01-29 14:00:00
U-06608,User_U-06608,Active,2023-01-03 14:00:00
U-06609,User_U-06609,Active,2023-01-19 14:00:00
U-06610,User_U-06610,Active,2023-01-02 14:00:00
U-06611,User_U-06611,Active,2023-01-09 14:00:00
U-06613,User_U-06613,Active,2023-01-07 14:00:00
U-06614,User_U-06614,Active,2023-01-26 14:00:00
U-06616,User_U-06616,Active,2023-01-02 14:00:00
U-06618,User_U-06618,Active,2023-01-15 14:00:00
U-06619,User_U-06619,Active,2023-01-06 14:00:00
U-06621,User_U-06621,Active,2023-01-22 14:00:00
U-06623,User_U-06623,Active,2023-01-18 14:00:00
U-06624,User_U-06624,Active,2023-01-21 14:00:00
U-06626,User_U-06626,Active,2023-01-20 14:00:00
U-06627,User_U-06627,Active,2023-01-09 14:00:00
U-06629,User_U-06629,Active,2023-01-24 14:00:00
U-06631,User_U-06631,Active,2023-01-17 14:00:00
U-06635,User_U-06635,Active,2023-01-29 14:00:00
U-06636,User_U-06636,Active,2023-01-27 14:00:00
U-06637,User_U-06637,Active,2023-01-02 14:00:00
U-06641,User_U-06641,Active,2023-01-08 14:00:00
U-06642,User_U-06642,Active,2023-01-23 14:00:00
U-06644,User_U-06644,Active,2023-01-17 14:00:00
U-06646,User_U-06646,Active,2023-01-21 14:00:00
U-06648,User_U-06648,Active,2023-01-22 14:00:00
U-06649,User_U-06649,Active,2023-01-12 14:00:00
U-06650,User_U-06650,Active,2023-01-26 14:00:00
U-06653,User_U-06653,Active,2023-01-07 14:00:00
U-06654,User_U-06654,Active,2023-01-07 14:00:00
U-06658,User_U-06658,Active,2023-01-10 14:00:00
U-06659,User_U-06659,Active,2023-01-04 14:00:00
U-06660,User_U-06660,Active,2023-01-13 14:00:00
U-06662,User_U-06662,Active,2023-01-14 14:00:00
U-06663,User_U-06663,Active,2023-01-29 14:00:00
U-06664,User_U-06664,Active,2023-01-19 14:00:00
U-06667,User_U-06667,Active,2023-01-29 14:00:00
U-06668,User_U-06668,Active,2023-01-15 14:00:00
U-06669,User_U-06669,Active,2023-01-23 14:00:00
U-06670,User_U-06670,Active,2023-01-02 14:00:00
U-06672,User_U-06672,Active,2023-01-22 14:00:00
U-06673,User_U-06673,Active,2023-01-26 14:00:00
U-06677,User_U-06677,Active,2023-01-16 14:00:00
U-06679,User_U-06679,Active,2023-01-30 14:00:00
U-06682,User_U-06682,Active,2023-01-29 14:00:00
U-06683,User_U-06683,Active,2023-01-15 14:00:00
U-06685,User_U-06685,Active,2023-01-29 14:00:00
U-06686,User_U-06686,Active,2023-01-30 14:00:00
U-06690,User_U-06690,Active,2023-01-04 14:00:00
U-06692,User_U-06692,Active,2023-01-07 14:00:00
U-06695,User_U-06695,Active,2023-01-23 14:00:00
U-06696,User_U-06696,Active,2023-01-24 14:00:00
U-06702,User_U-06702,Active,2023-01-24 14:00:00
U-06705,User_U-06705,Active,2023-01-29 14:00:00
U-06708,User_U-06708,Active,2023-01-06 14:00:00
U-06710,User_U-06710,Active,2023-01-10 14:00:00
U-06711,User_U-06711,Active,2023-01-23 14:00:00
U-06713,User_U-06713,Active,2023-01-06 14:00:00
U-06714,User_U-06714,Active,2023-01-19 14:00:00
U-06715,User_U-06715,Active,2023-01-11 14:00:00
U-06716,User_U-06716,Active,2023-01-15 14:00:00
U-06717,User_U-06717,Active,2023-01-14 14:00:00
U-06719,User_U-06719,Active,2023-01-29 14:00:00
U-06721,User_U-06721,Active,2023-01-21 14:00:00
U-06724,User_U-06724,Active,2023-01-11 14:00:00
U-06725,User_U-06725,Active,2023-01-29 14:00:00
U-06727,User_U-06727,Active,2023-01-21 14:00:00
U-06730,User_U-06730,Active,2023-01-22 14:00:00
U-06733,User_U-06733,Active,2023-01-03 14:00:00
U-06739,User_U-06739,Active,2023-01-12 14:00:00
U-06741,User_U-06741,Active,2023-01-25 14:00:00
U-06742,User_U-06742,Active,2023-01-30 14:00:00
U-06744,User_U-06744,Active,2023-01-14 14:00:00
U-06747,User_U-06747,Active,2023-01-16 14:00:00
U-06749,User_U-06749,Active,2023-01-27 14:00:00
U-06751,User_U-06751,Active,2023-01-20 14:00:00
U-06752,User_U-06752,Active,2023-01-19 14:00:00
U-06755,User_U-06755,Active,2023-01-22 14:00:00
U-06758,User_U-06758,Active,2023-01-30 14:00:00
U-06759,User_U-06759,Active,2023-01-11 14:00:00
U-06760,User_U-06760,Active,2023-01-04 14:00:00
U-06761,User_U-06761,Active,2023-01-17 14:00:00
U-06763,User_U-06763,Active,2023-01-14 14:00:00
U-06765,User_U-06765,Active,2023-01-30 14:00:00
U-06766,User_U-06766,Active,2023-01-17 14:00:00
U-06769,User_U-06769,Active,2023-01-06 14:00:00
U-06770,User_U-06770,Active,2023-01-03 14:00:00
U-06771,User_U-06771,Active,2023-01-19 14:00:00
U-06773,User_U-06773,Active,2023-01-25 14:00:00
U-06774,User_U-06774,Active,2023-01-11 14:00:00
U-06776,User_U-06776,Active,2023-01-23 14:00:00
U-06779,User_U-06779,Active,2023-01-09 14:00:00
U-06780,User_U-06780,Active,2023-01-14 14:00:00
U-06782,User_U-06782,Active,2023-01-12 14:00:00
U-06784,User_U-06784,Active,2023-01-21 14:00:00
U-06785,User_U-06785,Active,2023-01-23 14:00:00
U-06787,User_U-06787,Active,2023-01-17 14:00:00
U-06788,User_U-06788,Active,2023-01-12 14:00:00
U-06789,User_U-06789,Active,2023-01-15 14:00:00
U-06791,User_U-06791,Active,2023-01-29 14:00:00
U-06793,User_U-06793,Active,2023-01-02 14:00:00
U-06794,User_U-06794,Active,2023-01-22 14:00:00
U-06797,User_U-06797,Active,2023-01-02 14:00:00
U-06798,User_U-06798,Active,2023-01-04 14:00:00
U-06799,User_U-06799,Active,2023-01-28 14:00:00
U-06800,User_U-06800,Active,2023-01-30 14:00:00
U-06801,User_U-06801,Active,2023-01-29 14:00:00
U-06802,User_U-06802,Active,2023-01-07 14:00:00
U-06803,User_U-06803,Active,2023-01-28 14:00:00
U-06807,User_U-06807,Active,2023-01-06 14:00:00
U-06808,User_U-06808,Active,2023-01-27 14:00:00
U-06809,User_U-06809,Active,2023-01-08 14:00:00
U-06810,User_U-06810,Active,2023-01-25 14:00:00
U-06812,User_U-06812,Active,2023-01-19 14:00:00
U-06813,User_U-06813,Active,2023-01-26 14:00:00
U-06815,User_U-06815,Active,2023-01-12 14:00:00
U-06816,User_U-06816,Active,2023-01-06 14:00:00
U-06817,User_U-06817,Active,2023-01-28 14:00:00
U-06819,User_U-06819,Active,2023-01-18 14:00:00
U-06822,User_U-06822,Active,2023-01-20 14:00:00
U-06825,User_U-06825,Active,2023-01-24 14:00:00
U-06827,User_U-06827,Active,2023-01-26 14:00:00
U-06832,User_U-06832,Active,2023-01-12 14:00:00
U-06833,User_U-06833,Active,2023-01-25 14:00:00
U-06834,User_U-06834,Active,2023-01-07 14:00:00
U-06835,User_U-06835,Active,2023-01-24 14:00:00
U-06837,User_U-06837,Active,2023-01-27 14:00:00
U-06838,User_U-06838,Active,2023-01-17 14:00:00
U-06840,User_U-06840,Active,2023-01-13 14:00:00
U-06842,User_U-06842,Active,2023-01-16 14:00:00
U-06845,User_U-06845,Active,2023-01-02 14:00:00
U-06846,User_U-06846,Active,2023-01-09 14:00:00
U-06848,User_U-06848,Active,2023-01-07 14:00:00
U-06849,User_U-06849,Active,2023-01-06 14:00:00
U-06853,User_U-06853,Active,2023-01-17 14:00:00
U-06856,User_U-06856,Active,2023-01-21 14:00:00
U-06858,User_U-06858,Active,2023-01-11 14:00:00
U-06861,User_U-06861,Active,2023-01-06 14:00:00
U-06862,User_U-06862,Active,2023-01-30 14:00:00
U-06863,User_U-06863,Active,2023-01-24 14:00:00
U-06864,User_U-06864,Active,2023-01-04 14:00:00
U-06865,User_U-06865,Active,2023-01-16 14:00:00
U-06866,User_U-06866,Active,2023-01-23 14:00:00
U-06868,User_U-06868,Active,2023-01-04 14:00:00
U-06869,User_U-06869,Active,2023-01-10 14:00:00
U-06871,User_U-06871,Active,2023-01-10 14:00:00
U-06872,User_U-06872,Active,2023-01-10 14:00:00
U-06874,User_U-06874,Active,2023-01-11 14:00:00
U-06875,User_U-06875,Active,2023-01-12 14:00:00
U-06876,User_U-06876,Active,2023-01-30 14:00:00
U-06879,User_U-06879,Active,2023-01-09 14:00:00
U-06881,User_U-06881,Active,2023-01-05 14:00:00
U-06882,User_U-06882,Active,2023-01-21 14:00:00
U-06884,User_U-06884,Active,2023-01-13 14:00:00
U-06889,User_U-06889,Active,2023-01-07 14:00:00
U-06891,User_U-06891,Active,2023-01-04 14:00:00
U-06893,User_U-06893,Active,2023-01-15 14:00:00
U-06894,User_U-06894,Active,2023-01-03 14:00:00
U-06895,User_U-06895,Active,2023-01-08 14:00:00
U-06897,User_U-06897,Active,2023-01-10 14:00:00
U-06898,User_U-06898,Active,2023-01-15 14:00:00
U-06899,User_U-06899,Active,2023-01-05 14:00:00
U-06902,User_U-06902,Active,2023-01-12 14:00:00
U-06903,User_U-06903,Active,2023-01-30 14:00:00
U-06904,User_U-06904,Active,2023-01-04 14:00:00
U-06905,User_U-06905,Active,2023-01-10 14:00:00
U-06906,User_U-06906,Active,2023-01-06 14:00:00
U-06907,User_U-06907,Active,2023-01-07 14:00:00
U-06908,User_U-06908,Active,2023-01-13 14:00:00
U-06909,User_U-06909,Active,2023-01-15 14:00:00
U-06912,User_U-06912,Active,2023-01-21 14:00:00
U-06913,User_U-06913,Active,2023-01-03 14:00:00
U-06914,User_U-06914,Active,2023-01-08 14:00:00
U-06917,User_U-06917,Active,2023-01-12 14:00:00
U-06920,User_U-06920,Active,2023-01-11 14:00:00
U-06921,User_U-06921,Active,2023-01-08 14:00:00
U-06924,User_U-06924,Active,2023-01-19 14:00:00
U-06927,User_U-06927,Active,2023-01-21 14:00:00
U-06931,User_U-06931,Active,2023-01-16 14:00:00
U-06934,User_U-06934,Active,2023-01-16 14:00:00
U-06935,User_U-06935,Active,2023-01-17 14:00:00
U-06936,User_U-06936,Active,2023-01-13 14:00:00
U-06940,User_U-06940,Active,2023-01-26 14:00:00
U-06941,User_U-06941,Active,2023-01-22 14:00:00
U-06942,User_U-06942,Active,2023-01-03 14:00:00
U-06943,User_U-06943,Active,2023-01-06 14:00:00
U-06944,User_U-06944,Active,2023-01-15 14:00:00
U-06947,User_U-06947,Active,2023-01-18 14:00:00
U-06948,User_U-06948,Active,2023-01-06 14:00:00
U-06949,User_U-06949,Active,2023-01-20 14:00:00
U-06950,User_U-06950,Active,2023-01-22 14:00:00
U-06951,User_U-06951,Active,2023-01-20 14:00:00
U-06956,User_U-06956,Active,2023-01-19 14:00:00
U-06957,User_U-06957,Active,2023-01-20 14:00:00
U-06959,User_U-06959,Active,2023-01-20 14:00:00
U-06960,User_U-06960,Active,2023-01-10 14:00:00
U-06961,User_U-06961,Active,2023-01-02 14:00:00
U-06963,User_U-06963,Active,2023-01-28 14:00:00
U-06965,User_U-06965,Active,2023-01-30 14:00:00
U-06966,User_U-06966,Active,2023-01-14 14:00:00
U-06968,User_U-06968,Active,2023-01-14 14:00:00
U-06969,User_U-06969,Active,2023-01-22 14:00:00
U-06971,User_U-06971,Active,2023-01-06 14:00:00
U-06972,User_U-06972,Active,2023-01-16 14:00:00
U-06974,User_U-06974,Active,2023-01-21 14:00:00
U-06980,User_U-06980,Active,2023-01-22 14:00:00
U-06983,User_U-06983,Active,2023-01-17 14:00:00
U-06986,User_U-06986,Active,2023-01-12 14:00:00
U-06987,User_U-06987,Active,2023-01-18 14:00:00
U-06988,User_U-06988,Active,2023-01-08 14:00:00
U-06989,User_U-06989,Active,2023-01-04 14:00:00
U-06990,User_U-06990,Active,2023-01-26 14:00:00
U-06991,User_U-06991,Active,2023-01-03 14:00:00
U-06995,User_U-06995,Active,2023-01-19 14:00:00
U-06996,User_U-06996,Active,2023-01-12 14:00:00
U-06998,User_U-06998,Active,2023-01-28 14:00:00
U-06999,User_U-06999,Active,2023-01-12 14:00:00
U-07000,User_U-07000,Active,2023-01-04 14:00:00
U-07002,User_U-07002,Active,2023-01-23 14:00:00
U-07003,User_U-07003,Active,2023-01-26 14:00:00
U-07004,User_U-07004,Active,2023-01-02 14:00:00
U-07006,User_U-07006,Active,2023-01-12 14:00:00
U-07007,User_U-07007,Active,2023-01-13 14:00:00
U-07008,User_U-07008,Active,2023-01-21 14:00:00
U-07009,User_U-07009,Active,2023-01-17 14:00:00
U-07010,User_U-07010,Active,2023-01-30 14:00:00
U-07013,User_U-07013,Active,2023-01-06 14:00:00
U-07014,User_U-07014,Active,2023-01-22 14:00:00
U-07015,User_U-07015,Active,2023-01-24 14:00:00
U-07016,User_U-07016,Active,2023-01-02 14:00:00
U-07017,User_U-07017,Active,2023-01-20 14:00:00
U-07018,User_U-07018,Active,2023-01-26 14:00:00
U-07019,User_U-07019,Active,2023-01-19 14:00:00
U-07020,User_U-07020,Active,2023-01-10 14:00:00
U-07021,User_U-07021,Active,2023-01-12 14:00:00
U-07022,User_U-07022,Active,2023-01-29 14:00:00
U-07023,User_U-07023,Active,2023-01-21 14:00:00
U-07024,User_U-07024,Active,2023-01-22 14:00:00
U-07029,User_U-07029,Active,2023-01-22 14:00:00
U-07030,User_U-07030,Active,2023-01-03 14:00:00
U-07031,User_U-07031,Active,2023-01-22 14:00:00
U-07034,User_U-07034,Active,2023-01-06 14:00:00
U-07036,User_U-07036,Active,2023-01-29 14:00:00
U-07038,User_U-07038,Active,2023-01-10 14:00:00
U-07043,User_U-07043,Active,2023-01-13 14:00:00
U-07045,User_U-07045,Active,2023-01-10 14:00:00
U-07046,User_U-07046,Active,2023-01-04 14:00:00
U-07048,User_U-07048,Active,2023-01-23 14:00:00
U-07049,User_U-07049,Active,2023-01-22 14:00:00
U-07050,User_U-07050,Active,2023-01-08 14:00:00
U-07052,User_U-07052,Active,2023-01-22 14:00:00
U-07053,User_U-07053,Active,2023-01-12 14:00:00
U-07054,User_U-07054,Active,2023-01-30 14:00:00
U-07055,User_U-07055,Active,2023-01-21 14:00:00
U-07056,User_U-07056,Active,2023-01-11 14:00:00
U-07058,User_U-07058,Active,2023-01-12 14:00:00
U-07061,User_U-07061,Active,2023-01-19 14:00:00
U-07064,User_U-07064,Active,2023-01-09 14:00:00
U-07065,User_U-07065,Active,2023-01-29 14:00:00
U-07068,User_U-07068,Active,2023-01-02 14:00:00
U-07072,User_U-07072,Active,2023-01-24 14:00:00
U-07073,User_U-07073,Active,2023-01-18 14:00:00
U-07074,User_U-07074,Active,2023-01-22 14:00:00
U-07078,User_U-07078,Active,2023-01-14 14:00:00
U-07083,User_U-07083,Active,2023-01-17 14:00:00
U-07085,User_U-07085,Active,2023-01-10 14:00:00
U-07086,User_U-07086,Active,2023-01-02 14:00:00
U-07087,User_U-07087,Active,2023-01-17 14:00:00
U-07088,User_U-07088,Active,2023-01-15 14:00:00
U-07090,User_U-07090,Active,2023-01-02 14:00:00
U-07091,User_U-07091,Active,2023-01-17 14:00:00
U-07093,User_U-07093,Active,2023-01-17 14:00:00
U-07094,User_U-07094,Active,2023-01-27 14:00:00
U-07095,User_U-07095,Active,2023-01-07 14:00:00
U-07097,User_U-07097,Active,2023-01-04 14:00:00
U-07098,User_U-07098,Active,2023-01-04 14:00:00
U-07099,User_U-07099,Active,2023-01-17 14:00:00
U-07100,User_U-07100,Active,2023-01-14 14:00:00
U-07101,User_U-07101,Active,2023-01-08 14:00:00
U-07103,User_U-07103,Active,2023-01-10 14:00:00
U-07105,User_U-07105,Active,2023-01-24 14:00:00
U-07108,User_U-07108,Active,2023-01-26 14:00:00
U-07110,User_U-07110,Active,2023-01-10 14:00:00
U-07111,User_U-07111,Active,2023-01-06 14:00:00
U-07113,User_U-07113,Active,2023-01-13 14:00:00
U-07114,User_U-07114,Active,2023-01-11 14:00:00
U-07115,User_U-07115,Active,2023-01-20 14:00:00
U-07116,User_U-07116,Active,2023-01-26 14:00:00
U-07117,User_U-07117,Active,2023-01-30 14:00:00
U-07118,User_U-07118,Active,2023-01-24 14:00:00
U-07121,User_U-07121,Active,2023-01-16 14:00:00
U-07122,User_U-07122,Active,2023-01-10 14:00:00
U-07123,User_U-07123,Active,2023-01-23 14:00:00
U-07124,User_U-07124,Active,2023-01-29 14:00:00
U-07125,User_U-07125,Active,2023-01-16 14:00:00
U-07126,User_U-07126,Active,2023-01-20 14:00:00
U-07127,User_U-07127,Active,2023-01-24 14:00:00
U-07129,User_U-07129,Active,2023-01-18 14:00:00
U-07130,User_U-07130,Active,2023-01-20 14:00:00
U-07132,User_U-07132,Active,2023-01-26 14:00:00
U-07134,User_U-07134,Active,2023-01-08 14:00:00
U-07136,User_U-07136,Active,2023-01-17 14:00:00
U-07137,User_U-07137,Active,2023-01-04 14:00:00
U-07138,User_U-07138,Active,2023-01-07 14:00:00
U-07142,User_U-07142,Active,2023-01-18 14:00:00
U-07144,User_U-07144,Active,2023-01-04 14:00:00
U-07145,User_U-07145,Active,2023-01-06 14:00:00
U-07146,User_U-07146,Active,2023-01-14 14:00:00
U-07148,User_U-07148,Active,2023-01-18 14:00:00
U-07149,User_U-07149,Active,2023-01-05 14:00:00
U-07150,User_U-07150,Active,2023-01-07 14:00:00
U-07151,User_U-07151,Active,2023-01-29 14:00:00
U-07152,User_U-07152,Active,2023-01-27 14:00:00
U-07153,User_U-07153,Active,2023-01-06 14:00:00
U-07154,User_U-07154,Active,2023-01-08 14:00:00
U-07156,User_U-07156,Active,2023-01-28 14:00:00
U-07157,User_U-07157,Active,2023-01-25 14:00:00
U-07158,User_U-07158,Active,2023-01-27 14:00:00
U-07161,User_U-07161,Active,2023-01-18 14:00:00
U-07162,User_U-07162,Active,2023-01-21 14:00:00
U-07163,User_U-07163,Active,2023-01-26 14:00:00
U-07164,User_U-07164,Active,2023-01-28 14:00:00
U-07166,User_U-07166,Active,2023-01-08 14:00:00
U-07167,User_U-07167,Active,2023-01-28 14:00:00
U-07171,User_U-07171,Active,2023-01-13 14:00:00
U-07172,User_U-07172,Active,2023-01-14 14:00:00
U-07173,User_U-07173,Active,2023-01-04 14:00:00
U-07174,User_U-07174,Active,2023-01-28 14:00:00
U-07177,User_U-07177,Active,2023-01-27 14:00:00
U-07182,User_U-07182,Active,2023-01-30 14:00:00
U-07183,User_U-07183,Active,2023-01-15 14:00:00
U-07184,User_U-07184,Active,2023-01-21 14:00:00
U-07187,User_U-07187,Active,2023-01-15 14:00:00
U-07190,User_U-07190,Active,2023-01-26 14:00:00
U-07191,User_U-07191,Active,2023-01-10 14:00:00
U-07192,User_U-07192,Active,2023-01-05 14:00:00
U-07194,User_U-07194,Active,2023-01-29 14:00:00
U-07195,User_U-07195,Active,2023-01-07 14:00:00
U-07197,User_U-07197,Active,2023-01-08 14:00:00
U-07200,User_U-07200,Active,2023-01-26 14:00:00
U-07205,User_U-07205,Active,2023-01-25 14:00:00
U-07206,User_U-07206,Active,2023-01-03 14:00:00
U-07207,User_U-07207,Active,2023-01-21 14:00:00
U-07209,User_U-07209,Active,2023-01-24 14:00:00
U-07211,User_U-07211,Active,2023-01-11 14:00:00
U-07216,User_U-07216,Active,2023-01-05 14:00:00
U-07218,User_U-07218,Active,2023-01-20 14:00:00
U-07224,User_U-07224,Active,2023-01-29 14:00:00
U-07225,User_U-07225,Active,2023-01-29 14:00:00
U-07227,User_U-07227,Active,2023-01-12 14:00:00
U-07228,User_U-07228,Active,2023-01-08 14:00:00
U-07230,User_U-07230,Active,2023-01-13 14:00:00
U-07231,User_U-07231,Active,2023-01-16 14:00:00
U-07234,User_U-07234,Active,2023-01-02 14:00:00
U-07236,User_U-07236,Active,2023-01-13 14:00:00
U-07237,User_U-07237,Active,2023-01-23 14:00:00
U-07238,User_U-07238,Active,2023-01-08 14:00:00
U-07239,User_U-07239,Active,2023-01-27 14:00:00
U-07241,User_U-07241,Active,2023-01-05 14:00:00
U-07242,User_U-07242,Active,2023-01-04 14:00:00
U-07243,User_U-07243,Active,2023-01-24 14:00:00
U-07244,User_U-07244,Active,2023-01-21 14:00:00
U-07246,User_U-07246,Active,2023-01-26 14:00:00
U-07247,User_U-07247,Active,2023-01-25 14:00:00
U-07249,User_U-07249,Active,2023-01-25 14:00:00
U-07250,User_U-07250,Active,2023-01-03 14:00:00
U-07251,User_U-07251,Active,2023-01-03 14:00:00
U-07252,User_U-07252,Active,2023-01-06 14:00:00
U-07253,User_U-07253,Active,2023-01-08 14:00:00
U-07254,User_U-07254,Active,2023-01-06 14:00:00
U-07255,User_U-07255,Active,2023-01-16 14:00:00
U-07256,User_U-07256,Active,2023-01-15 14:00:00
U-07260,User_U-07260,Active,2023-01-12 14:00:00
U-07262,User_U-07262,Active,2023-01-02 14:00:00
U-07263,User_U-07263,Active,2023-01-08 14:00:00
U-07265,User_U-07265,Active,2023-01-06 14:00:00
U-07267,User_U-07267,Active,2023-01-12 14:00:00
U-07269,User_U-07269,Active,2023-01-15 14:00:00
U-07270,User_U-07270,Active,2023-01-24 14:00:00
U-07273,User_U-07273,Active,2023-01-09 14:00:00
U-07276,User_U-07276,Active,2023-01-23 14:00:00
U-07280,User_U-07280,Active,2023-01-18 14:00:00
U-07282,User_U-07282,Active,2023-01-12 14:00:00
U-07283,User_U-07283,Active,2023-01-12 14:00:00
U-07284,User_U-07284,Active,2023-01-06 14:00:00
U-07285,User_U-07285,Active,2023-01-25 14:00:00
U-07286,User_U-07286,Active,2023-01-15 14:00:00
U-07287,User_U-07287,Active,2023-01-10 14:00:00
U-07288,User_U-07288,Active,2023-01-23 14:00:00
U-07289,User_U-07289,Active,2023-01-26 14:00:00
U-07290,User_U-07290,Active,2023-01-15 14:00:00
U-07291,User_U-07291,Active,2023-01-14 14:00:00
U-07298,User_U-07298,Active,2023-01-16 14:00:00
U-07304,User_U-07304,Active,2023-01-07 14:00:00
U-07305,User_U-07305,Active,2023-01-02 14:00:00
U-07310,User_U-07310,Active,2023-01-30 14:00:00
U-07311,User_U-07311,Active,2023-01-09 14:00:00
U-07312,User_U-07312,Active,2023-01-18 14:00:00
U-07313,User_U-07313,Active,2023-01-18 14:00:00
U-07314,User_U-07314,Active,2023-01-29 14:00:00
U-07315,User_U-07315,Active,2023-01-08 14:00:00
U-07316,User_U-07316,Active,2023-01-17 14:00:00
U-07318,User_U-07318,Active,2023-01-23 14:00:00
U-07319,User_U-07319,Active,2023-01-30 14:00:00
U-07320,User_U-07320,Active,2023-01-02 14:00:00
U-07321,User_U-07321,Active,2023-01-16 14:00:00
U-07322,User_U-07322,Active,2023-01-20 14:00:00
U-07323,User_U-07323,Active,2023-01-26 14:00:00
U-07324,User_U-07324,Active,2023-01-18 14:00:00
U-07326,User_U-07326,Active,2023-01-16 14:00:00
U-07328,User_U-07328,Active,2023-01-30 14:00:00
U-07330,User_U-07330,Active,2023-01-14 14:00:00
U-07331,User_U-07331,Active,2023-01-21 14:00:00
U-07336,User_U-07336,Active,2023-01-11 14:00:00
U-07340,User_U-07340,Active,2023-01-21 14:00:00
U-07341,User_U-07341,Active,2023-01-12 14:00:00
U-07344,User_U-07344,Active,2023-01-08 14:00:00
U-07346,User_U-07346,Active,2023-01-15 14:00:00
U-07348,User_U-07348,Active,2023-01-26 14:00:00
U-07349,User_U-07349,Active,2023-01-27 14:00:00
U-07351,User_U-07351,Active,2023-01-11 14:00:00
U-07352,User_U-07352,Active,2023-01-06 14:00:00
U-07353,User_U-07353,Active,2023-01-04 14:00:00
U-07354,User_U-07354,Active,2023-01-22 14:00:00
U-07355,User_U-07355,Active,2023-01-22 14:00:00
U-07357,User_U-07357,Active,2023-01-11 14:00:00
U-07358,User_U-07358,Active,2023-01-25 14:00:00
U-07360,User_U-07360,Active,2023-01-08 14:00:00
U-07363,User_U-07363,Active,2023-01-17 14:00:00
U-07364,User_U-07364,Active,2023-01-13 14:00:00
U-07365,User_U-07365,Active,2023-01-23 14:00:00
U-07366,User_U-07366,Active,2023-01-10 14:00:00
U-07367,User_U-07367,Active,2023-01-18 14:00:00
U-07368,User_U-07368,Active,2023-01-11 14:00:00
U-07372,User_U-07372,Active,2023-01-12 14:00:00
U-07374,User_U-07374,Active,2023-01-10 14:00:00
U-07375,User_U-07375,Active,2023-01-03 14:00:00
U-07376,User_U-07376,Active,2023-01-25 14:00:00
U-07379,User_U-07379,Active,2023-01-10 14:00:00
U-07382,User_U-07382,Active,2023-01-08 14:00:00
U-07383,User_U-07383,Active,2023-01-15 14:00:00
U-07384,User_U-07384,Active,2023-01-15 14:00:00
U-07389,User_U-07389,Active,2023-01-15 14:00:00
U-07392,User_U-07392,Active,2023-01-26 14:00:00
U-07394,User_U-07394,Active,2023-01-26 14:00:00
U-07395,User_U-07395,Active,2023-01-02 14:00:00
U-07397,User_U-07397,Active,2023-01-18 14:00:00
U-07398,User_U-07398,Active,2023-01-14 14:00:00
U-07399,User_U-07399,Active,2023-01-11 14:00:00
U-07402,User_U-07402,Active,2023-01-26 14:00:00
U-07403,User_U-07403,Active,2023-01-24 14:00:00
U-07404,User_U-07404,Active,2023-01-10 14:00:00
U-07405,User_U-07405,Active,2023-01-25 14:00:00
U-07406,User_U-07406,Active,2023-01-16 14:00:00
U-07407,User_U-07407,Active,2023-01-07 14:00:00
U-07408,User_U-07408,Active,2023-01-24 14:00:00
U-07410,User_U-07410,Active,2023-01-11 14:00:00
U-07411,User_U-07411,Active,2023-01-20 14:00:00
U-07413,User_U-07413,Active,2023-01-08 14:00:00
U-07415,User_U-07415,Active,2023-01-28 14:00:00
U-07416,User_U-07416,Active,2023-01-30 14:00:00
U-07419,User_U-07419,Active,2023-01-23 14:00:00
U-07421,User_U-07421,Active,2023-01-21 14:00:00
U-07422,User_U-07422,Active,2023-01-29 14:00:00
U-07423,User_U-07423,Active,2023-01-21 14:00:00
U-07425,User_U-07425,Active,2023-01-03 14:00:00
U-07426,User_U-07426,Active,2023-01-11 14:00:00
U-07427,User_U-07427,Active,2023-01-02 14:00:00
U-07428,User_U-07428,Active,2023-01-09 14:00:00
U-07430,User_U-07430,Active,2023-01-14 14:00:00
U-07432,User_U-07432,Active,2023-01-04 14:00:00
U-07434,User_U-07434,Active,2023-01-29 14:00:00
U-07435,User_U-07435,Active,2023-01-17 14:00:00
U-07437,User_U-07437,Active,2023-01-08 14:00:00
U-07438,User_U-07438,Active,2023-01-24 14:00:00
U-07440,User_U-07440,Active,2023-01-13 14:00:00
U-07441,User_U-07441,Active,2023-01-22 14:00:00
U-07442,User_U-07442,Active,2023-01-29 14:00:00
U-07443,User_U-07443,Active,2023-01-09 14:00:00
U-07444,User_U-07444,Active,2023-01-13 14:00:00
U-07445,User_U-07445,Active,2023-01-08 14:00:00
U-07447,User_U-07447,Active,2023-01-25 14:00:00
U-07449,User_U-07449,Active,2023-01-18 14:00:00
U-07450,User_U-07450,Active,2023-01-11 14:00:00
U-07451,User_U-07451,Active,2023-01-26 14:00:00
U-07452,User_U-07452,Active,2023-01-18 14:00:00
U-07453,User_U-07453,Active,2023-01-28 14:00:00
U-07454,User_U-07454,Active,2023-01-28 14:00:00
U-07455,User_U-07455,Active,2023-01-20 14:00:00
U-07456,User_U-07456,Active,2023-01-04 14:00:00
U-07458,User_U-07458,Active,2023-01-20 14:00:00
U-07461,User_U-07461,Active,2023-01-02 14:00:00
U-07463,User_U-07463,Active,2023-01-15 14:00:00
U-07465,User_U-07465,Active,2023-01-10 14:00:00
U-07466,User_U-07466,Active,2023-01-22 14:00:00
U-07468,User_U-07468,Active,2023-01-28 14:00:00
U-07472,User_U-07472,Active,2023-01-30 14:00:00
U-07474,User_U-07474,Active,2023-01-11 14:00:00
U-07475,User_U-07475,Active,2023-01-15 14:00:00
U-07476,User_U-07476,Active,2023-01-09 14:00:00
U-07477,User_U-07477,Active,2023-01-04 14:00:00
U-07478,User_U-07478,Active,2023-01-24 14:00:00
U-07480,User_U-07480,Active,2023-01-09 14:00:00
U-07481,User_U-07481,Active,2023-01-24 14:00:00
U-07482,User_U-07482,Active,2023-01-26 14:00:00
U-07485,User_U-07485,Active,2023-01-05 14:00:00
U-07490,User_U-07490,Active,2023-01-18 14:00:00
U-07491,User_U-07491,Active,2023-01-11 14:00:00
U-07492,User_U-07492,Active,2023-01-30 14:00:00
U-07495,User_U-07495,Active,2023-01-15 14:00:00
U-07498,User_U-07498,Active,2023-01-06 14:00:00
U-07499,User_U-07499,Active,2023-01-11 14:00:00
U-07502,User_U-07502,Active,2023-01-21 14:00:00
U-07503,User_U-07503,Active,2023-01-11 14:00:00
U-07505,User_U-07505,Active,2023-01-23 14:00:00
U-07507,User_U-07507,Active,2023-01-10 14:00:00
U-07508,User_U-07508,Active,2023-01-20 14:00:00
U-07510,User_U-07510,Active,2023-01-03 14:00:00
U-07516,User_U-07516,Active,2023-01-19 14:00:00
U-07520,User_U-07520,Active,2023-01-20 14:00:00
U-07521,User_U-07521,Active,2023-01-20 14:00:00
U-07523,User_U-07523,Active,2023-01-14 14:00:00
U-07524,User_U-07524,Active,2023-01-28 14:00:00
U-07526,User_U-07526,Active,2023-01-18 14:00:00
U-07528,User_U-07528,Active,2023-01-12 14:00:00
U-07531,User_U-07531,Active,2023-01-08 14:00:00
U-07532,User_U-07532,Active,2023-01-02 14:00:00
U-07533,User_U-07533,Active,2023-01-23 14:00:00
U-07534,User_U-07534,Active,2023-01-26 14:00:00
U-07535,User_U-07535,Active,2023-01-05 14:00:00
U-07536,User_U-07536,Active,2023-01-25 14:00:00
U-07537,User_U-07537,Active,2023-01-24 14:00:00
U-07538,User_U-07538,Active,2023-01-08 14:00:00
U-07540,User_U-07540,Active,2023-01-20 14:00:00
U-07541,User_U-07541,Active,2023-01-03 14:00:00
U-07542,User_U-07542,Active,2023-01-17 14:00:00
U-07544,User_U-07544,Active,2023-01-17 14:00:00
U-07545,User_U-07545,Active,2023-01-06 14:00:00
U-07546,User_U-07546,Active,2023-01-02 14:00:00
U-07548,User_U-07548,Active,2023-01-11 14:00:00
U-07552,User_U-07552,Active,2023-01-09 14:00:00
U-07555,User_U-07555,Active,2023-01-03 14:00:00
U-07559,User_U-07559,Active,2023-01-10 14:00:00
U-07561,User_U-07561,Active,2023-01-07 14:00:00
U-07566,User_U-07566,Active,2023-01-27 14:00:00
U-07567,User_U-07567,Active,2023-01-15 14:00:00
U-07568,User_U-07568,Active,2023-01-21 14:00:00
U-07569,User_U-07569,Active,2023-01-24 14:00:00
U-07571,User_U-07571,Active,2023-01-25 14:00:00
U-07577,User_U-07577,Active,2023-01-28 14:00:00
U-07581,User_U-07581,Active,2023-01-13 14:00:00
U-07583,User_U-07583,Active,2023-01-19 14:00:00
U-07587,User_U-07587,Active,2023-01-27 14:00:00
U-07589,User_U-07589,Active,2023-01-24 14:00:00
U-07590,User_U-07590,Active,2023-01-28 14:00:00
U-07592,User_U-07592,Active,2023-01-29 14:00:00
U-07595,User_U-07595,Active,2023-01-27 14:00:00
U-07596,User_U-07596,Active,2023-01-26 14:00:00
U-07598,User_U-07598,Active,2023-01-18 14:00:00
U-07599,User_U-07599,Active,2023-01-18 14:00:00
U-07601,User_U-07601,Active,2023-01-07 14:00:00
U-07604,User_U-07604,Active,2023-01-11 14:00:00
U-07605,User_U-07605,Active,2023-01-10 14:00:00
U-07606,User_U-07606,Active,2023-01-23 14:00:00
U-07607,User_U-07607,Active,2023-01-02 14:00:00
U-07608,User_U-07608,Active,2023-01-05 14:00:00
U-07609,User_U-07609,Active,2023-01-09 14:00:00
U-07611,User_U-07611,Active,2023-01-27 14:00:00
U-07612,User_U-07612,Active,2023-01-13 14:00:00
U-07613,User_U-07613,Active,2023-01-06 14:00:00
U-07614,User_U-07614,Active,2023-01-08 14:00:00
U-07615,User_U-07615,Active,2023-01-28 14:00:00
U-07617,User_U-07617,Active,2023-01-08 14:00:00
U-07618,User_U-07618,Active,2023-01-04 14:00:00
U-07619,User_U-07619,Active,2023-01-19 14:00:00
U-07621,User_U-07621,Active,2023-01-05 14:00:00
U-07624,User_U-07624,Active,2023-01-25 14:00:00
U-07627,User_U-07627,Active,2023-01-25 14:00:00
U-07628,User_U-07628,Active,2023-01-29 14:00:00
U-07629,User_U-07629,Active,2023-01-27 14:00:00
U-07632,User_U-07632,Active,2023-01-09 14:00:00
U-07636,User_U-07636,Active,2023-01-17 14:00:00
U-07637,User_U-07637,Active,2023-01-13 14:00:00
U-07638,User_U-07638,Active,2023-01-09 14:00:00
U-07639,User_U-07639,Active,2023-01-22 14:00:00
U-07640,User_U-07640,Active,2023-01-07 14:00:00
U-07641,User_U-07641,Active,2023-01-04 14:00:00
U-07642,User_U-07642,Active,2023-01-02 14:00:00
U-07644,User_U-07644,Active,2023-01-10 14:00:00
U-07648,User_U-07648,Active,2023-01-23 14:00:00
U-07654,User_U-07654,Active,2023-01-27 14:00:00
U-07656,User_U-07656,Active,2023-01-24 14:00:00
U-07657,User_U-07657,Active,2023-01-26 14:00:00
U-07659,User_U-07659,Active,2023-01-09 14:00:00
U-07660,User_U-07660,Active,2023-01-06 14:00:00
U-07661,User_U-07661,Active,2023-01-09 14:00:00
U-07662,User_U-07662,Active,2023-01-25 14:00:00
U-07668,User_U-07668,Active,2023-01-21 14:00:00
U-07672,User_U-07672,Active,2023-01-27 14:00:00
U-07673,User_U-07673,Active,2023-01-11 14:00:00
U-07675,User_U-07675,Active,2023-01-24 14:00:00
U-07676,User_U-07676,Active,2023-01-27 14:00:00
U-07677,User_U-07677,Active,2023-01-22 14:00:00
U-07678,User_U-07678,Active,2023-01-23 14:00:00
U-07684,User_U-07684,Active,2023-01-03 14:00:00
U-07685,User_U-07685,Active,2023-01-03 14:00:00
U-07687,User_U-07687,Active,2023-01-29 14:00:00
U-07688,User_U-07688,Active,2023-01-04 14:00:00
U-07689,User_U-07689,Active,2023-01-21 14:00:00
U-07691,User_U-07691,Active,2023-01-21 14:00:00
U-07694,User_U-07694,Active,2023-01-14 14:00:00
U-07696,User_U-07696,Active,2023-01-18 14:00:00
U-07697,User_U-07697,Active,2023-01-02 14:00:00
U-07702,User_U-07702,Active,2023-01-07 14:00:00
U-07703,User_U-07703,Active,2023-01-03 14:00:00
U-07704,User_U-07704,Active,2023-01-21 14:00:00
U-07705,User_U-07705,Active,2023-01-25 14:00:00
U-07709,User_U-07709,Active,2023-01-08 14:00:00
U-07710,User_U-07710,Active,2023-01-23 14:00:00
U-07712,User_U-07712,Active,2023-01-28 14:00:00
U-07713,User_U-07713,Active,2023-01-30 14:00:00
U-07714,User_U-07714,Active,2023-01-14 14:00:00
U-07717,User_U-07717,Active,2023-01-27 14:00:00
U-07718,User_U-07718,Active,2023-01-03 14:00:00
U-07720,User_U-07720,Active,2023-01-04 14:00:00
U-07721,User_U-07721,Active,2023-01-04 14:00:00
U-07722,User_U-07722,Active,2023-01-24 14:00:00
U-07723,User_U-07723,Active,2023-01-26 14:00:00
U-07725,User_U-07725,Active,2023-01-14 14:00:00
U-07726,User_U-07726,Active,2023-01-17 14:00:00
U-07728,User_U-07728,Active,2023-01-15 14:00:00
U-07729,User_U-07729,Active,2023-01-30 14:00:00
U-07731,User_U-07731,Active,2023-01-12 14:00:00
U-07732,User_U-07732,Active,2023-01-21 14:00:00
U-07733,User_U-07733,Active,2023-01-27 14:00:00
U-07734,User_U-07734,Active,2023-01-13 14:00:00
U-07738,User_U-07738,Active,2023-01-30 14:00:00
U-07740,User_U-07740,Active,2023-01-13 14:00:00
U-07744,User_U-07744,Active,2023-01-19 14:00:00
U-07745,User_U-07745,Active,2023-01-13 14:00:00
U-07746,User_U-07746,Active,2023-01-16 14:00:00
U-07750,User_U-07750,Active,2023-01-13 14:00:00
U-07754,User_U-07754,Active,2023-01-09 14:00:00
U-07756,User_U-07756,Active,2023-01-30 14:00:00
U-07759,User_U-07759,Active,2023-01-08 14:00:00
U-07760,User_U-07760,Active,2023-01-16 14:00:00
U-07761,User_U-07761,Active,2023-01-03 14:00:00
U-07762,User_U-07762,Active,2023-01-17 14:00:00
U-07764,User_U-07764,Active,2023-01-17 14:00:00
U-07765,User_U-07765,Active,2023-01-22 14:00:00
U-07766,User_U-07766,Active,2023-01-20 14:00:00
U-07767,User_U-07767,Active,2023-01-16 14:00:00
U-07769,User_U-07769,Active,2023-01-06 14:00:00
U-07770,User_U-07770,Active,2023-01-12 14:00:00
U-07771,User_U-07771,Active,2023-01-25 14:00:00
U-07772,User_U-07772,Active,2023-01-16 14:00:00
U-07774,User_U-07774,Active,2023-01-18 14:00:00
U-07777,User_U-07777,Active,2023-01-08 14:00:00
U-07780,User_U-07780,Active,2023-01-27 14:00:00
U-07783,User_U-07783,Active,2023-01-12 14:00:00
U-07785,User_U-07785,Active,2023-01-14 14:00:00
U-07786,User_U-07786,Active,2023-01-23 14:00:00
U-07793,User_U-07793,Active,2023-01-24 14:00:00
U-07794,User_U-07794,Active,2023-01-27 14:00:00
U-07797,User_U-07797,Active,2023-01-07 14:00:00
U-07798,User_U-07798,Active,2023-01-24 14:00:00
U-07799,User_U-07799,Active,2023-01-09 14:00:00
U-07800,User_U-07800,Active,2023-01-16 14:00:00
U-07802,User_U-07802,Active,2023-01-11 14:00:00
U-07803,User_U-07803,Active,2023-01-11 14:00:00
U-07804,User_U-07804,Active,2023-01-12 14:00:00
U-07805,User_U-07805,Active,2023-01-29 14:00:00
U-07807,User_U-07807,Active,2023-01-28 14:00:00
U-07811,User_U-07811,Active,2023-01-05 14:00:00
U-07812,User_U-07812,Active,2023-01-30 14:00:00
U-07814,User_U-07814,Active,2023-01-15 14:00:00
U-07817,User_U-07817,Active,2023-01-17 14:00:00
U-07818,User_U-07818,Active,2023-01-10 14:00:00
U-07820,User_U-07820,Active,2023-01-03 14:00:00
U-07821,User_U-07821,Active,2023-01-23 14:00:00
U-07822,User_U-07822,Active,2023-01-11 14:00:00
U-07825,User_U-07825,Active,2023-01-17 14:00:00
U-07826,User_U-07826,Active,2023-01-22 14:00:00
U-07827,User_U-07827,Active,2023-01-26 14:00:00
U-07828,User_U-07828,Active,2023-01-30 14:00:00
U-07830,User_U-07830,Active,2023-01-17 14:00:00
U-07831,User_U-07831,Active,2023-01-07 14:00:00
U-07832,User_U-07832,Active,2023-01-30 14:00:00
U-07833,User_U-07833,Active,2023-01-26 14:00:00
U-07834,User_U-07834,Active,2023-01-22 14:00:00
U-07837,User_U-07837,Active,2023-01-26 14:00:00
U-07838,User_U-07838,Active,2023-01-16 14:00:00
U-07840,User_U-07840,Active,2023-01-13 14:00:00
U-07841,User_U-07841,Active,2023-01-27 14:00:00
U-07843,User_U-07843,Active,2023-01-02 14:00:00
U-07848,User_U-07848,Active,2023-01-19 14:00:00
U-07849,User_U-07849,Active,2023-01-23 14:00:00
U-07850,User_U-07850,Active,2023-01-07 14:00:00
U-07851,User_U-07851,Active,2023-01-09 14:00:00
U-07852,User_U-07852,Active,2023-01-07 14:00:00
U-07853,User_U-07853,Active,2023-01-25 14:00:00
U-07855,User_U-07855,Active,2023-01-30 14:00:00
U-07859,User_U-07859,Active,2023-01-25 14:00:00
U-07862,User_U-07862,Active,2023-01-20 14:00:00
U-07863,User_U-07863,Active,2023-01-25 14:00:00
U-07864,User_U-07864,Active,2023-01-03 14:00:00
U-07865,User_U-07865,Active,2023-01-08 14:00:00
U-07866,User_U-07866,Active,2023-01-10 14:00:00
U-07867,User_U-07867,Active,2023-01-11 14:00:00
U-07869,User_U-07869,Active,2023-01-06 14:00:00
U-07872,User_U-07872,Active,2023-01-14 14:00:00
U-07874,User_U-07874,Active,2023-01-12 14:00:00
U-07875,User_U-07875,Active,2023-01-28 14:00:00
U-07877,User_U-07877,Active,2023-01-16 14:00:00
U-07879,User_U-07879,Active,2023-01-23 14:00:00
U-07880,User_U-07880,Active,2023-01-16 14:00:00
U-07883,User_U-07883,Active,2023-01-30 14:00:00
U-07884,User_U-07884,Active,2023-01-08 14:00:00
U-07891,User_U-07891,Active,2023-01-29 14:00:00
U-07896,User_U-07896,Active,2023-01-12 14:00:00
U-07900,User_U-07900,Active,2023-01-22 14:00:00
U-07901,User_U-07901,Active,2023-01-24 14:00:00
U-07905,User_U-07905,Active,2023-01-15 14:00:00
U-07907,User_U-07907,Active,2023-01-03 14:00:00
U-07908,User_U-07908,Active,2023-01-15 14:00:00
U-07909,User_U-07909,Active,2023-01-10 14:00:00
U-07910,User_U-07910,Active,2023-01-14 14:00:00
U-07912,User_U-07912,Active,2023-01-20 14:00:00
U-07916,User_U-07916,Active,2023-01-06 14:00:00
U-07917,User_U-07917,Active,2023-01-25 14:00:00
U-07919,User_U-07919,Active,2023-01-13 14:00:00
U-07924,User_U-07924,Active,2023-01-17 14:00:00
U-07925,User_U-07925,Active,2023-01-18 14:00:00
U-07927,User_U-07927,Active,2023-01-15 14:00:00
U-07928,User_U-07928,Active,2023-01-07 14:00:00
U-07932,User_U-07932,Active,2023-01-06 14:00:00
U-07933,User_U-07933,Active,2023-01-06 14:00:00
U-07934,User_U-07934,Active,2023-01-26 14:00:00
U-07935,User_U-07935,Active,2023-01-14 14:00:00
U-07939,User_U-07939,Active,2023-01-08 14:00:00
U-07940,User_U-07940,Active,2023-01-23 14:00:00
U-07941,User_U-07941,Active,2023-01-27 14:00:00
U-07942,User_U-07942,Active,2023-01-06 14:00:00
U-07943,User_U-07943,Active,2023-01-14 14:00:00
U-07946,User_U-07946,Active,2023-01-06 14:00:00
U-07948,User_U-07948,Active,2023-01-22 14:00:00
U-07951,User_U-07951,Active,2023-01-11 14:00:00
U-07953,User_U-07953,Active,2023-01-19 14:00:00
U-07954,User_U-07954,Active,2023-01-07 14:00:00
U-07957,User_U-07957,Active,2023-01-13 14:00:00
U-07958,User_U-07958,Active,2023-01-15 14:00:00
U-07959,User_U-07959,Active,2023-01-08 14:00:00
U-07960,User_U-07960,Active,2023-01-25 14:00:00
U-07961,User_U-07961,Active,2023-01-29 14:00:00
U-07965,User_U-07965,Active,2023-01-26 14:00:00
U-07967,User_U-07967,Active,2023-01-26 14:00:00
U-07968,User_U-07968,Active,2023-01-10 14:00:00
U-07970,User_U-07970,Active,2023-01-09 14:00:00
U-07971,User_U-07971,Active,2023-01-22 14:00:00
U-07976,User_U-07976,Active,2023-01-16 14:00:00
U-07977,User_U-07977,Active,2023-01-19 14:00:00
U-07978,User_U-07978,Active,2023-01-10 14:00:00
U-07979,User_U-07979,Active,2023-01-15 14:00:00
U-07980,User_U-07980,Active,2023-01-22 14:00:00
U-07981,User_U-07981,Active,2023-01-11 14:00:00
U-07983,User_U-07983,Active,2023-01-28 14:00:00
U-07984,User_U-07984,Active,2023-01-09 14:00:00
U-07985,User_U-07985,Active,2023-01-06 14:00:00
U-07987,User_U-07987,Active,2023-01-05 14:00:00
U-07988,User_U-07988,Active,2023-01-03 14:00:00
U-07989,User_U-07989,Active,2023-01-27 14:00:00
U-07991,User_U-07991,Active,2023-01-04 14:00:00
U-07993,User_U-07993,Active,2023-01-15 14:00:00
U-07994,User_U-07994,Active,2023-01-18 14:00:00
U-07995,User_U-07995,Active,2023-01-14 14:00:00
U-07996,User_U-07996,Active,2023-01-07 14:00:00
U-07997,User_U-07997,Active,2023-01-10 14:00:00
U-07998,User_U-07998,Active,2023-01-18 14:00:00
U-07999,User_U-07999,Active,2023-01-27 14:00:00
U-08000,User_U-08000,Active,2023-01-26 14:00:00
U-08003,User_U-08003,Active,2023-01-23 14:00:00
U-08005,User_U-08005,Active,2023-01-25 14:00:00
U-08006,User_U-08006,Active,2023-01-16 14:00:00
U-08011,User_U-08011,Active,2023-01-16 14:00:00
U-08014,User_U-08014,Active,2023-01-15 14:00:00
U-08015,User_U-08015,Active,2023-01-16 14:00:00
U-08017,User_U-08017,Active,2023-01-10 14:00:00
U-08020,User_U-08020,Active,2023-01-04 14:00:00
U-08022,User_U-08022,Active,2023-01-26 14:00:00
U-08023,User_U-08023,Active,2023-01-18 14:00:00
U-08025,User_U-08025,Active,2023-01-09 14:00:00
U-08026,User_U-08026,Active,2023-01-23 14:00:00
U-08028,User_U-08028,Active,2023-01-04 14:00:00
U-08029,User_U-08029,Active,2023-01-11 14:00:00
U-08030,User_U-08030,Active,2023-01-26 14:00:00
U-08033,User_U-08033,Active,2023-01-06 14:00:00
U-08034,User_U-08034,Active,2023-01-16 14:00:00
U-08036,User_U-08036,Active,2023-01-26 14:00:00
U-08037,User_U-08037,Active,2023-01-16 14:00:00
U-08038,User_U-08038,Active,2023-01-11 14:00:00
U-08039,User_U-08039,Active,2023-01-16 14:00:00
U-08040,User_U-08040,Active,2023-01-05 14:00:00
U-08041,User_U-08041,Active,2023-01-30 14:00:00
U-08042,User_U-08042,Active,2023-01-24 14:00:00
U-08043,User_U-08043,Active,2023-01-04 14:00:00
U-08044,User_U-08044,Active,2023-01-25 14:00:00
U-08045,User_U-08045,Active,2023-01-19 14:00:00
U-08047,User_U-08047,Active,2023-01-15 14:00:00
U-08050,User_U-08050,Active,2023-01-20 14:00:00
U-08051,User_U-08051,Active,2023-01-23 14:00:00
U-08053,User_U-08053,Active,2023-01-03 14:00:00
U-08055,User_U-08055,Active,2023-01-24 14:00:00
U-08057,User_U-08057,Active,2023-01-09 14:00:00
U-08061,User_U-08061,Active,2023-01-23 14:00:00
U-08063,User_U-08063,Active,2023-01-10 14:00:00
U-08065,User_U-08065,Active,2023-01-28 14:00:00
U-08067,User_U-08067,Active,2023-01-09 14:00:00
U-08069,User_U-08069,Active,2023-01-30 14:00:00
U-08070,User_U-08070,Active,2023-01-23 14:00:00
U-08072,User_U-08072,Active,2023-01-13 14:00:00
U-08074,User_U-08074,Active,2023-01-04 14:00:00
U-08076,User_U-08076,Active,2023-01-22 14:00:00
U-08079,User_U-08079,Active,2023-01-05 14:00:00
U-08080,User_U-08080,Active,2023-01-15 14:00:00
U-08081,User_U-08081,Active,2023-01-10 14:00:00
U-08082,User_U-08082,Active,2023-01-29 14:00:00
U-08085,User_U-08085,Active,2023-01-15 14:00:00
U-08086,User_U-08086,Active,2023-01-11 14:00:00
U-08087,User_U-08087,Active,2023-01-06 14:00:00
U-08088,User_U-08088,Active,2023-01-09 14:00:00
U-08089,User_U-08089,Active,2023-01-14 14:00:00
U-08091,User_U-08091,Active,2023-01-27 14:00:00
U-08092,User_U-08092,Active,2023-01-15 14:00:00
U-08094,User_U-08094,Active,2023-01-03 14:00:00
U-08096,User_U-08096,Active,2023-01-20 14:00:00
U-08099,User_U-08099,Active,2023-01-05 14:00:00
U-08106,User_U-08106,Active,2023-01-12 14:00:00
U-08107,User_U-08107,Active,2023-01-04 14:00:00
U-08108,User_U-08108,Active,2023-01-10 14:00:00
U-08109,User_U-08109,Active,2023-01-16 14:00:00
U-08110,User_U-08110,Active,2023-01-10 14:00:00
U-08111,User_U-08111,Active,2023-01-11 14:00:00
U-08114,User_U-08114,Active,2023-01-26 14:00:00
U-08115,User_U-08115,Active,2023-01-22 14:00:00
U-08117,User_U-08117,Active,2023-01-22 14:00:00
U-08118,User_U-08118,Active,2023-01-09 14:00:00
U-08120,User_U-08120,Active,2023-01-07 14:00:00
U-08125,User_U-08125,Active,2023-01-28 14:00:00
U-08127,User_U-08127,Active,2023-01-12 14:00:00
U-08128,User_U-08128,Active,2023-01-05 14:00:00
U-08129,User_U-08129,Active,2023-01-07 14:00:00
U-08131,User_U-08131,Active,2023-01-15 14:00:00
U-08132,User_U-08132,Active,2023-01-08 14:00:00
U-08136,User_U-08136,Active,2023-01-09 14:00:00
U-08138,User_U-08138,Active,2023-01-13 14:00:00
U-08140,User_U-08140,Active,2023-01-13 14:00:00
U-08141,User_U-08141,Active,2023-01-19 14:00:00
U-08142,User_U-08142,Active,2023-01-16 14:00:00
U-08145,User_U-08145,Active,2023-01-10 14:00:00
U-08146,User_U-08146,Active,2023-01-14 14:00:00
U-08147,User_U-08147,Active,2023-01-16 14:00:00
U-08153,User_U-08153,Active,2023-01-02 14:00:00
U-08154,User_U-08154,Active,2023-01-20 14:00:00
U-08156,User_U-08156,Active,2023-01-13 14:00:00
U-08158,User_U-08158,Active,2023-01-12 14:00:00
U-08160,User_U-08160,Active,2023-01-26 14:00:00
U-08162,User_U-08162,Active,2023-01-16 14:00:00
U-08165,User_U-08165,Active,2023-01-26 14:00:00
U-08166,User_U-08166,Active,2023-01-14 14:00:00
U-08169,User_U-08169,Active,2023-01-19 14:00:00
U-08171,User_U-08171,Active,2023-01-25 14:00:00
U-08172,User_U-08172,Active,2023-01-17 14:00:00
U-08173,User_U-08173,Active,2023-01-18 14:00:00
U-08174,User_U-08174,Active,2023-01-25 14:00:00
U-08175,User_U-08175,Active,2023-01-05 14:00:00
U-08177,User_U-08177,Active,2023-01-15 14:00:00
U-08178,User_U-08178,Active,2023-01-16 14:00:00
U-08179,User_U-08179,Active,2023-01-27 14:00:00
U-08182,User_U-08182,Active,2023-01-05 14:00:00
U-08184,User_U-08184,Active,2023-01-29 14:00:00
U-08185,User_U-08185,Active,2023-01-27 14:00:00
U-08187,User_U-08187,Active,2023-01-25 14:00:00
U-08189,User_U-08189,Active,2023-01-29 14:00:00
U-08191,User_U-08191,Active,2023-01-17 14:00:00
U-08192,User_U-08192,Active,2023-01-29 14:00:00
U-08194,User_U-08194,Active,2023-01-15 14:00:00
U-08196,User_U-08196,Active,2023-01-27 14:00:00
U-08198,User_U-08198,Active,2023-01-27 14:00:00
U-08200,User_U-08200,Active,2023-01-25 14:00:00
U-08203,User_U-08203,Active,2023-01-04 14:00:00
U-08205,User_U-08205,Active,2023-01-09 14:00:00
U-08206,User_U-08206,Active,2023-01-16 14:00:00
U-08208,User_U-08208,Active,2023-01-11 14:00:00
U-08210,User_U-08210,Active,2023-01-05 14:00:00
U-08211,User_U-08211,Active,2023-01-16 14:00:00
U-08212,User_U-08212,Active,2023-01-22 14:00:00
U-08213,User_U-08213,Active,2023-01-08 14:00:00
U-08215,User_U-08215,Active,2023-01-10 14:00:00
U-08218,User_U-08218,Active,2023-01-17 14:00:00
U-08220,User_U-08220,Active,2023-01-12 14:00:00
U-08221,User_U-08221,Active,2023-01-02 14:00:00
U-08222,User_U-08222,Active,2023-01-12 14:00:00
U-08223,User_U-08223,Active,2023-01-14 14:00:00
U-08224,User_U-08224,Active,2023-01-04 14:00:00
U-08226,User_U-08226,Active,2023-01-12 14:00:00
U-08229,User_U-08229,Active,2023-01-16 14:00:00
U-08231,User_U-08231,Active,2023-01-15 14:00:00
U-08232,User_U-08232,Active,2023-01-26 14:00:00
U-08233,User_U-08233,Active,2023-01-12 14:00:00
U-08234,User_U-08234,Active,2023-01-06 14:00:00
U-08237,User_U-08237,Active,2023-01-30 14:00:00
U-08240,User_U-08240,Active,2023-01-22 14:00:00
U-08243,User_U-08243,Active,2023-01-21 14:00:00
U-08244,User_U-08244,Active,2023-01-13 14:00:00
U-08245,User_U-08245,Active,2023-01-10 14:00:00
U-08249,User_U-08249,Active,2023-01-17 14:00:00
U-08250,User_U-08250,Active,2023-01-30 14:00:00
U-08252,User_U-08252,Active,2023-01-30 14:00:00
U-08253,User_U-08253,Active,2023-01-22 14:00:00
U-08256,User_U-08256,Active,2023-01-20 14:00:00
U-08258,User_U-08258,Active,2023-01-14 14:00:00
U-08260,User_U-08260,Active,2023-01-19 14:00:00
U-08264,User_U-08264,Active,2023-01-03 14:00:00
U-08265,User_U-08265,Active,2023-01-11 14:00:00
U-08269,User_U-08269,Active,2023-01-09 14:00:00
U-08270,User_U-08270,Active,2023-01-16 14:00:00
U-08271,User_U-08271,Active,2023-01-22 14:00:00
U-08272,User_U-08272,Active,2023-01-22 14:00:00
U-08273,User_U-08273,Active,2023-01-04 14:00:00
U-08274,User_U-08274,Active,2023-01-11 14:00:00
U-08275,User_U-08275,Active,2023-01-08 14:00:00
U-08276,User_U-08276,Active,2023-01-29 14:00:00
U-08277,User_U-08277,Active,2023-01-08 14:00:00
U-08278,User_U-08278,Active,2023-01-17 14:00:00
U-08279,User_U-08279,Active,2023-01-21 14:00:00
U-08281,User_U-08281,Active,2023-01-14 14:00:00
U-08283,User_U-08283,Active,2023-01-03 14:00:00
U-08285,User_U-08285,Active,2023-01-06 14:00:00
U-08287,User_U-08287,Active,2023-01-25 14:00:00
U-08290,User_U-08290,Active,2023-01-13 14:00:00
U-08297,User_U-08297,Active,2023-01-28 14:00:00
U-08299,User_U-08299,Active,2023-01-25 14:00:00
U-08301,User_U-08301,Active,2023-01-24 14:00:00
U-08302,User_U-08302,Active,2023-01-28 14:00:00
U-08304,User_U-08304,Active,2023-01-28 14:00:00
U-08306,User_U-08306,Active,2023-01-11 14:00:00
U-08307,User_U-08307,Active,2023-01-24 14:00:00
U-08308,User_U-08308,Active,2023-01-02 14:00:00
U-08310,User_U-08310,Active,2023-01-17 14:00:00
U-08312,User_U-08312,Active,2023-01-13 14:00:00
U-08313,User_U-08313,Active,2023-01-25 14:00:00
U-08314,User_U-08314,Active,2023-01-07 14:00:00
U-08316,User_U-08316,Active,2023-01-06 14:00:00
U-08318,User_U-08318,Active,2023-01-02 14:00:00
U-08320,User_U-08320,Active,2023-01-24 14:00:00
U-08321,User_U-08321,Active,2023-01-16 14:00:00
U-08322,User_U-08322,Active,2023-01-03 14:00:00
U-08324,User_U-08324,Active,2023-01-02 14:00:00
U-08326,User_U-08326,Active,2023-01-27 14:00:00
U-08327,User_U-08327,Active,2023-01-23 14:00:00
U-08329,User_U-08329,Active,2023-01-25 14:00:00
U-08332,User_U-08332,Active,2023-01-29 14:00:00
U-08333,User_U-08333,Active,2023-01-17 14:00:00
U-08334,User_U-08334,Active,2023-01-05 14:00:00
U-08336,User_U-08336,Active,2023-01-28 14:00:00
U-08339,User_U-08339,Active,2023-01-07 14:00:00
U-08340,User_U-08340,Active,2023-01-10 14:00:00
U-08345,User_U-08345,Active,2023-01-03 14:00:00
U-08348,User_U-08348,Active,2023-01-24 14:00:00
U-08349,User_U-08349,Active,2023-01-16 14:00:00
U-08352,User_U-08352,Active,2023-01-04 14:00:00
U-08353,User_U-08353,Active,2023-01-11 14:00:00
U-08354,User_U-08354,Active,2023-01-19 14:00:00
U-08355,User_U-08355,Active,2023-01-26 14:00:00
U-08356,User_U-08356,Active,2023-01-30 14:00:00
U-08358,User_U-08358,Active,2023-01-15 14:00:00
U-08362,User_U-08362,Active,2023-01-04 14:00:00
U-08364,User_U-08364,Active,2023-01-09 14:00:00
U-08365,User_U-08365,Active,2023-01-17 14:00:00
U-08367,User_U-08367,Active,2023-01-04 14:00:00
U-08371,User_U-08371,Active,2023-01-20 14:00:00
U-08372,User_U-08372,Active,2023-01-14 14:00:00
U-08373,User_U-08373,Active,2023-01-23 14:00:00
U-08375,User_U-08375,Active,2023-01-18 14:00:00
U-08376,User_U-08376,Active,2023-01-07 14:00:00
U-08377,User_U-08377,Active,2023-01-19 14:00:00
U-08378,User_U-08378,Active,2023-01-15 14:00:00
U-08379,User_U-08379,Active,2023-01-08 14:00:00
U-08380,User_U-08380,Active,2023-01-25 14:00:00
U-08383,User_U-08383,Active,2023-01-21 14:00:00
U-08386,User_U-08386,Active,2023-01-13 14:00:00
U-08387,User_U-08387,Active,2023-01-06 14:00:00
U-08388,User_U-08388,Active,2023-01-02 14:00:00
U-08389,User_U-08389,Active,2023-01-10 14:00:00
U-08390,User_U-08390,Active,2023-01-10 14:00:00
U-08393,User_U-08393,Active,2023-01-23 14:00:00
U-08395,User_U-08395,Active,2023-01-14 14:00:00
U-08396,User_U-08396,Active,2023-01-07 14:00:00
U-08397,User_U-08397,Active,2023-01-11 14:00:00
U-08398,User_U-08398,Active,2023-01-03 14:00:00
U-08399,User_U-08399,Active,2023-01-13 14:00:00
U-08400,User_U-08400,Active,2023-01-26 14:00:00
U-08401,User_U-08401,Active,2023-01-02 14:00:00
U-08404,User_U-08404,Active,2023-01-29 14:00:00
U-08405,User_U-08405,Active,2023-01-27 14:00:00
U-08406,User_U-08406,Active,2023-01-11 14:00:00
U-08407,User_U-08407,Active,2023-01-12 14:00:00
U-08409,User_U-08409,Active,2023-01-19 14:00:00
U-08413,User_U-08413,Active,2023-01-20 14:00:00
U-08414,User_U-08414,Active,2023-01-05 14:00:00
U-08415,User_U-08415,Active,2023-01-21 14:00:00
U-08421,User_U-08421,Active,2023-01-14 14:00:00
U-08422,User_U-08422,Active,2023-01-19 14:00:00
U-08423,User_U-08423,Active,2023-01-29 14:00:00
U-08428,User_U-08428,Active,2023-01-02 14:00:00
U-08429,User_U-08429,Active,2023-01-16 14:00:00
U-08431,User_U-08431,Active,2023-01-04 14:00:00
U-08432,User_U-08432,Active,2023-01-03 14:00:00
U-08433,User_U-08433,Active,2023-01-06 14:00:00
U-08434,User_U-08434,Active,2023-01-12 14:00:00
U-08435,User_U-08435,Active,2023-01-24 14:00:00
U-08436,User_U-08436,Active,2023-01-10 14:00:00
U-08437,User_U-08437,Active,2023-01-14 14:00:00
U-08439,User_U-08439,Active,2023-01-23 14:00:00
U-08440,User_U-08440,Active,2023-01-11 14:00:00
U-08442,User_U-08442,Active,2023-01-30 14:00:00
U-08445,User_U-08445,Active,2023-01-07 14:00:00
U-08447,User_U-08447,Active,2023-01-06 14:00:00
U-08449,User_U-08449,Active,2023-01-04 14:00:00
U-08450,User_U-08450,Active,2023-01-21 14:00:00
U-08452,User_U-08452,Active,2023-01-25 14:00:00
U-08453,User_U-08453,Active,2023-01-16 14:00:00
U-08456,User_U-08456,Active,2023-01-18 14:00:00
U-08460,User_U-08460,Active,2023-01-13 14:00:00
U-08461,User_U-08461,Active,2023-01-04 14:00:00
U-08462,User_U-08462,Active,2023-01-23 14:00:00
U-08463,User_U-08463,Active,2023-01-25 14:00:00
U-08465,User_U-08465,Active,2023-01-20 14:00:00
U-08466,User_U-08466,Active,2023-01-10 14:00:00
U-08467,User_U-08467,Active,2023-01-06 14:00:00
U-08469,User_U-08469,Active,2023-01-11 14:00:00
U-08473,User_U-08473,Active,2023-01-30 14:00:00
U-08477,User_U-08477,Active,2023-01-26 14:00:00
U-08478,User_U-08478,Active,2023-01-19 14:00:00
U-08479,User_U-08479,Active,2023-01-03 14:00:00
U-08480,User_U-08480,Active,2023-01-30 14:00:00
U-08481,User_U-08481,Active,2023-01-25 14:00:00
U-08484,User_U-08484,Active,2023-01-07 14:00:00
U-08485,User_U-08485,Active,2023-01-15 14:00:00
U-08486,User_U-08486,Active,2023-01-30 14:00:00
U-08488,User_U-08488,Active,2023-01-07 14:00:00
U-08489,User_U-08489,Active,2023-01-24 14:00:00
U-08490,User_U-08490,Active,2023-01-22 14:00:00
U-08492,User_U-08492,Active,2023-01-11 14:00:00
U-08493,User_U-08493,Active,2023-01-04 14:00:00
U-08494,User_U-08494,Active,2023-01-25 14:00:00
U-08497,User_U-08497,Active,2023-01-20 14:00:00
U-08498,User_U-08498,Active,2023-01-10 14:00:00
U-08499,User_U-08499,Active,2023-01-14 14:00:00
U-08500,User_U-08500,Active,2023-01-30 14:00:00
U-08501,User_U-08501,Active,2023-01-13 14:00:00
U-08506,User_U-08506,Active,2023-01-11 14:00:00
U-08507,User_U-08507,Active,2023-01-24 14:00:00
U-08508,User_U-08508,Active,2023-01-17 14:00:00
U-08509,User_U-08509,Active,2023-01-17 14:00:00
U-08510,User_U-08510,Active,2023-01-11 14:00:00
U-08513,User_U-08513,Active,2023-01-07 14:00:00
U-08519,User_U-08519,Active,2023-01-13 14:00:00
U-08520,User_U-08520,Active,2023-01-15 14:00:00
U-08521,User_U-08521,Active,2023-01-25 14:00:00
U-08522,User_U-08522,Active,2023-01-17 14:00:00
U-08524,User_U-08524,Active,2023-01-20 14:00:00
U-08525,User_U-08525,Active,2023-01-26 14:00:00
U-08527,User_U-08527,Active,2023-01-05 14:00:00
U-08529,User_U-08529,Active,2023-01-14 14:00:00
U-08532,User_U-08532,Active,2023-01-24 14:00:00
U-08534,User_U-08534,Active,2023-01-08 14:00:00
U-08536,User_U-08536,Active,2023-01-07 14:00:00
U-08538,User_U-08538,Active,2023-01-27 14:00:00
U-08539,User_U-08539,Active,2023-01-21 14:00:00
U-08540,User_U-08540,Active,2023-01-19 14:00:00
U-08541,User_U-08541,Active,2023-01-21 14:00:00
U-08544,User_U-08544,Active,2023-01-19 14:00:00
U-08545,User_U-08545,Active,2023-01-19 14:00:00
U-08546,User_U-08546,Active,2023-01-13 14:00:00
U-08548,User_U-08548,Active,2023-01-22 14:00:00
U-08552,User_U-08552,Active,2023-01-17 14:00:00
U-08553,User_U-08553,Active,2023-01-12 14:00:00
U-08554,User_U-08554,Active,2023-01-08 14:00:00
U-08558,User_U-08558,Active,2023-01-10 14:00:00
U-08559,User_U-08559,Active,2023-01-25 14:00:00
U-08562,User_U-08562,Active,2023-01-12 14:00:00
U-08563,User_U-08563,Active,2023-01-21 14:00:00
U-08565,User_U-08565,Active,2023-01-29 14:00:00
U-08566,User_U-08566,Active,2023-01-22 14:00:00
U-08569,User_U-08569,Active,2023-01-21 14:00:00
U-08570,User_U-08570,Active,2023-01-08 14:00:00
U-08572,User_U-08572,Active,2023-01-05 14:00:00
U-08575,User_U-08575,Active,2023-01-23 14:00:00
U-08576,User_U-08576,Active,2023-01-21 14:00:00
U-08577,User_U-08577,Active,2023-01-15 14:00:00
U-08579,User_U-08579,Active,2023-01-05 14:00:00
U-08581,User_U-08581,Active,2023-01-22 14:00:00
U-08582,User_U-08582,Active,2023-01-12 14:00:00
U-08583,User_U-08583,Active,2023-01-11 14:00:00
U-08587,User_U-08587,Active,2023-01-24 14:00:00
U-08588,User_U-08588,Active,2023-01-28 14:00:00
U-08590,User_U-08590,Active,2023-01-10 14:00:00
U-08591,User_U-08591,Active,2023-01-29 14:00:00
U-08593,User_U-08593,Active,2023-01-22 14:00:00
U-08595,User_U-08595,Active,2023-01-06 14:00:00
U-08597,User_U-08597,Active,2023-01-06 14:00:00
U-08598,User_U-08598,Active,2023-01-27 14:00:00
U-08599,User_U-08599,Active,2023-01-14 14:00:00
U-08601,User_U-08601,Active,2023-01-10 14:00:00
U-08602,User_U-08602,Active,2023-01-20 14:00:00
U-08604,User_U-08604,Active,2023-01-09 14:00:00
U-08605,User_U-08605,Active,2023-01-07 14:00:00
U-08606,User_U-08606,Active,2023-01-03 14:00:00
U-08607,User_U-08607,Active,2023-01-27 14:00:00
U-08608,User_U-08608,Active,2023-01-20 14:00:00
U-08609,User_U-08609,Active,2023-01-28 14:00:00
U-08613,User_U-08613,Active,2023-01-04 14:00:00
U-08614,User_U-08614,Active,2023-01-09 14:00:00
U-08615,User_U-08615,Active,2023-01-10 14:00:00
U-08617,User_U-08617,Active,2023-01-17 14:00:00
U-08621,User_U-08621,Active,2023-01-06 14:00:00
U-08623,User_U-08623,Active,2023-01-18 14:00:00
U-08624,User_U-08624,Active,2023-01-22 14:00:00
U-08626,User_U-08626,Active,2023-01-30 14:00:00
U-08628,User_U-08628,Active,2023-01-27 14:00:00
U-08631,User_U-08631,Active,2023-01-30 14:00:00
U-08633,User_U-08633,Active,2023-01-24 14:00:00
U-08634,User_U-08634,Active,2023-01-17 14:00:00
U-08636,User_U-08636,Active,2023-01-03 14:00:00
U-08637,User_U-08637,Active,2023-01-30 14:00:00
U-08639,User_U-08639,Active,2023-01-13 14:00:00
U-08641,User_U-08641,Active,2023-01-14 14:00:00
U-08642,User_U-08642,Active,2023-01-27 14:00:00
U-08643,User_U-08643,Active,2023-01-15 14:00:00
U-08645,User_U-08645,Active,2023-01-09 14:00:00
U-08647,User_U-08647,Active,2023-01-08 14:00:00
U-08648,User_U-08648,Active,2023-01-20 14:00:00
U-08652,User_U-08652,Active,2023-01-27 14:00:00
U-08654,User_U-08654,Active,2023-01-29 14:00:00
U-08655,User_U-08655,Active,2023-01-10 14:00:00
U-08657,User_U-08657,Active,2023-01-27 14:00:00
U-08658,User_U-08658,Active,2023-01-04 14:00:00
U-08659,User_U-08659,Active,2023-01-06 14:00:00
U-08661,User_U-08661,Active,2023-01-05 14:00:00
U-08662,User_U-08662,Active,2023-01-24 14:00:00
U-08663,User_U-08663,Active,2023-01-02 14:00:00
U-08664,User_U-08664,Active,2023-01-13 14:00:00
U-08665,User_U-08665,Active,2023-01-09 14:00:00
U-08667,User_U-08667,Active,2023-01-23 14:00:00
U-08670,User_U-08670,Active,2023-01-06 14:00:00
U-08671,User_U-08671,Active,2023-01-08 14:00:00
U-08677,User_U-08677,Active,2023-01-18 14:00:00
U-08679,User_U-08679,Active,2023-01-05 14:00:00
U-08680,User_U-08680,Active,2023-01-23 14:00:00
U-08682,User_U-08682,Active,2023-01-16 14:00:00
U-08683,User_U-08683,Active,2023-01-17 14:00:00
U-08684,User_U-08684,Active,2023-01-23 14:00:00
U-08686,User_U-08686,Active,2023-01-22 14:00:00
U-08687,User_U-08687,Active,2023-01-04 14:00:00
U-08689,User_U-08689,Active,2023-01-17 14:00:00
U-08692,User_U-08692,Active,2023-01-25 14:00:00
U-08698,User_U-08698,Active,2023-01-17 14:00:00
U-08699,User_U-08699,Active,2023-01-19 14:00:00
U-08700,User_U-08700,Active,2023-01-13 14:00:00
U-08701,User_U-08701,Active,2023-01-11 14:00:00
U-08702,User_U-08702,Active,2023-01-29 14:00:00
U-08703,User_U-08703,Active,2023-01-09 14:00:00
U-08704,User_U-08704,Active,2023-01-06 14:00:00
U-08707,User_U-08707,Active,2023-01-12 14:00:00
U-08708,User_U-08708,Active,2023-01-03 14:00:00
U-08710,User_U-08710,Active,2023-01-28 14:00:00
U-08711,User_U-08711,Active,2023-01-03 14:00:00
U-08712,User_U-08712,Active,2023-01-11 14:00:00
U-08718,User_U-08718,Active,2023-01-05 14:00:00
U-08719,User_U-08719,Active,2023-01-24 14:00:00
U-08731,User_U-08731,Active,2023-01-23 14:00:00
U-08735,User_U-08735,Active,2023-01-22 14:00:00
U-08737,User_U-08737,Active,2023-01-16 14:00:00
U-08739,User_U-08739,Active,2023-01-18 14:00:00
U-08740,User_U-08740,Active,2023-01-03 14:00:00
U-08741,User_U-08741,Active,2023-01-07 14:00:00
U-08742,User_U-08742,Active,2023-01-20 14:00:00
U-08743,User_U-08743,Active,2023-01-16 14:00:00
U-08744,User_U-08744,Active,2023-01-07 14:00:00
U-08746,User_U-08746,Active,2023-01-13 14:00:00
U-08747,User_U-08747,Active,2023-01-16 14:00:00
U-08748,User_U-08748,Active,2023-01-05 14:00:00
U-08750,User_U-08750,Active,2023-01-13 14:00:00
U-08755,User_U-08755,Active,2023-01-04 14:00:00
U-08756,User_U-08756,Active,2023-01-23 14:00:00
U-08759,User_U-08759,Active,2023-01-17 14:00:00
U-08761,User_U-08761,Active,2023-01-14 14:00:00
U-08762,User_U-08762,Active,2023-01-23 14:00:00
U-08764,User_U-08764,Active,2023-01-02 14:00:00
U-08766,User_U-08766,Active,2023-01-06 14:00:00
U-08769,User_U-08769,Active,2023-01-22 14:00:00
U-08770,User_U-08770,Active,2023-01-21 14:00:00
U-08771,User_U-08771,Active,2023-01-29 14:00:00
U-08772,User_U-08772,Active,2023-01-27 14:00:00
U-08774,User_U-08774,Active,2023-01-24 14:00:00
U-08775,User_U-08775,Active,2023-01-04 14:00:00
U-08776,User_U-08776,Active,2023-01-02 14:00:00
U-08777,User_U-08777,Active,2023-01-19 14:00:00
U-08778,User_U-08778,Active,2023-01-29 14:00:00
U-08779,User_U-08779,Active,2023-01-30 14:00:00
U-08780,User_U-08780,Active,2023-01-25 14:00:00
U-08781,User_U-08781,Active,2023-01-10 14:00:00
U-08782,User_U-08782,Active,2023-01-19 14:00:00
U-08783,User_U-08783,Active,2023-01-02 14:00:00
U-08784,User_U-08784,Active,2023-01-28 14:00:00
U-08785,User_U-08785,Active,2023-01-16 14:00:00
U-08789,User_U-08789,Active,2023-01-15 14:00:00
U-08790,User_U-08790,Active,2023-01-28 14:00:00
U-08793,User_U-08793,Active,2023-01-18 14:00:00
U-08796,User_U-08796,Active,2023-01-08 14:00:00
U-08797,User_U-08797,Active,2023-01-21 14:00:00
U-08799,User_U-08799,Active,2023-01-29 14:00:00
U-08800,User_U-08800,Active,2023-01-21 14:00:00
U-08801,User_U-08801,Active,2023-01-26 14:00:00
U-08802,User_U-08802,Active,2023-01-03 14:00:00
U-08803,User_U-08803,Active,2023-01-15 14:00:00
U-08804,User_U-08804,Active,2023-01-29 14:00:00
U-08805,User_U-08805,Active,2023-01-05 14:00:00
U-08806,User_U-08806,Active,2023-01-03 14:00:00
U-08808,User_U-08808,Active,2023-01-15 14:00:00
U-08810,User_U-08810,Active,2023-01-21 14:00:00
U-08811,User_U-08811,Active,2023-01-06 14:00:00
U-08815,User_U-08815,Active,2023-01-03 14:00:00
U-08816,User_U-08816,Active,2023-01-25 14:00:00
U-08818,User_U-08818,Active,2023-01-11 14:00:00
U-08819,User_U-08819,Active,2023-01-03 14:00:00
U-08820,User_U-08820,Active,2023-01-10 14:00:00
U-08821,User_U-08821,Active,2023-01-18 14:00:00
U-08822,User_U-08822,Active,2023-01-05 14:00:00
U-08824,User_U-08824,Active,2023-01-10 14:00:00
U-08825,User_U-08825,Active,2023-01-20 14:00:00
U-08827,User_U-08827,Active,2023-01-21 14:00:00
U-08828,User_U-08828,Active,2023-01-19 14:00:00
U-08834,User_U-08834,Active,2023-01-22 14:00:00
U-08835,User_U-08835,Active,2023-01-09 14:00:00
U-08836,User_U-08836,Active,2023-01-12 14:00:00
U-08838,User_U-08838,Active,2023-01-15 14:00:00
U-08839,User_U-08839,Active,2023-01-09 14:00:00
U-08842,User_U-08842,Active,2023-01-08 14:00:00
U-08844,User_U-08844,Active,2023-01-10 14:00:00
U-08845,User_U-08845,Active,2023-01-22 14:00:00
U-08847,User_U-08847,Active,2023-01-20 14:00:00
U-08848,User_U-08848,Active,2023-01-22 14:00:00
U-08851,User_U-08851,Active,2023-01-22 14:00:00
U-08853,User_U-08853,Active,2023-01-25 14:00:00
U-08854,User_U-08854,Active,2023-01-17 14:00:00
U-08858,User_U-08858,Active,2023-01-05 14:00:00
U-08859,User_U-08859,Active,2023-01-11 14:00:00
U-08860,User_U-08860,Active,2023-01-21 14:00:00
U-08863,User_U-08863,Active,2023-01-30 14:00:00
U-08864,User_U-08864,Active,2023-01-04 14:00:00
U-08866,User_U-08866,Active,2023-01-16 14:00:00
U-08867,User_U-08867,Active,2023-01-28 14:00:00
U-08868,User_U-08868,Active,2023-01-02 14:00:00
U-08869,User_U-08869,Active,2023-01-05 14:00:00
U-08870,User_U-08870,Active,2023-01-21 14:00:00
U-08871,User_U-08871,Active,2023-01-23 14:00:00
U-08873,User_U-08873,Active,2023-01-06 14:00:00
U-08874,User_U-08874,Active,2023-01-20 14:00:00
U-08875,User_U-08875,Active,2023-01-15 14:00:00
U-08876,User_U-08876,Active,2023-01-19 14:00:00
U-08877,User_U-08877,Active,2023-01-03 14:00:00
U-08878,User_U-08878,Active,2023-01-02 14:00:00
U-08879,User_U-08879,Active,2023-01-10 14:00:00
U-08881,User_U-08881,Active,2023-01-06 14:00:00
U-08887,User_U-08887,Active,2023-01-09 14:00:00
U-08888,User_U-08888,Active,2023-01-22 14:00:00
U-08889,User_U-08889,Active,2023-01-26 14:00:00
U-08891,User_U-08891,Active,2023-01-08 14:00:00
U-08892,User_U-08892,Active,2023-01-29 14:00:00
U-08893,User_U-08893,Active,2023-01-05 14:00:00
U-08894,User_U-08894,Active,2023-01-06 14:00:00
U-08895,User_U-08895,Active,2023-01-21 14:00:00
U-08899,User_U-08899,Active,2023-01-07 14:00:00
U-08903,User_U-08903,Active,2023-01-09 14:00:00
U-08905,User_U-08905,Active,2023-01-19 14:00:00
U-08909,User_U-08909,Active,2023-01-08 14:00:00
U-08910,User_U-08910,Active,2023-01-28 14:00:00
U-08911,User_U-08911,Active,2023-01-04 14:00:00
U-08918,User_U-08918,Active,2023-01-02 14:00:00
U-08920,User_U-08920,Active,2023-01-30 14:00:00
U-08923,User_U-08923,Active,2023-01-19 14:00:00
U-08924,User_U-08924,Active,2023-01-16 14:00:00
U-08925,User_U-08925,Active,2023-01-29 14:00:00
U-08929,User_U-08929,Active,2023-01-16 14:00:00
U-08930,User_U-08930,Active,2023-01-21 14:00:00
U-08931,User_U-08931,Active,2023-01-04 14:00:00
U-08932,User_U-08932,Active,2023-01-24 14:00:00
U-08934,User_U-08934,Active,2023-01-09 14:00:00
U-08935,User_U-08935,Active,2023-01-17 14:00:00
U-08937,User_U-08937,Active,2023-01-19 14:00:00
U-08938,User_U-08938,Active,2023-01-24 14:00:00
U-08941,User_U-08941,Active,2023-01-25 14:00:00
U-08942,User_U-08942,Active,2023-01-07 14:00:00
U-08943,User_U-08943,Active,2023-01-21 14:00:00
U-08944,User_U-08944,Active,2023-01-04 14:00:00
U-08945,User_U-08945,Active,2023-01-17 14:00:00
U-08947,User_U-08947,Active,2023-01-06 14:00:00
U-08950,User_U-08950,Active,2023-01-14 14:00:00
U-08951,User_U-08951,Active,2023-01-11 14:00:00
U-08952,User_U-08952,Active,2023-01-13 14:00:00
U-08953,User_U-08953,Active,2023-01-29 14:00:00
U-08955,User_U-08955,Active,2023-01-06 14:00:00
U-08958,User_U-08958,Active,2023-01-19 14:00:00
U-08959,User_U-08959,Active,2023-01-17 14:00:00
U-08960,User_U-08960,Active,2023-01-27 14:00:00
U-08962,User_U-08962,Active,2023-01-04 14:00:00
U-08963,User_U-08963,Active,2023-01-27 14:00:00
U-08965,User_U-08965,Active,2023-01-24 14:00:00
U-08967,User_U-08967,Active,2023-01-08 14:00:00
U-08968,User_U-08968,Active,2023-01-27 14:00:00
U-08969,User_U-08969,Active,2023-01-08 14:00:00
U-08971,User_U-08971,Active,2023-01-07 14:00:00
U-08972,User_U-08972,Active,2023-01-07 14:00:00
U-08973,User_U-08973,Active,2023-01-30 14:00:00
U-08975,User_U-08975,Active,2023-01-25 14:00:00
U-08976,User_U-08976,Active,2023-01-02 14:00:00
U-08979,User_U-08979,Active,2023-01-14 14:00:00
U-08981,User_U-08981,Active,2023-01-03 14:00:00
U-08983,User_U-08983,Active,2023-01-10 14:00:00
U-08984,User_U-08984,Active,2023-01-16 14:00:00
U-08985,User_U-08985,Active,2023-01-24 14:00:00
U-08987,User_U-08987,Active,2023-01-12 14:00:00
U-08988,User_U-08988,Active,2023-01-03 14:00:00
U-08992,User_U-08992,Active,2023-01-02 14:00:00
U-08994,User_U-08994,Active,2023-01-02 14:00:00
U-08995,User_U-08995,Active,2023-01-04 14:00:00
U-08997,User_U-08997,Active,2023-01-10 14:00:00
U-08998,User_U-08998,Active,2023-01-22 14:00:00
U-08999,User_U-08999,Active,2023-01-23 14:00:00
U-09004,User_U-09004,Active,2023-01-05 14:00:00
U-09007,User_U-09007,Active,2023-01-12 14:00:00
U-09008,User_U-09008,Active,2023-01-12 14:00:00
U-09009,User_U-09009,Active,2023-01-13 14:00:00
U-09010,User_U-09010,Active,2023-01-16 14:00:00
U-09012,User_U-09012,Active,2023-01-29 14:00:00
U-09013,User_U-09013,Active,2023-01-25 14:00:00
U-09015,User_U-09015,Active,2023-01-03 14:00:00
U-09016,User_U-09016,Active,2023-01-06 14:00:00
U-09017,User_U-09017,Active,2023-01-19 14:00:00
U-09018,User_U-09018,Active,2023-01-20 14:00:00
U-09020,User_U-09020,Active,2023-01-08 14:00:00
U-09021,User_U-09021,Active,2023-01-29 14:00:00
U-09023,User_U-09023,Active,2023-01-02 14:00:00
U-09024,User_U-09024,Active,2023-01-14 14:00:00
U-09025,User_U-09025,Active,2023-01-03 14:00:00
U-09027,User_U-09027,Active,2023-01-16 14:00:00
U-09028,User_U-09028,Active,2023-01-11 14:00:00
U-09029,User_U-09029,Active,2023-01-10 14:00:00
U-09030,User_U-09030,Active,2023-01-06 14:00:00
U-09033,User_U-09033,Active,2023-01-22 14:00:00
U-09036,User_U-09036,Active,2023-01-15 14:00:00
U-09037,User_U-09037,Active,2023-01-07 14:00:00
U-09039,User_U-09039,Active,2023-01-27 14:00:00
U-09041,User_U-09041,Active,2023-01-22 14:00:00
U-09042,User_U-09042,Active,2023-01-30 14:00:00
U-09043,User_U-09043,Active,2023-01-15 14:00:00
U-09046,User_U-09046,Active,2023-01-16 14:00:00
U-09049,User_U-09049,Active,2023-01-26 14:00:00
U-09053,User_U-09053,Active,2023-01-11 14:00:00
U-09055,User_U-09055,Active,2023-01-02 14:00:00
U-09057,User_U-09057,Active,2023-01-22 14:00:00
U-09058,User_U-09058,Active,2023-01-06 14:00:00
U-09061,User_U-09061,Active,2023-01-03 14:00:00
U-09063,User_U-09063,Active,2023-01-25 14:00:00
U-09064,User_U-09064,Active,2023-01-10 14:00:00
U-09066,User_U-09066,Active,2023-01-13 14:00:00
U-09068,User_U-09068,Active,2023-01-07 14:00:00
U-09069,User_U-09069,Active,2023-01-18 14:00:00
U-09071,User_U-09071,Active,2023-01-02 14:00:00
U-09072,User_U-09072,Active,2023-01-07 14:00:00
U-09074,User_U-09074,Active,2023-01-02 14:00:00
U-09075,User_U-09075,Active,2023-01-17 14:00:00
U-09078,User_U-09078,Active,2023-01-17 14:00:00
U-09079,User_U-09079,Active,2023-01-09 14:00:00
U-09080,User_U-09080,Active,2023-01-25 14:00:00
U-09083,User_U-09083,Active,2023-01-29 14:00:00
U-09084,User_U-09084,Active,2023-01-05 14:00:00
U-09085,User_U-09085,Active,2023-01-21 14:00:00
U-09087,User_U-09087,Active,2023-01-11 14:00:00
U-09088,User_U-09088,Active,2023-01-10 14:00:00
U-09089,User_U-09089,Active,2023-01-04 14:00:00
U-09090,User_U-09090,Active,2023-01-16 14:00:00
U-09092,User_U-09092,Active,2023-01-09 14:00:00
U-09094,User_U-09094,Active,2023-01-02 14:00:00
U-09097,User_U-09097,Active,2023-01-27 14:00:00
U-09099,User_U-09099,Active,2023-01-18 14:00:00
U-09101,User_U-09101,Active,2023-01-02 14:00:00
U-09102,User_U-09102,Active,2023-01-17 14:00:00
U-09103,User_U-09103,Active,2023-01-04 14:00:00
U-09104,User_U-09104,Active,2023-01-17 14:00:00
U-09105,User_U-09105,Active,2023-01-10 14:00:00
U-09112,User_U-09112,Active,2023-01-14 14:00:00
U-09113,User_U-09113,Active,2023-01-21 14:00:00
U-09114,User_U-09114,Active,2023-01-16 14:00:00
U-09116,User_U-09116,Active,2023-01-21 14:00:00
U-09118,User_U-09118,Active,2023-01-15 14:00:00
U-09120,User_U-09120,Active,2023-01-02 14:00:00
U-09121,User_U-09121,Active,2023-01-06 14:00:00
U-09123,User_U-09123,Active,2023-01-25 14:00:00
U-09124,User_U-09124,Active,2023-01-16 14:00:00
U-09125,User_U-09125,Active,2023-01-28 14:00:00
U-09126,User_U-09126,Active,2023-01-10 14:00:00
U-09127,User_U-09127,Active,2023-01-12 14:00:00
U-09129,User_U-09129,Active,2023-01-18 14:00:00
U-09133,User_U-09133,Active,2023-01-26 14:00:00
U-09135,User_U-09135,Active,2023-01-29 14:00:00
U-09136,User_U-09136,Active,2023-01-23 14:00:00
U-09138,User_U-09138,Active,2023-01-27 14:00:00
U-09139,User_U-09139,Active,2023-01-26 14:00:00
U-09140,User_U-09140,Active,2023-01-03 14:00:00
U-09141,User_U-09141,Active,2023-01-10 14:00:00
U-09142,User_U-09142,Active,2023-01-19 14:00:00
U-09143,User_U-09143,Active,2023-01-02 14:00:00
U-09144,User_U-09144,Active,2023-01-11 14:00:00
U-09145,User_U-09145,Active,2023-01-27 14:00:00
U-09146,User_U-09146,Active,2023-01-18 14:00:00
U-09148,User_U-09148,Active,2023-01-17 14:00:00
U-09151,User_U-09151,Active,2023-01-06 14:00:00
U-09152,User_U-09152,Active,2023-01-23 14:00:00
U-09153,User_U-09153,Active,2023-01-05 14:00:00
U-09155,User_U-09155,Active,2023-01-30 14:00:00
U-09156,User_U-09156,Active,2023-01-10 14:00:00
U-09157,User_U-09157,Active,2023-01-17 14:00:00
U-09158,User_U-09158,Active,2023-01-10 14:00:00
U-09161,User_U-09161,Active,2023-01-27 14:00:00
U-09164,User_U-09164,Active,2023-01-20 14:00:00
U-09166,User_U-09166,Active,2023-01-17 14:00:00
U-09167,User_U-09167,Active,2023-01-03 14:00:00
U-09169,User_U-09169,Active,2023-01-12 14:00:00
U-09170,User_U-09170,Active,2023-01-10 14:00:00
U-09171,User_U-09171,Active,2023-01-20 14:00:00
U-09173,User_U-09173,Active,2023-01-28 14:00:00
U-09174,User_U-09174,Active,2023-01-17 14:00:00
U-09175,User_U-09175,Active,2023-01-15 14:00:00
U-09176,User_U-09176,Active,2023-01-07 14:00:00
U-09178,User_U-09178,Active,2023-01-16 14:00:00
U-09180,User_U-09180,Active,2023-01-07 14:00:00
U-09181,User_U-09181,Active,2023-01-19 14:00:00
U-09183,User_U-09183,Active,2023-01-10 14:00:00
U-09184,User_U-09184,Active,2023-01-29 14:00:00
U-09186,User_U-09186,Active,2023-01-28 14:00:00
U-09187,User_U-09187,Active,2023-01-05 14:00:00
U-09188,User_U-09188,Active,2023-01-21 14:00:00
U-09189,User_U-09189,Active,2023-01-07 14:00:00
U-09190,User_U-09190,Active,2023-01-27 14:00:00
U-09191,User_U-09191,Active,2023-01-13 14:00:00
U-09193,User_U-09193,Active,2023-01-09 14:00:00
U-09195,User_U-09195,Active,2023-01-26 14:00:00
U-09196,User_U-09196,Active,2023-01-23 14:00:00
U-09197,User_U-09197,Active,2023-01-19 14:00:00
U-09198,User_U-09198,Active,2023-01-06 14:00:00
U-09200,User_U-09200,Active,2023-01-15 14:00:00
U-09201,User_U-09201,Active,2023-01-19 14:00:00
U-09202,User_U-09202,Active,2023-01-23 14:00:00
U-09205,User_U-09205,Active,2023-01-06 14:00:00
U-09210,User_U-09210,Active,2023-01-15 14:00:00
U-09216,User_U-09216,Active,2023-01-30 14:00:00
U-09218,User_U-09218,Active,2023-01-07 14:00:00
U-09219,User_U-09219,Active,2023-01-07 14:00:00
U-09220,User_U-09220,Active,2023-01-23 14:00:00
U-09221,User_U-09221,Active,2023-01-06 14:00:00
U-09223,User_U-09223,Active,2023-01-12 14:00:00
U-09224,User_U-09224,Active,2023-01-19 14:00:00
U-09227,User_U-09227,Active,2023-01-29 14:00:00
U-09228,User_U-09228,Active,2023-01-21 14:00:00
U-09229,User_U-09229,Active,2023-01-10 14:00:00
U-09230,User_U-09230,Active,2023-01-20 14:00:00
U-09231,User_U-09231,Active,2023-01-27 14:00:00
U-09232,User_U-09232,Active,2023-01-14 14:00:00
U-09233,User_U-09233,Active,2023-01-12 14:00:00
U-09234,User_U-09234,Active,2023-01-09 14:00:00
U-09235,User_U-09235,Active,2023-01-24 14:00:00
U-09236,User_U-09236,Active,2023-01-06 14:00:00
U-09237,User_U-09237,Active,2023-01-26 14:00:00
U-09241,User_U-09241,Active,2023-01-08 14:00:00
U-09242,User_U-09242,Active,2023-01-08 14:00:00
U-09243,User_U-09243,Active,2023-01-30 14:00:00
U-09244,User_U-09244,Active,2023-01-07 14:00:00
U-09246,User_U-09246,Active,2023-01-18 14:00:00
U-09249,User_U-09249,Active,2023-01-13 14:00:00
U-09250,User_U-09250,Active,2023-01-21 14:00:00
U-09252,User_U-09252,Active,2023-01-30 14:00:00
U-09253,User_U-09253,Active,2023-01-14 14:00:00
U-09255,User_U-09255,Active,2023-01-30 14:00:00
U-09257,User_U-09257,Active,2023-01-23 14:00:00
U-09258,User_U-09258,Active,2023-01-15 14:00:00
U-09259,User_U-09259,Active,2023-01-10 14:00:00
U-09260,User_U-09260,Active,2023-01-24 14:00:00
U-09261,User_U-09261,Active,2023-01-28 14:00:00
U-09264,User_U-09264,Active,2023-01-28 14:00:00
U-09268,User_U-09268,Active,2023-01-23 14:00:00
U-09271,User_U-09271,Active,2023-01-09 14:00:00
U-09272,User_U-09272,Active,2023-01-23 14:00:00
U-09273,User_U-09273,Active,2023-01-26 14:00:00
U-09275,User_U-09275,Active,2023-01-03 14:00:00
U-09278,User_U-09278,Active,2023-01-05 14:00:00
U-09281,User_U-09281,Active,2023-01-30 14:00:00
U-09283,User_U-09283,Active,2023-01-10 14:00:00
U-09284,User_U-09284,Active,2023-01-28 14:00:00
U-09286,User_U-09286,Active,2023-01-29 14:00:00
U-09291,User_U-09291,Active,2023-01-08 14:00:00
U-09293,User_U-09293,Active,2023-01-28 14:00:00
U-09295,User_U-09295,Active,2023-01-24 14:00:00
U-09296,User_U-09296,Active,2023-01-14 14:00:00
U-09299,User_U-09299,Active,2023-01-09 14:00:00
U-09300,User_U-09300,Active,2023-01-08 14:00:00
U-09301,User_U-09301,Active,2023-01-21 14:00:00
U-09302,User_U-09302,Active,2023-01-03 14:00:00
U-09303,User_U-09303,Active,2023-01-29 14:00:00
U-09304,User_U-09304,Active,2023-01-02 14:00:00
U-09305,User_U-09305,Active,2023-01-10 14:00:00
U-09308,User_U-09308,Active,2023-01-11 14:00:00
U-09309,User_U-09309,Active,2023-01-18 14:00:00
U-09311,User_U-09311,Active,2023-01-28 14:00:00
U-09314,User_U-09314,Active,2023-01-26 14:00:00
U-09315,User_U-09315,Active,2023-01-10 14:00:00
U-09317,User_U-09317,Active,2023-01-12 14:00:00
U-09318,User_U-09318,Active,2023-01-17 14:00:00
U-09321,User_U-09321,Active,2023-01-09 14:00:00
U-09325,User_U-09325,Active,2023-01-23 14:00:00
U-09327,User_U-09327,Active,2023-01-06 14:00:00
U-09329,User_U-09329,Active,2023-01-23 14:00:00
U-09335,User_U-09335,Active,2023-01-29 14:00:00
U-09337,User_U-09337,Active,2023-01-02 14:00:00
U-09338,User_U-09338,Active,2023-01-14 14:00:00
U-09339,User_U-09339,Active,2023-01-11 14:00:00
U-09340,User_U-09340,Active,2023-01-06 14:00:00
U-09343,User_U-09343,Active,2023-01-16 14:00:00
U-09345,User_U-09345,Active,2023-01-05 14:00:00
U-09346,User_U-09346,Active,2023-01-05 14:00:00
U-09348,User_U-09348,Active,2023-01-06 14:00:00
U-09349,User_U-09349,Active,2023-01-09 14:00:00
U-09350,User_U-09350,Active,2023-01-10 14:00:00
U-09352,User_U-09352,Active,2023-01-29 14:00:00
U-09353,User_U-09353,Active,2023-01-19 14:00:00
U-09354,User_U-09354,Active,2023-01-18 14:00:00
U-09356,User_U-09356,Active,2023-01-27 14:00:00
U-09358,User_U-09358,Active,2023-01-23 14:00:00
U-09359,User_U-09359,Active,2023-01-07 14:00:00
U-09360,User_U-09360,Active,2023-01-07 14:00:00
U-09361,User_U-09361,Active,2023-01-04 14:00:00
U-09363,User_U-09363,Active,2023-01-03 14:00:00
U-09364,User_U-09364,Active,2023-01-05 14:00:00
U-09365,User_U-09365,Active,2023-01-10 14:00:00
U-09368,User_U-09368,Active,2023-01-10 14:00:00
U-09369,User_U-09369,Active,2023-01-15 14:00:00
U-09370,User_U-09370,Active,2023-01-24 14:00:00
U-09371,User_U-09371,Active,2023-01-11 14:00:00
U-09375,User_U-09375,Active,2023-01-28 14:00:00
U-09376,User_U-09376,Active,2023-01-07 14:00:00
U-09377,User_U-09377,Active,2023-01-11 14:00:00
U-09379,User_U-09379,Active,2023-01-27 14:00:00
U-09381,User_U-09381,Active,2023-01-26 14:00:00
U-09382,User_U-09382,Active,2023-01-10 14:00:00
U-09383,User_U-09383,Active,2023-01-29 14:00:00
U-09384,User_U-09384,Active,2023-01-16 14:00:00
U-09387,User_U-09387,Active,2023-01-19 14:00:00
U-09389,User_U-09389,Active,2023-01-02 14:00:00
U-09390,User_U-09390,Active,2023-01-15 14:00:00
U-09391,User_U-09391,Active,2023-01-11 14:00:00
U-09393,User_U-09393,Active,2023-01-27 14:00:00
U-09394,User_U-09394,Active,2023-01-30 14:00:00
U-09396,User_U-09396,Active,2023-01-11 14:00:00
U-09398,User_U-09398,Active,2023-01-24 14:00:00
U-09401,User_U-09401,Active,2023-01-22 14:00:00
U-09403,User_U-09403,Active,2023-01-27 14:00:00
U-09404,User_U-09404,Active,2023-01-27 14:00:00
U-09405,User_U-09405,Active,2023-01-12 14:00:00
U-09406,User_U-09406,Active,2023-01-04 14:00:00
U-09408,User_U-09408,Active,2023-01-22 14:00:00
U-09409,User_U-09409,Active,2023-01-08 14:00:00
U-09410,User_U-09410,Active,2023-01-13 14:00:00
U-09413,User_U-09413,Active,2023-01-10 14:00:00
U-09415,User_U-09415,Active,2023-01-15 14:00:00
U-09416,User_U-09416,Active,2023-01-12 14:00:00
U-09417,User_U-09417,Active,2023-01-30 14:00:00
U-09418,User_U-09418,Active,2023-01-25 14:00:00
U-09421,User_U-09421,Active,2023-01-14 14:00:00
U-09422,User_U-09422,Active,2023-01-18 14:00:00
U-09423,User_U-09423,Active,2023-01-20 14:00:00
U-09425,User_U-09425,Active,2023-01-13 14:00:00
U-09428,User_U-09428,Active,2023-01-28 14:00:00
U-09430,User_U-09430,Active,2023-01-22 14:00:00
U-09432,User_U-09432,Active,2023-01-09 14:00:00
U-09435,User_U-09435,Active,2023-01-13 14:00:00
U-09436,User_U-09436,Active,2023-01-03 14:00:00
U-09437,User_U-09437,Active,2023-01-07 14:00:00
U-09440,User_U-09440,Active,2023-01-05 14:00:00
U-09441,User_U-09441,Active,2023-01-12 14:00:00
U-09445,User_U-09445,Active,2023-01-27 14:00:00
U-09446,User_U-09446,Active,2023-01-22 14:00:00
U-09447,User_U-09447,Active,2023-01-29 14:00:00
U-09449,User_U-09449,Active,2023-01-14 14:00:00
U-09450,User_U-09450,Active,2023-01-16 14:00:00
U-09451,User_U-09451,Active,2023-01-21 14:00:00
U-09452,User_U-09452,Active,2023-01-22 14:00:00
U-09453,User_U-09453,Active,2023-01-27 14:00:00
U-09454,User_U-09454,Active,2023-01-08 14:00:00
U-09455,User_U-09455,Active,2023-01-22 14:00:00
U-09456,User_U-09456,Active,2023-01-30 14:00:00
U-09459,User_U-09459,Active,2023-01-29 14:00:00
U-09460,User_U-09460,Active,2023-01-05 14:00:00
U-09462,User_U-09462,Active,2023-01-14 14:00:00
U-09463,User_U-09463,Active,2023-01-07 14:00:00
U-09468,User_U-09468,Active,2023-01-05 14:00:00
U-09469,User_U-09469,Active,2023-01-22 14:00:00
U-09470,User_U-09470,Active,2023-01-27 14:00:00
U-09472,User_U-09472,Active,2023-01-25 14:00:00
U-09473,User_U-09473,Active,2023-01-05 14:00:00
U-09476,User_U-09476,Active,2023-01-17 14:00:00
U-09478,User_U-09478,Active,2023-01-18 14:00:00
U-09480,User_U-09480,Active,2023-01-23 14:00:00
U-09483,User_U-09483,Active,2023-01-25 14:00:00
U-09485,User_U-09485,Active,2023-01-26 14:00:00
U-09486,User_U-09486,Active,2023-01-11 14:00:00
U-09487,User_U-09487,Active,2023-01-15 14:00:00
U-09488,User_U-09488,Active,2023-01-04 14:00:00
U-09489,User_U-09489,Active,2023-01-03 14:00:00
U-09490,User_U-09490,Active,2023-01-22 14:00:00
U-09491,User_U-09491,Active,2023-01-13 14:00:00
U-09493,User_U-09493,Active,2023-01-23 14:00:00
U-09503,User_U-09503,Active,2023-01-05 14:00:00
U-09504,User_U-09504,Active,2023-01-13 14:00:00
U-09505,User_U-09505,Active,2023-01-13 14:00:00
U-09507,User_U-09507,Active,2023-01-09 14:00:00
U-09508,User_U-09508,Active,2023-01-30 14:00:00
U-09509,User_U-09509,Active,2023-01-12 14:00:00
U-09513,User_U-09513,Active,2023-01-10 14:00:00
U-09514,User_U-09514,Active,2023-01-29 14:00:00
U-09515,User_U-09515,Active,2023-01-10 14:00:00
U-09516,User_U-09516,Active,2023-01-05 14:00:00
U-09517,User_U-09517,Active,2023-01-11 14:00:00
U-09519,User_U-09519,Active,2023-01-13 14:00:00
U-09521,User_U-09521,Active,2023-01-22 14:00:00
U-09522,User_U-09522,Active,2023-01-07 14:00:00
U-09524,User_U-09524,Active,2023-01-26 14:00:00
U-09525,User_U-09525,Active,2023-01-04 14:00:00
U-09529,User_U-09529,Active,2023-01-10 14:00:00
U-09530,User_U-09530,Active,2023-01-19 14:00:00
U-09533,User_U-09533,Active,2023-01-08 14:00:00
U-09534,User_U-09534,Active,2023-01-04 14:00:00
U-09535,User_U-09535,Active,2023-01-10 14:00:00
U-09536,User_U-09536,Active,2023-01-13 14:00:00
U-09538,User_U-09538,Active,2023-01-25 14:00:00
U-09539,User_U-09539,Active,2023-01-23 14:00:00
U-09541,User_U-09541,Active,2023-01-28 14:00:00
U-09542,User_U-09542,Active,2023-01-28 14:00:00
U-09544,User_U-09544,Active,2023-01-30 14:00:00
U-09547,User_U-09547,Active,2023-01-15 14:00:00
U-09548,User_U-09548,Active,2023-01-29 14:00:00
U-09551,User_U-09551,Active,2023-01-12 14:00:00
U-09552,User_U-09552,Active,2023-01-14 14:00:00
U-09553,User_U-09553,Active,2023-01-27 14:00:00
U-09554,User_U-09554,Active,2023-01-21 14:00:00
U-09555,User_U-09555,Active,2023-01-20 14:00:00
U-09558,User_U-09558,Active,2023-01-29 14:00:00
U-09559,User_U-09559,Active,2023-01-02 14:00:00
U-09560,User_U-09560,Active,2023-01-04 14:00:00
U-09561,User_U-09561,Active,2023-01-05 14:00:00
U-09562,User_U-09562,Active,2023-01-10 14:00:00
U-09564,User_U-09564,Active,2023-01-22 14:00:00
U-09565,User_U-09565,Active,2023-01-08 14:00:00
U-09566,User_U-09566,Active,2023-01-16 14:00:00
U-09569,User_U-09569,Active,2023-01-28 14:00:00
U-09572,User_U-09572,Active,2023-01-23 14:00:00
U-09574,User_U-09574,Active,2023-01-29 14:00:00
U-09575,User_U-09575,Active,2023-01-03 14:00:00
U-09576,User_U-09576,Active,2023-01-18 14:00:00
U-09577,User_U-09577,Active,2023-01-05 14:00:00
U-09580,User_U-09580,Active,2023-01-12 14:00:00
U-09581,User_U-09581,Active,2023-01-12 14:00:00
U-09582,User_U-09582,Active,2023-01-15 14:00:00
U-09583,User_U-09583,Active,2023-01-13 14:00:00
U-09584,User_U-09584,Active,2023-01-23 14:00:00
U-09585,User_U-09585,Active,2023-01-24 14:00:00
U-09587,User_U-09587,Active,2023-01-05 14:00:00
U-09588,User_U-09588,Active,2023-01-05 14:00:00
U-09589,User_U-09589,Active,2023-01-20 14:00:00
U-09590,User_U-09590,Active,2023-01-10 14:00:00
U-09595,User_U-09595,Active,2023-01-27 14:00:00
U-09596,User_U-09596,Active,2023-01-02 14:00:00
U-09597,User_U-09597,Active,2023-01-05 14:00:00
U-09599,User_U-09599,Active,2023-01-07 14:00:00
U-09600,User_U-09600,Active,2023-01-20 14:00:00
U-09601,User_U-09601,Active,2023-01-15 14:00:00
U-09604,User_U-09604,Active,2023-01-05 14:00:00
U-09605,User_U-09605,Active,2023-01-10 14:00:00
U-09606,User_U-09606,Active,2023-01-17 14:00:00
U-09608,User_U-09608,Active,2023-01-19 14:00:00
U-09610,User_U-09610,Active,2023-01-24 14:00:00
U-09611,User_U-09611,Active,2023-01-15 14:00:00
U-09615,User_U-09615,Active,2023-01-09 14:00:00
U-09616,User_U-09616,Active,2023-01-22 14:00:00
U-09617,User_U-09617,Active,2023-01-29 14:00:00
U-09619,User_U-09619,Active,2023-01-12 14:00:00
U-09620,User_U-09620,Active,2023-01-10 14:00:00
U-09621,User_U-09621,Active,2023-01-29 14:00:00
U-09622,User_U-09622,Active,2023-01-07 14:00:00
U-09624,User_U-09624,Active,2023-01-10 14:00:00
U-09625,User_U-09625,Active,2023-01-10 14:00:00
U-09630,User_U-09630,Active,2023-01-12 14:00:00
U-09631,User_U-09631,Active,2023-01-16 14:00:00
U-09635,User_U-09635,Active,2023-01-28 14:00:00
U-09636,User_U-09636,Active,2023-01-10 14:00:00
U-09639,User_U-09639,Active,2023-01-24 14:00:00
U-09640,User_U-09640,Active,2023-01-19 14:00:00
U-09641,User_U-09641,Active,2023-01-23 14:00:00
U-09643,User_U-09643,Active,2023-01-12 14:00:00
U-09644,User_U-09644,Active,2023-01-11 14:00:00
U-09645,User_U-09645,Active,2023-01-22 14:00:00
U-09646,User_U-09646,Active,2023-01-29 14:00:00
U-09647,User_U-09647,Active,2023-01-25 14:00:00
U-09649,User_U-09649,Active,2023-01-12 14:00:00
U-09650,User_U-09650,Active,2023-01-29 14:00:00
U-09654,User_U-09654,Active,2023-01-22 14:00:00
U-09655,User_U-09655,Active,2023-01-23 14:00:00
U-09656,User_U-09656,Active,2023-01-12 14:00:00
U-09657,User_U-09657,Active,2023-01-29 14:00:00
U-09658,User_U-09658,Active,2023-01-12 14:00:00
U-09660,User_U-09660,Active,2023-01-18 14:00:00
U-09661,User_U-09661,Active,2023-01-03 14:00:00
U-09662,User_U-09662,Active,2023-01-23 14:00:00
U-09663,User_U-09663,Active,2023-01-17 14:00:00
U-09665,User_U-09665,Active,2023-01-25 14:00:00
U-09666,User_U-09666,Active,2023-01-26 14:00:00
U-09668,User_U-09668,Active,2023-01-17 14:00:00
U-09673,User_U-09673,Active,2023-01-10 14:00:00
U-09674,User_U-09674,Active,2023-01-28 14:00:00
U-09675,User_U-09675,Active,2023-01-07 14:00:00
U-09676,User_U-09676,Active,2023-01-29 14:00:00
U-09677,User_U-09677,Active,2023-01-19 14:00:00
U-09678,User_U-09678,Active,2023-01-15 14:00:00
U-09679,User_U-09679,Active,2023-01-09 14:00:00
U-09680,User_U-09680,Active,2023-01-20 14:00:00
U-09681,User_U-09681,Active,2023-01-14 14:00:00
U-09683,User_U-09683,Active,2023-01-25 14:00:00
U-09684,User_U-09684,Active,2023-01-13 14:00:00
U-09686,User_U-09686,Active,2023-01-27 14:00:00
U-09690,User_U-09690,Active,2023-01-28 14:00:00
U-09691,User_U-09691,Active,2023-01-29 14:00:00
U-09692,User_U-09692,Active,2023-01-04 14:00:00
U-09693,User_U-09693,Active,2023-01-09 14:00:00
U-09694,User_U-09694,Active,2023-01-28 14:00:00
U-09698,User_U-09698,Active,2023-01-20 14:00:00
U-09701,User_U-09701,Active,2023-01-19 14:00:00
U-09702,User_U-09702,Active,2023-01-10 14:00:00
U-09705,User_U-09705,Active,2023-01-16 14:00:00
U-09707,User_U-09707,Active,2023-01-24 14:00:00
U-09709,User_U-09709,Active,2023-01-18 14:00:00
U-09710,User_U-09710,Active,2023-01-10 14:00:00
U-09711,User_U-09711,Active,2023-01-09 14:00:00
U-09712,User_U-09712,Active,2023-01-03 14:00:00
U-09713,User_U-09713,Active,2023-01-11 14:00:00
U-09715,User_U-09715,Active,2023-01-29 14:00:00
U-09716,User_U-09716,Active,2023-01-05 14:00:00
U-09717,User_U-09717,Active,2023-01-15 14:00:00
U-09719,User_U-09719,Active,2023-01-22 14:00:00
U-09721,User_U-09721,Active,2023-01-08 14:00:00
U-09722,User_U-09722,Active,2023-01-11 14:00:00
U-09723,User_U-09723,Active,2023-01-27 14:00:00
U-09724,User_U-09724,Active,2023-01-28 14:00:00
U-09725,User_U-09725,Active,2023-01-25 14:00:00
U-09728,User_U-09728,Active,2023-01-23 14:00:00
U-09733,User_U-09733,Active,2023-01-15 14:00:00
U-09735,User_U-09735,Active,2023-01-11 14:00:00
U-09736,User_U-09736,Active,2023-01-14 14:00:00
U-09738,User_U-09738,Active,2023-01-24 14:00:00
U-09739,User_U-09739,Active,2023-01-22 14:00:00
U-09740,User_U-09740,Active,2023-01-05 14:00:00
U-09741,User_U-09741,Active,2023-01-08 14:00:00
U-09743,User_U-09743,Active,2023-01-06 14:00:00
U-09744,User_U-09744,Active,2023-01-27 14:00:00
U-09745,User_U-09745,Active,2023-01-10 14:00:00
U-09747,User_U-09747,Active,2023-01-15 14:00:00
U-09750,User_U-09750,Active,2023-01-17 14:00:00
U-09751,User_U-09751,Active,2023-01-14 14:00:00
U-09753,User_U-09753,Active,2023-01-10 14:00:00
U-09754,User_U-09754,Active,2023-01-10 14:00:00
U-09757,User_U-09757,Active,2023-01-05 14:00:00
U-09758,User_U-09758,Active,2023-01-06 14:00:00
U-09759,User_U-09759,Active,2023-01-06 14:00:00
U-09760,User_U-09760,Active,2023-01-27 14:00:00
U-09764,User_U-09764,Active,2023-01-16 14:00:00
U-09766,User_U-09766,Active,2023-01-10 14:00:00
U-09767,User_U-09767,Active,2023-01-30 14:00:00
U-09771,User_U-09771,Active,2023-01-06 14:00:00
U-09772,User_U-09772,Active,2023-01-06 14:00:00
U-09777,User_U-09777,Active,2023-01-23 14:00:00
U-09778,User_U-09778,Active,2023-01-14 14:00:00
U-09779,User_U-09779,Active,2023-01-20 14:00:00
U-09781,User_U-09781,Active,2023-01-06 14:00:00
U-09784,User_U-09784,Active,2023-01-20 14:00:00
U-09785,User_U-09785,Active,2023-01-19 14:00:00
U-09786,User_U-09786,Active,2023-01-29 14:00:00
U-09787,User_U-09787,Active,2023-01-26 14:00:00
U-09788,User_U-09788,Active,2023-01-24 14:00:00
U-09790,User_U-09790,Active,2023-01-24 14:00:00
U-09791,User_U-09791,Active,2023-01-15 14:00:00
U-09792,User_U-09792,Active,2023-01-12 14:00:00
U-09793,User_U-09793,Active,2023-01-27 14:00:00
U-09794,User_U-09794,Active,2023-01-22 14:00:00
U-09795,User_U-09795,Active,2023-01-30 14:00:00
U-09796,User_U-09796,Active,2023-01-10 14:00:00
U-09799,User_U-09799,Active,2023-01-28 14:00:00
U-09800,User_U-09800,Active,2023-01-09 14:00:00
U-09802,User_U-09802,Active,2023-01-29 14:00:00
U-09805,User_U-09805,Active,2023-01-08 14:00:00
U-09806,User_U-09806,Active,2023-01-17 14:00:00
U-09807,User_U-09807,Active,2023-01-20 14:00:00
U-09809,User_U-09809,Active,2023-01-30 14:00:00
U-09811,User_U-09811,Active,2023-01-13 14:00:00
U-09814,User_U-09814,Active,2023-01-23 14:00:00
U-09815,User_U-09815,Active,2023-01-25 14:00:00
U-09817,User_U-09817,Active,2023-01-27 14:00:00
U-09820,User_U-09820,Active,2023-01-06 14:00:00
U-09821,User_U-09821,Active,2023-01-04 14:00:00
U-09822,User_U-09822,Active,2023-01-10 14:00:00
U-09824,User_U-09824,Active,2023-01-11 14:00:00
U-09825,User_U-09825,Active,2023-01-18 14:00:00
U-09826,User_U-09826,Active,2023-01-05 14:00:00
U-09827,User_U-09827,Active,2023-01-14 14:00:00
U-09828,User_U-09828,Active,2023-01-25 14:00:00
U-09830,User_U-09830,Active,2023-01-18 14:00:00
U-09833,User_U-09833,Active,2023-01-14 14:00:00
U-09839,User_U-09839,Active,2023-01-21 14:00:00
U-09840,User_U-09840,Active,2023-01-11 14:00:00
U-09841,User_U-09841,Active,2023-01-04 14:00:00
U-09842,User_U-09842,Active,2023-01-25 14:00:00
U-09843,User_U-09843,Active,2023-01-15 14:00:00
U-09844,User_U-09844,Active,2023-01-10 14:00:00
U-09845,User_U-09845,Active,2023-01-13 14:00:00
U-09853,User_U-09853,Active,2023-01-19 14:00:00
U-09855,User_U-09855,Active,2023-01-29 14:00:00
U-09856,User_U-09856,Active,2023-01-14 14:00:00
U-09858,User_U-09858,Active,2023-01-12 14:00:00
U-09859,User_U-09859,Active,2023-01-15 14:00:00
U-09862,User_U-09862,Active,2023-01-06 14:00:00
U-09864,User_U-09864,Active,2023-01-13 14:00:00
U-09865,User_U-09865,Active,2023-01-05 14:00:00
U-09866,User_U-09866,Active,2023-01-10 14:00:00
U-09867,User_U-09867,Active,2023-01-12 14:00:00
U-09868,User_U-09868,Active,2023-01-16 14:00:00
U-09872,User_U-09872,Active,2023-01-05 14:00:00
U-09873,User_U-09873,Active,2023-01-14 14:00:00
U-09876,User_U-09876,Active,2023-01-09 14:00:00
U-09879,User_U-09879,Active,2023-01-22 14:00:00
U-09881,User_U-09881,Active,2023-01-14 14:00:00
U-09882,User_U-09882,Active,2023-01-10 14:00:00
U-09883,User_U-09883,Active,2023-01-20 14:00:00
U-09884,User_U-09884,Active,2023-01-29 14:00:00
U-09885,User_U-09885,Active,2023-01-25 14:00:00
U-09886,User_U-09886,Active,2023-01-23 14:00:00
U-09887,User_U-09887,Active,2023-01-20 14:00:00
U-09888,User_U-09888,Active,2023-01-17 14:00:00
U-09889,User_U-09889,Active,2023-01-20 14:00:00
U-09890,User_U-09890,Active,2023-01-29 14:00:00
U-09891,User_U-09891,Active,2023-01-05 14:00:00
U-09892,User_U-09892,Active,2023-01-10 14:00:00
U-09894,User_U-09894,Active,2023-01-18 14:00:00
U-09895,User_U-09895,Active,2023-01-13 14:00:00
U-09897,User_U-09897,Active,2023-01-15 14:00:00
U-09899,User_U-09899,Active,2023-01-13 14:00:00
U-09900,User_U-09900,Active,2023-01-03 14:00:00
U-09904,User_U-09904,Active,2023-01-02 14:00:00
U-09908,User_U-09908,Active,2023-01-24 14:00:00
U-09909,User_U-09909,Active,2023-01-22 14:00:00
U-09910,User_U-09910,Active,2023-01-26 14:00:00
U-09911,User_U-09911,Active,2023-01-19 14:00:00
U-09912,User_U-09912,Active,2023-01-15 14:00:00
U-09914,User_U-09914,Active,2023-01-17 14:00:00
U-09915,User_U-09915,Active,2023-01-11 14:00:00
U-09916,User_U-09916,Active,2023-01-15 14:00:00
U-09917,User_U-09917,Active,2023-01-25 14:00:00
U-09919,User_U-09919,Active,2023-01-24 14:00:00
U-09920,User_U-09920,Active,2023-01-08 14:00:00
U-09921,User_U-09921,Active,2023-01-23 14:00:00
U-09922,User_U-09922,Active,2023-01-08 14:00:00
U-09923,User_U-09923,Active,2023-01-24 14:00:00
U-09924,User_U-09924,Active,2023-01-19 14:00:00
U-09926,User_U-09926,Active,2023-01-13 14:00:00
U-09927,User_U-09927,Active,2023-01-29 14:00:00
U-09929,User_U-09929,Active,2023-01-03 14:00:00
U-09930,User_U-09930,Active,2023-01-09 14:00:00
U-09934,User_U-09934,Active,2023-01-10 14:00:00
U-09935,User_U-09935,Active,2023-01-27 14:00:00
U-09936,User_U-09936,Active,2023-01-11 14:00:00
U-09939,User_U-09939,Active,2023-01-05 14:00:00
U-09944,User_U-09944,Active,2023-01-02 14:00:00
U-09945,User_U-09945,Active,2023-01-08 14:00:00
U-09947,User_U-09947,Active,2023-01-29 14:00:00
U-09948,User_U-09948,Active,2023-01-10 14:00:00
U-09950,User_U-09950,Active,2023-01-19 14:00:00
U-09951,User_U-09951,Active,2023-01-07 14:00:00
U-09952,User_U-09952,Active,2023-01-02 14:00:00
U-09953,User_U-09953,Active,2023-01-04 14:00:00
U-09954,User_U-09954,Active,2023-01-25 14:00:00
U-09955,User_U-09955,Active,2023-01-20 14:00:00
U-09956,User_U-09956,Active,2023-01-24 14:00:00
U-09959,User_U-09959,Active,2023-01-02 14:00:00
U-09960,User_U-09960,Active,2023-01-12 14:00:00
U-09962,User_U-09962,Active,2023-01-29 14:00:00
U-09965,User_U-09965,Active,2023-01-27 14:00:00
U-09966,User_U-09966,Active,2023-01-13 14:00:00
U-09969,User_U-09969,Active,2023-01-19 14:00:00
U-09971,User_U-09971,Active,2023-01-16 14:00:00
U-09972,User_U-09972,Active,2023-01-16 14:00:00
U-09974,User_U-09974,Active,2023-01-25 14:00:00
U-09975,User_U-09975,Active,2023-01-19 14:00:00
U-09977,User_U-09977,Active,2023-01-25 14:00:00
U-09978,User_U-09978,Active,2023-01-07 14:00:00
U-09980,User_U-09980,Active,2023-01-04 14:00:00
U-09984,User_U-09984,Active,2023-01-02 14:00:00
U-09985,User_U-09985,Active,2023-01-26 14:00:00
U-09987,User_U-09987,Active,2023-01-24 14:00:00
U-09991,User_U-09991,Active,2023-01-07 14:00:00
U-09992,User_U-09992,Active,2023-01-22 14:00:00
U-09997,User_U-09997,Active,2023-01-13 14:00:00
U-09998,User_U-09998,Active,2023-01-11 14:00:00
U-09999,User_U-09999,Active,2023-01-22 14:00:00
U-10000,User_U-10000,Active,2023-01-24 14:00:00
U-10002,User_U-10002,Active,2023-01-21 14:00:00
U-10003,User_U-10003,Active,2023-01-05 14:00:00
U-10009,User_U-10009,Active,2023-01-16 14:00:00
U-10010,User_U-10010,Active,2023-01-25 14:00:00
U-10011,User_U-10011,Active,2023-01-20 14:00:00
U-10012,User_U-10012,Active,2023-01-16 14:00:00
U-10013,User_U-10013,Active,2023-01-18 14:00:00
U-10014,User_U-10014,Active,2023-01-04 14:00:00
U-10015,User_U-10015,Active,2023-01-02 14:00:00
U-10016,User_U-10016,Active,2023-01-12 14:00:00
U-10017,User_U-10017,Active,2023-01-23 14:00:00
U-10019,User_U-10019,Active,2023-01-05 14:00:00
U-10020,User_U-10020,Active,2023-01-23 14:00:00
U-10022,User_U-10022,Active,2023-01-17 14:00:00
U-10024,User_U-10024,Active,2023-01-10 14:00:00
U-10026,User_U-10026,Active,2023-01-28 14:00:00
U-10027,User_U-10027,Active,2023-01-17 14:00:00
U-10028,User_U-10028,Active,2023-01-06 14:00:00
U-10029,User_U-10029,Active,2023-01-18 14:00:00
U-10030,User_U-10030,Active,2023-01-05 14:00:00
U-10031,User_U-10031,Active,2023-01-14 14:00:00
U-10032,User_U-10032,Active,2023-01-30 14:00:00
U-10033,User_U-10033,Active,2023-01-26 14:00:00
U-10035,User_U-10035,Active,2023-01-05 14:00:00
U-10037,User_U-10037,Active,2023-01-27 14:00:00
U-10038,User_U-10038,Active,2023-01-03 14:00:00
U-10041,User_U-10041,Active,2023-01-14 14:00:00
U-10042,User_U-10042,Active,2023-01-26 14:00:00
U-10043,User_U-10043,Active,2023-01-19 14:00:00
U-10044,User_U-10044,Active,2023-01-11 14:00:00
U-10045,User_U-10045,Active,2023-01-06 14:00:00
U-10046,User_U-10046,Active,2023-01-08 14:00:00
U-10048,User_U-10048,Active,2023-01-05 14:00:00
U-10050,User_U-10050,Active,2023-01-11 14:00:00
U-10051,User_U-10051,Active,2023-01-02 14:00:00
U-10053,User_U-10053,Active,2023-01-21 14:00:00
U-10054,User_U-10054,Active,2023-01-26 14:00:00
U-10055,User_U-10055,Active,2023-01-23 14:00:00
U-10057,User_U-10057,Active,2023-01-09 14:00:00
U-10058,User_U-10058,Active,2023-01-15 14:00:00
U-10060,User_U-10060,Active,2023-01-06 14:00:00
U-10065,User_U-10065,Active,2023-01-19 14:00:00
U-10066,User_U-10066,Active,2023-01-07 14:00:00
U-10067,User_U-10067,Active,2023-01-11 14:00:00
U-10069,User_U-10069,Active,2023-01-19 14:00:00
U-10073,User_U-10073,Active,2023-01-20 14:00:00
U-10075,User_U-10075,Active,2023-01-06 14:00:00
U-10076,User_U-10076,Active,2023-01-30 14:00:00
U-10078,User_U-10078,Active,2023-01-25 14:00:00
U-10079,User_U-10079,Active,2023-01-09 14:00:00
U-10080,User_U-10080,Active,2023-01-05 14:00:00
U-10082,User_U-10082,Active,2023-01-26 14:00:00
U-10083,User_U-10083,Active,2023-01-22 14:00:00
U-10084,User_U-10084,Active,2023-01-04 14:00:00
U-10085,User_U-10085,Active,2023-01-24 14:00:00
U-10086,User_U-10086,Active,2023-01-11 14:00:00
U-10088,User_U-10088,Active,2023-01-04 14:00:00
U-10089,User_U-10089,Active,2023-01-20 14:00:00
U-10090,User_U-10090,Active,2023-01-18 14:00:00
U-10091,User_U-10091,Active,2023-01-07 14:00:00
U-10092,User_U-10092,Active,2023-01-27 14:00:00
U-10093,User_U-10093,Active,2023-01-21 14:00:00
U-10095,User_U-10095,Active,2023-01-03 14:00:00
U-10096,User_U-10096,Active,2023-01-30 14:00:00
U-10098,User_U-10098,Active,2023-01-07 14:00:00
U-10099,User_U-10099,Active,2023-01-05 14:00:00
U-10101,User_U-10101,Active,2023-01-17 14:00:00
U-10102,User_U-10102,Active,2023-01-10 14:00:00
U-10104,User_U-10104,Active,2023-01-29 14:00:00
U-10105,User_U-10105,Active,2023-01-22 14:00:00
U-10106,User_U-10106,Active,2023-01-05 14:00:00
U-10113,User_U-10113,Active,2023-01-30 14:00:00
U-10114,User_U-10114,Active,2023-01-12 14:00:00
U-10115,User_U-10115,Active,2023-01-28 14:00:00
U-10117,User_U-10117,Active,2023-01-04 14:00:00
U-10118,User_U-10118,Active,2023-01-22 14:00:00
U-10119,User_U-10119,Active,2023-01-18 14:00:00
U-10120,User_U-10120,Active,2023-01-28 14:00:00
U-10121,User_U-10121,Active,2023-01-02 14:00:00
U-10126,User_U-10126,Active,2023-01-20 14:00:00
U-10128,User_U-10128,Active,2023-01-27 14:00:00
U-10132,User_U-10132,Active,2023-01-18 14:00:00
U-10133,User_U-10133,Active,2023-01-13 14:00:00
U-10136,User_U-10136,Active,2023-01-24 14:00:00
U-10137,User_U-10137,Active,2023-01-13 14:00:00
U-10138,User_U-10138,Active,2023-01-28 14:00:00
U-10140,User_U-10140,Active,2023-01-04 14:00:00
U-10142,User_U-10142,Active,2023-01-12 14:00:00
U-10143,User_U-10143,Active,2023-01-26 14:00:00
U-10145,User_U-10145,Active,2023-01-17 14:00:00
U-10146,User_U-10146,Active,2023-01-23 14:00:00
U-10147,User_U-10147,Active,2023-01-23 14:00:00
U-10148,User_U-10148,Active,2023-01-25 14:00:00
U-10150,User_U-10150,Active,2023-01-05 14:00:00
U-10151,User_U-10151,Active,2023-01-05 14:00:00
U-10154,User_U-10154,Active,2023-01-21 14:00:00
U-10155,User_U-10155,Active,2023-01-13 14:00:00
U-10158,User_U-10158,Active,2023-01-17 14:00:00
U-10160,User_U-10160,Active,2023-01-16 14:00:00
U-10161,User_U-10161,Active,2023-01-09 14:00:00
U-10162,User_U-10162,Active,2023-01-10 14:00:00
U-10164,User_U-10164,Active,2023-01-02 14:00:00
U-10165,User_U-10165,Active,2023-01-10 14:00:00
U-10167,User_U-10167,Active,2023-01-12 14:00:00
U-10168,User_U-10168,Active,2023-01-16 14:00:00
U-10171,User_U-10171,Active,2023-01-28 14:00:00
U-10172,User_U-10172,Active,2023-01-22 14:00:00
U-10173,User_U-10173,Active,2023-01-20 14:00:00
U-10174,User_U-10174,Active,2023-01-09 14:00:00
U-10175,User_U-10175,Active,2023-01-27 14:00:00
U-10177,User_U-10177,Active,2023-01-28 14:00:00
U-10180,User_U-10180,Active,2023-01-06 14:00:00
U-10181,User_U-10181,Active,2023-01-13 14:00:00
U-10182,User_U-10182,Active,2023-01-03 14:00:00
U-10183,User_U-10183,Active,2023-01-22 14:00:00
U-10184,User_U-10184,Active,2023-01-21 14:00:00
U-10185,User_U-10185,Active,2023-01-11 14:00:00
U-10186,User_U-10186,Active,2023-01-06 14:00:00
U-10188,User_U-10188,Active,2023-01-27 14:00:00
U-10192,User_U-10192,Active,2023-01-13 14:00:00
U-10193,User_U-10193,Active,2023-01-27 14:00:00
U-10194,User_U-10194,Active,2023-01-16 14:00:00
U-10195,User_U-10195,Active,2023-01-16 14:00:00
U-10196,User_U-10196,Active,2023-01-02 14:00:00
U-10197,User_U-10197,Active,2023-01-27 14:00:00
U-10198,User_U-10198,Active,2023-01-13 14:00:00
U-10199,User_U-10199,Active,2023-01-20 14:00:00
U-10200,User_U-10200,Active,2023-01-09 14:00:00
U-10201,User_U-10201,Active,2023-01-23 14:00:00
U-10204,User_U-10204,Active,2023-01-26 14:00:00
U-10205,User_U-10205,Active,2023-01-26 14:00:00
U-10206,User_U-10206,Active,2023-01-13 14:00:00
U-10207,User_U-10207,Active,2023-01-10 14:00:00
U-10209,User_U-10209,Active,2023-01-28 14:00:00
U-10210,User_U-10210,Active,2023-01-25 14:00:00
U-10211,User_U-10211,Active,2023-01-24 14:00:00
U-10214,User_U-10214,Active,2023-01-25 14:00:00
U-10215,User_U-10215,Active,2023-01-09 14:00:00
U-10217,User_U-10217,Active,2023-01-08 14:00:00
U-10220,User_U-10220,Active,2023-01-30 14:00:00
U-10221,User_U-10221,Active,2023-01-15 14:00:00
U-10222,User_U-10222,Active,2023-01-04 14:00:00
U-10223,User_U-10223,Active,2023-01-25 14:00:00
U-10224,User_U-10224,Active,2023-01-20 14:00:00
U-10226,User_U-10226,Active,2023-01-28 14:00:00
U-10227,User_U-10227,Active,2023-01-27 14:00:00
U-10228,User_U-10228,Active,2023-01-26 14:00:00
U-10229,User_U-10229,Active,2023-01-03 14:00:00
U-10230,User_U-10230,Active,2023-01-02 14:00:00
U-10231,User_U-10231,Active,2023-01-14 14:00:00
U-10234,User_U-10234,Active,2023-01-22 14:00:00
U-10235,User_U-10235,Active,2023-01-10 14:00:00
U-10237,User_U-10237,Active,2023-01-25 14:00:00
U-10238,User_U-10238,Active,2023-01-19 14:00:00
U-10240,User_U-10240,Active,2023-01-14 14:00:00
U-10241,User_U-10241,Active,2023-01-06 14:00:00
U-10242,User_U-10242,Active,2023-01-21 14:00:00
U-10243,User_U-10243,Active,2023-01-27 14:00:00
U-10244,User_U-10244,Active,2023-01-05 14:00:00
U-10245,User_U-10245,Active,2023-01-27 14:00:00
U-10246,User_U-10246,Active,2023-01-13 14:00:00
U-10247,User_U-10247,Active,2023-01-25 14:00:00
U-10248,User_U-10248,Active,2023-01-14 14:00:00
U-10250,User_U-10250,Active,2023-01-10 14:00:00
U-10252,User_U-10252,Active,2023-01-20 14:00:00
U-10254,User_U-10254,Active,2023-01-27 14:00:00
U-10255,User_U-10255,Active,2023-01-08 14:00:00
U-10256,User_U-10256,Active,2023-01-08 14:00:00
U-10258,User_U-10258,Active,2023-01-15 14:00:00
U-10259,User_U-10259,Active,2023-01-12 14:00:00
U-10260,User_U-10260,Active,2023-01-14 14:00:00
U-10261,User_U-10261,Active,2023-01-07 14:00:00
U-10262,User_U-10262,Active,2023-01-26 14:00:00
U-10263,User_U-10263,Active,2023-01-02 14:00:00
U-10265,User_U-10265,Active,2023-01-29 14:00:00
U-10266,User_U-10266,Active,2023-01-19 14:00:00
U-10267,User_U-10267,Active,2023-01-10 14:00:00
U-10268,User_U-10268,Active,2023-01-07 14:00:00
U-10269,User_U-10269,Active,2023-01-30 14:00:00
U-10270,User_U-10270,Active,2023-01-27 14:00:00
U-10273,User_U-10273,Active,2023-01-21 14:00:00
U-10275,User_U-10275,Active,2023-01-13 14:00:00
U-10277,User_U-10277,Active,2023-01-26 14:00:00
U-10280,User_U-10280,Active,2023-01-16 14:00:00
U-10282,User_U-10282,Active,2023-01-29 14:00:00
U-10286,User_U-10286,Active,2023-01-21 14:00:00
U-10287,User_U-10287,Active,2023-01-14 14:00:00
U-10288,User_U-10288,Active,2023-01-22 14:00:00
U-10289,User_U-10289,Active,2023-01-13 14:00:00
U-10291,User_U-10291,Active,2023-01-05 14:00:00
U-10292,User_U-10292,Active,2023-01-04 14:00:00
U-10293,User_U-10293,Active,2023-01-05 14:00:00
U-10294,User_U-10294,Active,2023-01-16 14:00:00
U-10298,User_U-10298,Active,2023-01-22 14:00:00
U-10299,User_U-10299,Active,2023-01-06 14:00:00
U-10300,User_U-10300,Active,2023-01-19 14:00:00
U-10302,User_U-10302,Active,2023-01-15 14:00:00
U-10303,User_U-10303,Active,2023-01-30 14:00:00
U-10304,User_U-10304,Active,2023-01-07 14:00:00
U-10306,User_U-10306,Active,2023-01-30 14:00:00
U-10307,User_U-10307,Active,2023-01-11 14:00:00
U-10308,User_U-10308,Active,2023-01-21 14:00:00
U-10309,User_U-10309,Active,2023-01-09 14:00:00
U-10311,User_U-10311,Active,2023-01-18 14:00:00
U-10313,User_U-10313,Active,2023-01-19 14:00:00
U-10317,User_U-10317,Active,2023-01-23 14:00:00
U-10320,User_U-10320,Active,2023-01-23 14:00:00
U-10325,User_U-10325,Active,2023-01-17 14:00:00
U-10326,User_U-10326,Active,2023-01-10 14:00:00
U-10328,User_U-10328,Active,2023-01-19 14:00:00
U-10329,User_U-10329,Active,2023-01-03 14:00:00
U-10330,User_U-10330,Active,2023-01-13 14:00:00
U-10333,User_U-10333,Active,2023-01-18 14:00:00
U-10334,User_U-10334,Active,2023-01-28 14:00:00
U-10335,User_U-10335,Active,2023-01-04 14:00:00
U-10338,User_U-10338,Active,2023-01-02 14:00:00
U-10340,User_U-10340,Active,2023-01-16 14:00:00
U-10341,User_U-10341,Active,2023-01-20 14:00:00
U-10342,User_U-10342,Active,2023-01-09 14:00:00
U-10344,User_U-10344,Active,2023-01-06 14:00:00
U-10347,User_U-10347,Active,2023-01-06 14:00:00
U-10348,User_U-10348,Active,2023-01-24 14:00:00
U-10350,User_U-10350,Active,2023-01-21 14:00:00
U-10351,User_U-10351,Active,2023-01-29 14:00:00
U-10356,User_U-10356,Active,2023-01-05 14:00:00
U-10357,User_U-10357,Active,2023-01-19 14:00:00
U-10358,User_U-10358,Active,2023-01-08 14:00:00
U-10359,User_U-10359,Active,2023-01-09 14:00:00
U-10361,User_U-10361,Active,2023-01-15 14:00:00
U-10362,User_U-10362,Active,2023-01-09 14:00:00
U-10363,User_U-10363,Active,2023-01-22 14:00:00
U-10365,User_U-10365,Active,2023-01-21 14:00:00
U-10367,User_U-10367,Active,2023-01-26 14:00:00
U-10371,User_U-10371,Active,2023-01-20 14:00:00
U-10376,User_U-10376,Active,2023-01-05 14:00:00
U-10379,User_U-10379,Active,2023-01-08 14:00:00
U-10382,User_U-10382,Active,2023-01-18 14:00:00
U-10384,User_U-10384,Active,2023-01-27 14:00:00
U-10386,User_U-10386,Active,2023-01-12 14:00:00
U-10388,User_U-10388,Active,2023-01-16 14:00:00
U-10391,User_U-10391,Active,2023-01-16 14:00:00
U-10392,User_U-10392,Active,2023-01-28 14:00:00
U-10397,User_U-10397,Active,2023-01-16 14:00:00
U-10398,User_U-10398,Active,2023-01-14 14:00:00
U-10400,User_U-10400,Active,2023-01-08 14:00:00
U-10403,User_U-10403,Active,2023-01-03 14:00:00
U-10404,User_U-10404,Active,2023-01-07 14:00:00
U-10405,User_U-10405,Active,2023-01-30 14:00:00
U-10409,User_U-10409,Active,2023-01-22 14:00:00
U-10411,User_U-10411,Active,2023-01-19 14:00:00
U-10412,User_U-10412,Active,2023-01-23 14:00:00
U-10413,User_U-10413,Active,2023-01-14 14:00:00
U-10415,User_U-10415,Active,2023-01-05 14:00:00
U-10416,User_U-10416,Active,2023-01-04 14:00:00
U-10419,User_U-10419,Active,2023-01-07 14:00:00
U-10420,User_U-10420,Active,2023-01-22 14:00:00
U-10422,User_U-10422,Active,2023-01-12 14:00:00
U-10423,User_U-10423,Active,2023-01-23 14:00:00
U-10424,User_U-10424,Active,2023-01-15 14:00:00
U-10429,User_U-10429,Active,2023-01-06 14:00:00
U-10430,User_U-10430,Active,2023-01-12 14:00:00
U-10431,User_U-10431,Active,2023-01-28 14:00:00
U-10435,User_U-10435,Active,2023-01-03 14:00:00
U-10437,User_U-10437,Active,2023-01-13 14:00:00
U-10440,User_U-10440,Active,2023-01-21 14:00:00
U-10441,User_U-10441,Active,2023-01-03 14:00:00
U-10442,User_U-10442,Active,2023-01-23 14:00:00
U-10443,User_U-10443,Active,2023-01-30 14:00:00
U-10444,User_U-10444,Active,2023-01-23 14:00:00
U-10445,User_U-10445,Active,2023-01-06 14:00:00
U-10449,User_U-10449,Active,2023-01-02 14:00:00
U-10450,User_U-10450,Active,2023-01-15 14:00:00
U-10451,User_U-10451,Active,2023-01-23 14:00:00
U-10452,User_U-10452,Active,2023-01-14 14:00:00
U-10454,User_U-10454,Active,2023-01-27 14:00:00
U-10456,User_U-10456,Active,2023-01-24 14:00:00
U-10458,User_U-10458,Active,2023-01-24 14:00:00
U-10462,User_U-10462,Active,2023-01-16 14:00:00
U-10464,User_U-10464,Active,2023-01-10 14:00:00
U-10468,User_U-10468,Active,2023-01-19 14:00:00
U-10471,User_U-10471,Active,2023-01-09 14:00:00
U-10475,User_U-10475,Active,2023-01-15 14:00:00
U-10477,User_U-10477,Active,2023-01-17 14:00:00
U-10480,User_U-10480,Active,2023-01-12 14:00:00
U-10482,User_U-10482,Active,2023-01-05 14:00:00
U-10483,User_U-10483,Active,2023-01-17 14:00:00
U-10491,User_U-10491,Active,2023-01-19 14:00:00
U-10494,User_U-10494,Active,2023-01-21 14:00:00
U-10495,User_U-10495,Active,2023-01-23 14:00:00
U-10498,User_U-10498,Active,2023-01-21 14:00:00
U-10499,User_U-10499,Active,2023-01-21 14:00:00
U-10501,User_U-10501,Active,2023-01-21 14:00:00
U-10502,User_U-10502,Active,2023-01-09 14:00:00
U-10506,User_U-10506,Active,2023-01-04 14:00:00
U-10508,User_U-10508,Active,2023-01-19 14:00:00
U-10510,User_U-10510,Active,2023-01-16 14:00:00
U-10513,User_U-10513,Active,2023-01-15 14:00:00
U-10514,User_U-10514,Active,2023-01-27 14:00:00
U-10515,User_U-10515,Active,2023-01-22 14:00:00
U-10516,User_U-10516,Active,2023-01-08 14:00:00
U-10518,User_U-10518,Active,2023-01-08 14:00:00
U-10519,User_U-10519,Active,2023-01-18 14:00:00
U-10521,User_U-10521,Active,2023-01-02 14:00:00
U-10522,User_U-10522,Active,2023-01-29 14:00:00
U-10523,User_U-10523,Active,2023-01-26 14:00:00
U-10524,User_U-10524,Active,2023-01-27 14:00:00
U-10525,User_U-10525,Active,2023-01-20 14:00:00
U-10527,User_U-10527,Active,2023-01-28 14:00:00
U-10531,User_U-10531,Active,2023-01-25 14:00:00
U-10535,User_U-10535,Active,2023-01-04 14:00:00
U-10536,User_U-10536,Active,2023-01-14 14:00:00
U-10538,User_U-10538,Active,2023-01-22 14:00:00
U-10540,User_U-10540,Active,2023-01-17 14:00:00
U-10541,User_U-10541,Active,2023-01-05 14:00:00
U-10543,User_U-10543,Active,2023-01-07 14:00:00
U-10546,User_U-10546,Active,2023-01-28 14:00:00
U-10548,User_U-10548,Active,2023-01-06 14:00:00
U-10550,User_U-10550,Active,2023-01-14 14:00:00
U-10552,User_U-10552,Active,2023-01-28 14:00:00
U-10553,User_U-10553,Active,2023-01-14 14:00:00
U-10554,User_U-10554,Active,2023-01-20 14:00:00
U-10556,User_U-10556,Active,2023-01-07 14:00:00
U-10559,User_U-10559,Active,2023-01-11 14:00:00
U-10561,User_U-10561,Active,2023-01-26 14:00:00
U-10564,User_U-10564,Active,2023-01-25 14:00:00
U-10565,User_U-10565,Active,2023-01-14 14:00:00
U-10568,User_U-10568,Active,2023-01-08 14:00:00
U-10569,User_U-10569,Active,2023-01-04 14:00:00
U-10570,User_U-10570,Active,2023-01-30 14:00:00
U-10572,User_U-10572,Active,2023-01-14 14:00:00
U-10573,User_U-10573,Active,2023-01-05 14:00:00
U-10575,User_U-10575,Active,2023-01-19 14:00:00
U-10576,User_U-10576,Active,2023-01-16 14:00:00
U-10577,User_U-10577,Active,2023-01-05 14:00:00
U-10580,User_U-10580,Active,2023-01-13 14:00:00
U-10582,User_U-10582,Active,2023-01-20 14:00:00
U-10583,User_U-10583,Active,2023-01-02 14:00:00
U-10585,User_U-10585,Active,2023-01-04 14:00:00
U-10586,User_U-10586,Active,2023-01-02 14:00:00
U-10587,User_U-10587,Active,2023-01-03 14:00:00
U-10588,User_U-10588,Active,2023-01-23 14:00:00
U-10589,User_U-10589,Active,2023-01-08 14:00:00
U-10590,User_U-10590,Active,2023-01-27 14:00:00
U-10591,User_U-10591,Active,2023-01-12 14:00:00
U-10592,User_U-10592,Active,2023-01-02 14:00:00
U-10593,User_U-10593,Active,2023-01-12 14:00:00
U-10594,User_U-10594,Active,2023-01-08 14:00:00
U-10595,User_U-10595,Active,2023-01-16 14:00:00
U-10596,User_U-10596,Active,2023-01-18 14:00:00
U-10597,User_U-10597,Active,2023-01-19 14:00:00
U-10598,User_U-10598,Active,2023-01-06 14:00:00
U-10600,User_U-10600,Active,2023-01-05 14:00:00
U-10603,User_U-10603,Active,2023-01-27 14:00:00
U-10604,User_U-10604,Active,2023-01-07 14:00:00
U-10606,User_U-10606,Active,2023-01-22 14:00:00
U-10607,User_U-10607,Active,2023-01-25 14:00:00
U-10609,User_U-10609,Active,2023-01-13 14:00:00
U-10611,User_U-10611,Active,2023-01-29 14:00:00
U-10612,User_U-10612,Active,2023-01-25 14:00:00
U-10614,User_U-10614,Active,2023-01-18 14:00:00
U-10615,User_U-10615,Active,2023-01-18 14:00:00
U-10616,User_U-10616,Active,2023-01-03 14:00:00
U-10619,User_U-10619,Active,2023-01-26 14:00:00
U-10620,User_U-10620,Active,2023-01-21 14:00:00
U-10621,User_U-10621,Active,2023-01-17 14:00:00
U-10622,User_U-10622,Active,2023-01-17 14:00:00
U-10624,User_U-10624,Active,2023-01-04 14:00:00
U-10626,User_U-10626,Active,2023-01-02 14:00:00
U-10627,User_U-10627,Active,2023-01-15 14:00:00
U-10629,User_U-10629,Active,2023-01-14 14:00:00
U-10630,User_U-10630,Active,2023-01-14 14:00:00
U-10631,User_U-10631,Active,2023-01-28 14:00:00
U-10632,User_U-10632,Active,2023-01-21 14:00:00
U-10633,User_U-10633,Active,2023-01-27 14:00:00
U-10635,User_U-10635,Active,2023-01-29 14:00:00
U-10638,User_U-10638,Active,2023-01-18 14:00:00
U-10640,User_U-10640,Active,2023-01-27 14:00:00
U-10641,User_U-10641,Active,2023-01-13 14:00:00
U-10642,User_U-10642,Active,2023-01-21 14:00:00
U-10643,User_U-10643,Active,2023-01-04 14:00:00
U-10646,User_U-10646,Active,2023-01-27 14:00:00
U-10647,User_U-10647,Active,2023-01-30 14:00:00
U-10648,User_U-10648,Active,2023-01-17 14:00:00
U-10649,User_U-10649,Active,2023-01-06 14:00:00
U-10650,User_U-10650,Active,2023-01-27 14:00:00
U-10652,User_U-10652,Active,2023-01-19 14:00:00
U-10653,User_U-10653,Active,2023-01-19 14:00:00
U-10654,User_U-10654,Active,2023-01-03 14:00:00
U-10658,User_U-10658,Active,2023-01-23 14:00:00
U-10659,User_U-10659,Active,2023-01-09 14:00:00
U-10660,User_U-10660,Active,2023-01-23 14:00:00
U-10661,User_U-10661,Active,2023-01-08 14:00:00
U-10665,User_U-10665,Active,2023-01-09 14:00:00
U-10668,User_U-10668,Active,2023-01-21 14:00:00
U-10671,User_U-10671,Active,2023-01-06 14:00:00
U-10672,User_U-10672,Active,2023-01-25 14:00:00
U-10675,User_U-10675,Active,2023-01-21 14:00:00
U-10677,User_U-10677,Active,2023-01-23 14:00:00
U-10681,User_U-10681,Active,2023-01-02 14:00:00
U-10684,User_U-10684,Active,2023-01-20 14:00:00
U-10685,User_U-10685,Active,2023-01-14 14:00:00
U-10686,User_U-10686,Active,2023-01-05 14:00:00
U-10687,User_U-10687,Active,2023-01-12 14:00:00
U-10689,User_U-10689,Active,2023-01-14 14:00:00
U-10690,User_U-10690,Active,2023-01-17 14:00:00
U-10691,User_U-10691,Active,2023-01-09 14:00:00
U-10692,User_U-10692,Active,2023-01-20 14:00:00
U-10693,User_U-10693,Active,2023-01-30 14:00:00
U-10694,User_U-10694,Active,2023-01-18 14:00:00
U-10698,User_U-10698,Active,2023-01-09 14:00:00
U-10699,User_U-10699,Active,2023-01-09 14:00:00
U-10700,User_U-10700,Active,2023-01-10 14:00:00
U-10701,User_U-10701,Active,2023-01-30 14:00:00
U-10706,User_U-10706,Active,2023-01-14 14:00:00
U-10707,User_U-10707,Active,2023-01-08 14:00:00
U-10709,User_U-10709,Active,2023-01-25 14:00:00
U-10711,User_U-10711,Active,2023-01-25 14:00:00
U-10714,User_U-10714,Active,2023-01-03 14:00:00
U-10719,User_U-10719,Active,2023-01-19 14:00:00
U-10721,User_U-10721,Active,2023-01-21 14:00:00
U-10723,User_U-10723,Active,2023-01-16 14:00:00
U-10725,User_U-10725,Active,2023-01-10 14:00:00
U-10729,User_U-10729,Active,2023-01-13 14:00:00
U-10731,User_U-10731,Active,2023-01-28 14:00:00
U-10732,User_U-10732,Active,2023-01-16 14:00:00
U-10733,User_U-10733,Active,2023-01-08 14:00:00
U-10734,User_U-10734,Active,2023-01-13 14:00:00
U-10735,User_U-10735,Active,2023-01-02 14:00:00
U-10741,User_U-10741,Active,2023-01-14 14:00:00
U-10743,User_U-10743,Active,2023-01-26 14:00:00
U-10744,User_U-10744,Active,2023-01-04 14:00:00
U-10745,User_U-10745,Active,2023-01-08 14:00:00
U-10746,User_U-10746,Active,2023-01-10 14:00:00
U-10748,User_U-10748,Active,2023-01-12 14:00:00
U-10749,User_U-10749,Active,2023-01-04 14:00:00
U-10750,User_U-10750,Active,2023-01-07 14:00:00
U-10751,User_U-10751,Active,2023-01-17 14:00:00
U-10752,User_U-10752,Active,2023-01-17 14:00:00
U-10754,User_U-10754,Active,2023-01-02 14:00:00
U-10755,User_U-10755,Active,2023-01-02 14:00:00
U-10756,User_U-10756,Active,2023-01-21 14:00:00
U-10757,User_U-10757,Active,2023-01-11 14:00:00
U-10761,User_U-10761,Active,2023-01-06 14:00:00
U-10762,User_U-10762,Active,2023-01-23 14:00:00
U-10763,User_U-10763,Active,2023-01-25 14:00:00
U-10764,User_U-10764,Active,2023-01-26 14:00:00
U-10768,User_U-10768,Active,2023-01-10 14:00:00
U-10770,User_U-10770,Active,2023-01-19 14:00:00
U-10772,User_U-10772,Active,2023-01-22 14:00:00
U-10773,User_U-10773,Active,2023-01-23 14:00:00
U-10777,User_U-10777,Active,2023-01-05 14:00:00
U-10778,User_U-10778,Active,2023-01-12 14:00:00
U-10781,User_U-10781,Active,2023-01-24 14:00:00
U-10782,User_U-10782,Active,2023-01-11 14:00:00
U-10786,User_U-10786,Active,2023-01-13 14:00:00
U-10787,User_U-10787,Active,2023-01-13 14:00:00
U-10790,User_U-10790,Active,2023-01-21 14:00:00
U-10791,User_U-10791,Active,2023-01-07 14:00:00
U-10792,User_U-10792,Active,2023-01-24 14:00:00
U-10793,User_U-10793,Active,2023-01-28 14:00:00
U-10794,User_U-10794,Active,2023-01-10 14:00:00
U-10797,User_U-10797,Active,2023-01-20 14:00:00
U-10798,User_U-10798,Active,2023-01-22 14:00:00
U-10801,User_U-10801,Active,2023-01-11 14:00:00
U-10802,User_U-10802,Active,2023-01-16 14:00:00
U-10805,User_U-10805,Active,2023-01-21 14:00:00
U-10806,User_U-10806,Active,2023-01-23 14:00:00
U-10807,User_U-10807,Active,2023-01-20 14:00:00
U-10808,User_U-10808,Active,2023-01-23 14:00:00
U-10809,User_U-10809,Active,2023-01-24 14:00:00
U-10811,User_U-10811,Active,2023-01-26 14:00:00
U-10812,User_U-10812,Active,2023-01-16 14:00:00
U-10813,User_U-10813,Active,2023-01-09 14:00:00
U-10814,User_U-10814,Active,2023-01-20 14:00:00
U-10815,User_U-10815,Active,2023-01-23 14:00:00
U-10816,User_U-10816,Active,2023-01-10 14:00:00
U-10818,User_U-10818,Active,2023-01-05 14:00:00
U-10820,User_U-10820,Active,2023-01-23 14:00:00
U-10821,User_U-10821,Active,2023-01-12 14:00:00
U-10822,User_U-10822,Active,2023-01-29 14:00:00
U-10823,User_U-10823,Active,2023-01-08 14:00:00
U-10824,User_U-10824,Active,2023-01-02 14:00:00
U-10826,User_U-10826,Active,2023-01-16 14:00:00
U-10827,User_U-10827,Active,2023-01-30 14:00:00
U-10828,User_U-10828,Active,2023-01-18 14:00:00
U-10829,User_U-10829,Active,2023-01-09 14:00:00
U-10833,User_U-10833,Active,2023-01-22 14:00:00
U-10834,User_U-10834,Active,2023-01-13 14:00:00
U-10835,User_U-10835,Active,2023-01-11 14:00:00
U-10837,User_U-10837,Active,2023-01-08 14:00:00
U-10838,User_U-10838,Active,2023-01-25 14:00:00
U-10840,User_U-10840,Active,2023-01-09 14:00:00
U-10841,User_U-10841,Active,2023-01-25 14:00:00
U-10842,User_U-10842,Active,2023-01-13 14:00:00
U-10843,User_U-10843,Active,2023-01-19 14:00:00
U-10844,User_U-10844,Active,2023-01-08 14:00:00
U-10845,User_U-10845,Active,2023-01-04 14:00:00
U-10846,User_U-10846,Active,2023-01-29 14:00:00
U-10847,User_U-10847,Active,2023-01-25 14:00:00
U-10848,User_U-10848,Active,2023-01-28 14:00:00
U-10849,User_U-10849,Active,2023-01-19 14:00:00
U-10853,User_U-10853,Active,2023-01-22 14:00:00
U-10855,User_U-10855,Active,2023-01-07 14:00:00
U-10856,User_U-10856,Active,2023-01-15 14:00:00
U-10857,User_U-10857,Active,2023-01-11 14:00:00
U-10858,User_U-10858,Active,2023-01-22 14:00:00
U-10859,User_U-10859,Active,2023-01-14 14:00:00
U-10861,User_U-10861,Active,2023-01-02 14:00:00
U-10862,User_U-10862,Active,2023-01-19 14:00:00
U-10863,User_U-10863,Active,2023-01-08 14:00:00
U-10864,User_U-10864,Active,2023-01-02 14:00:00
U-10868,User_U-10868,Active,2023-01-13 14:00:00
U-10869,User_U-10869,Active,2023-01-29 14:00:00
U-10873,User_U-10873,Active,2023-01-03 14:00:00
U-10875,User_U-10875,Active,2023-01-06 14:00:00
U-10876,User_U-10876,Active,2023-01-08 14:00:00
U-10878,User_U-10878,Active,2023-01-04 14:00:00
U-10879,User_U-10879,Active,2023-01-23 14:00:00
U-10881,User_U-10881,Active,2023-01-15 14:00:00
U-10882,User_U-10882,Active,2023-01-04 14:00:00
U-10883,User_U-10883,Active,2023-01-29 14:00:00
U-10885,User_U-10885,Active,2023-01-05 14:00:00
U-10886,User_U-10886,Active,2023-01-15 14:00:00
U-10889,User_U-10889,Active,2023-01-13 14:00:00
U-10891,User_U-10891,Active,2023-01-08 14:00:00
U-10899,User_U-10899,Active,2023-01-13 14:00:00
U-10901,User_U-10901,Active,2023-01-19 14:00:00
U-10905,User_U-10905,Active,2023-01-08 14:00:00
U-10909,User_U-10909,Active,2023-01-23 14:00:00
U-10911,User_U-10911,Active,2023-01-19 14:00:00
U-10913,User_U-10913,Active,2023-01-21 14:00:00
U-10917,User_U-10917,Active,2023-01-12 14:00:00
U-10918,User_U-10918,Active,2023-01-24 14:00:00
U-10919,User_U-10919,Active,2023-01-16 14:00:00
U-10921,User_U-10921,Active,2023-01-07 14:00:00
U-10923,User_U-10923,Active,2023-01-10 14:00:00
U-10925,User_U-10925,Active,2023-01-25 14:00:00
U-10927,User_U-10927,Active,2023-01-21 14:00:00
U-10929,User_U-10929,Active,2023-01-03 14:00:00
U-10930,User_U-10930,Active,2023-01-28 14:00:00
U-10931,User_U-10931,Active,2023-01-29 14:00:00
U-10932,User_U-10932,Active,2023-01-04 14:00:00
U-10933,User_U-10933,Active,2023-01-13 14:00:00
U-10934,User_U-10934,Active,2023-01-07 14:00:00
U-10936,User_U-10936,Active,2023-01-11 14:00:00
U-10937,User_U-10937,Active,2023-01-23 14:00:00
U-10939,User_U-10939,Active,2023-01-06 14:00:00
U-10941,User_U-10941,Active,2023-01-20 14:00:00
U-10943,User_U-10943,Active,2023-01-04 14:00:00
U-10946,User_U-10946,Active,2023-01-23 14:00:00
U-10947,User_U-10947,Active,2023-01-20 14:00:00
U-10949,User_U-10949,Active,2023-01-16 14:00:00
U-10950,User_U-10950,Active,2023-01-17 14:00:00
U-10956,User_U-10956,Active,2023-01-13 14:00:00
U-10957,User_U-10957,Active,2023-01-10 14:00:00
U-10958,User_U-10958,Active,2023-01-22 14:00:00
U-10959,User_U-10959,Active,2023-01-09 14:00:00
U-10960,User_U-10960,Active,2023-01-22 14:00:00
U-10961,User_U-10961,Active,2023-01-16 14:00:00
U-10962,User_U-10962,Active,2023-01-19 14:00:00
U-10965,User_U-10965,Active,2023-01-06 14:00:00
U-10967,User_U-10967,Active,2023-01-23 14:00:00
U-10968,User_U-10968,Active,2023-01-03 14:00:00
U-10971,User_U-10971,Active,2023-01-18 14:00:00
U-10972,User_U-10972,Active,2023-01-24 14:00:00
U-10974,User_U-10974,Active,2023-01-28 14:00:00
U-10975,User_U-10975,Active,2023-01-14 14:00:00
U-10977,User_U-10977,Active,2023-01-07 14:00:00
U-10979,User_U-10979,Active,2023-01-14 14:00:00
U-10981,User_U-10981,Active,2023-01-08 14:00:00
U-10982,User_U-10982,Active,2023-01-07 14:00:00
U-10983,User_U-10983,Active,2023-01-23 14:00:00
U-10988,User_U-10988,Active,2023-01-23 14:00:00
U-10989,User_U-10989,Active,2023-01-03 14:00:00
U-10990,User_U-10990,Active,2023-01-15 14:00:00
U-10991,User_U-10991,Active,2023-01-07 14:00:00
U-10993,User_U-10993,Active,2023-01-03 14:00:00
U-10994,User_U-10994,Active,2023-01-15 14:00:00
U-11001,User_U-11001,Active,2023-01-29 14:00:00
U-11003,User_U-11003,Active,2023-01-20 14:00:00
U-11005,User_U-11005,Active,2023-01-04 14:00:00
U-11009,User_U-11009,Active,2023-01-30 14:00:00
U-11010,User_U-11010,Active,2023-01-02 14:00:00
U-11011,User_U-11011,Active,2023-01-12 14:00:00
U-11012,User_U-11012,Active,2023-01-05 14:00:00
U-11014,User_U-11014,Active,2023-01-30 14:00:00
U-11015,User_U-11015,Active,2023-01-30 14:00:00
U-11017,User_U-11017,Active,2023-01-06 14:00:00
U-11018,User_U-11018,Active,2023-01-05 14:00:00
U-11019,User_U-11019,Active,2023-01-16 14:00:00
U-11020,User_U-11020,Active,2023-01-17 14:00:00
U-11022,User_U-11022,Active,2023-01-30 14:00:00
U-11023,User_U-11023,Active,2023-01-20 14:00:00
U-11026,User_U-11026,Active,2023-01-30 14:00:00
U-11028,User_U-11028,Active,2023-01-16 14:00:00
U-11032,User_U-11032,Active,2023-01-22 14:00:00
U-11033,User_U-11033,Active,2023-01-03 14:00:00
U-11034,User_U-11034,Active,2023-01-28 14:00:00
U-11036,User_U-11036,Active,2023-01-05 14:00:00
U-11038,User_U-11038,Active,2023-01-13 14:00:00
U-11040,User_U-11040,Active,2023-01-22 14:00:00
U-11042,User_U-11042,Active,2023-01-09 14:00:00
U-11043,User_U-11043,Active,2023-01-05 14:00:00
U-11044,User_U-11044,Active,2023-01-09 14:00:00
U-11045,User_U-11045,Active,2023-01-29 14:00:00
U-11046,User_U-11046,Active,2023-01-18 14:00:00
U-11047,User_U-11047,Active,2023-01-23 14:00:00
U-11048,User_U-11048,Active,2023-01-23 14:00:00
U-11052,User_U-11052,Active,2023-01-23 14:00:00
U-11053,User_U-11053,Active,2023-01-03 14:00:00
U-11054,User_U-11054,Active,2023-01-05 14:00:00
U-11055,User_U-11055,Active,2023-01-02 14:00:00
U-11058,User_U-11058,Active,2023-01-26 14:00:00
U-11059,User_U-11059,Active,2023-01-13 14:00:00
U-11060,User_U-11060,Active,2023-01-08 14:00:00
U-11063,User_U-11063,Active,2023-01-26 14:00:00
U-11065,User_U-11065,Active,2023-01-02 14:00:00
U-11071,User_U-11071,Active,2023-01-03 14:00:00
U-11072,User_U-11072,Active,2023-01-07 14:00:00
U-11074,User_U-11074,Active,2023-01-30 14:00:00
U-11076,User_U-11076,Active,2023-01-05 14:00:00
U-11077,User_U-11077,Active,2023-01-04 14:00:00
U-11078,User_U-11078,Active,2023-01-29 14:00:00
U-11079,User_U-11079,Active,2023-01-28 14:00:00
U-11080,User_U-11080,Active,2023-01-17 14:00:00
U-11081,User_U-11081,Active,2023-01-14 14:00:00
U-11082,User_U-11082,Active,2023-01-24 14:00:00
U-11083,User_U-11083,Active,2023-01-23 14:00:00
U-11084,User_U-11084,Active,2023-01-21 14:00:00
U-11085,User_U-11085,Active,2023-01-18 14:00:00
U-11086,User_U-11086,Active,2023-01-15 14:00:00
U-11089,User_U-11089,Active,2023-01-30 14:00:00
U-11090,User_U-11090,Active,2023-01-26 14:00:00
U-11092,User_U-11092,Active,2023-01-06 14:00:00
U-11095,User_U-11095,Active,2023-01-18 14:00:00
U-11096,User_U-11096,Active,2023-01-23 14:00:00
U-11098,User_U-11098,Active,2023-01-02 14:00:00
U-11099,User_U-11099,Active,2023-01-18 14:00:00
U-11100,User_U-11100,Active,2023-01-07 14:00:00
U-11102,User_U-11102,Active,2023-01-02 14:00:00
U-11106,User_U-11106,Active,2023-01-09 14:00:00
U-11114,User_U-11114,Active,2023-01-15 14:00:00
U-11115,User_U-11115,Active,2023-01-26 14:00:00
U-11117,User_U-11117,Active,2023-01-10 14:00:00
U-11119,User_U-11119,Active,2023-01-24 14:00:00
U-11121,User_U-11121,Active,2023-01-05 14:00:00
U-11122,User_U-11122,Active,2023-01-07 14:00:00
U-11124,User_U-11124,Active,2023-01-12 14:00:00
U-11125,User_U-11125,Active,2023-01-19 14:00:00
U-11127,User_U-11127,Active,2023-01-06 14:00:00
U-11128,User_U-11128,Active,2023-01-10 14:00:00
U-11129,User_U-11129,Active,2023-01-15 14:00:00
U-11130,User_U-11130,Active,2023-01-28 14:00:00
U-11132,User_U-11132,Active,2023-01-21 14:00:00
U-11133,User_U-11133,Active,2023-01-19 14:00:00
U-11134,User_U-11134,Active,2023-01-18 14:00:00
U-11135,User_U-11135,Active,2023-01-22 14:00:00
U-11139,User_U-11139,Active,2023-01-18 14:00:00
U-11140,User_U-11140,Active,2023-01-24 14:00:00
U-11142,User_U-11142,Active,2023-01-03 14:00:00
U-11143,User_U-11143,Active,2023-01-14 14:00:00
U-11147,User_U-11147,Active,2023-01-10 14:00:00
U-11148,User_U-11148,Active,2023-01-20 14:00:00
U-11149,User_U-11149,Active,2023-01-15 14:00:00
U-11150,User_U-11150,Active,2023-01-06 14:00:00
U-11151,User_U-11151,Active,2023-01-18 14:00:00
U-11153,User_U-11153,Active,2023-01-18 14:00:00
U-11154,User_U-11154,Active,2023-01-04 14:00:00
U-11155,User_U-11155,Active,2023-01-20 14:00:00
U-11157,User_U-11157,Active,2023-01-13 14:00:00
U-11159,User_U-11159,Active,2023-01-28 14:00:00
U-11160,User_U-11160,Active,2023-01-03 14:00:00
U-11161,User_U-11161,Active,2023-01-16 14:00:00
U-11162,User_U-11162,Active,2023-01-14 14:00:00
U-11164,User_U-11164,Active,2023-01-25 14:00:00
U-11165,User_U-11165,Active,2023-01-15 14:00:00
U-11166,User_U-11166,Active,2023-01-08 14:00:00
U-11167,User_U-11167,Active,2023-01-26 14:00:00
U-11168,User_U-11168,Active,2023-01-11 14:00:00
U-11170,User_U-11170,Active,2023-01-11 14:00:00
U-11172,User_U-11172,Active,2023-01-03 14:00:00
U-11174,User_U-11174,Active,2023-01-11 14:00:00
U-11176,User_U-11176,Active,2023-01-29 14:00:00
U-11178,User_U-11178,Active,2023-01-23 14:00:00
U-11180,User_U-11180,Active,2023-01-27 14:00:00
U-11181,User_U-11181,Active,2023-01-17 14:00:00
U-11182,User_U-11182,Active,2023-01-27 14:00:00
U-11183,User_U-11183,Active,2023-01-07 14:00:00
U-11184,User_U-11184,Active,2023-01-23 14:00:00
U-11186,User_U-11186,Active,2023-01-28 14:00:00
U-11189,User_U-11189,Active,2023-01-09 14:00:00
U-11191,User_U-11191,Active,2023-01-15 14:00:00
U-11192,User_U-11192,Active,2023-01-16 14:00:00
U-11193,User_U-11193,Active,2023-01-18 14:00:00
U-11194,User_U-11194,Active,2023-01-08 14:00:00
U-11197,User_U-11197,Active,2023-01-02 14:00:00
U-11198,User_U-11198,Active,2023-01-15 14:00:00
U-11199,User_U-11199,Active,2023-01-16 14:00:00
U-11200,User_U-11200,Active,2023-01-03 14:00:00
U-11201,User_U-11201,Active,2023-01-26 14:00:00
U-11202,User_U-11202,Active,2023-01-26 14:00:00
U-11204,User_U-11204,Active,2023-01-17 14:00:00
U-11205,User_U-11205,Active,2023-01-30 14:00:00
U-11206,User_U-11206,Active,2023-01-21 14:00:00
U-11207,User_U-11207,Active,2023-01-24 14:00:00
U-11209,User_U-11209,Active,2023-01-05 14:00:00
U-11210,User_U-11210,Active,2023-01-04 14:00:00
U-11211,User_U-11211,Active,2023-01-16 14:00:00
U-11212,User_U-11212,Active,2023-01-06 14:00:00
U-11214,User_U-11214,Active,2023-01-09 14:00:00
U-11215,User_U-11215,Active,2023-01-25 14:00:00
U-11216,User_U-11216,Active,2023-01-30 14:00:00
U-11217,User_U-11217,Active,2023-01-16 14:00:00
U-11218,User_U-11218,Active,2023-01-13 14:00:00
U-11219,User_U-11219,Active,2023-01-27 14:00:00
U-11221,User_U-11221,Active,2023-01-30 14:00:00
U-11223,User_U-11223,Active,2023-01-28 14:00:00
U-11224,User_U-11224,Active,2023-01-22 14:00:00
U-11225,User_U-11225,Active,2023-01-04 14:00:00
U-11228,User_U-11228,Active,2023-01-30 14:00:00
U-11229,User_U-11229,Active,2023-01-23 14:00:00
U-11230,User_U-11230,Active,2023-01-30 14:00:00
U-11231,User_U-11231,Active,2023-01-04 14:00:00
U-11233,User_U-11233,Active,2023-01-18 14:00:00
U-11235,User_U-11235,Active,2023-01-23 14:00:00
U-11237,User_U-11237,Active,2023-01-05 14:00:00
U-11240,User_U-11240,Active,2023-01-04 14:00:00
U-11241,User_U-11241,Active,2023-01-23 14:00:00
U-11245,User_U-11245,Active,2023-01-14 14:00:00
U-11250,User_U-11250,Active,2023-01-18 14:00:00
U-11251,User_U-11251,Active,2023-01-08 14:00:00
U-11252,User_U-11252,Active,2023-01-03 14:00:00
U-11253,User_U-11253,Active,2023-01-29 14:00:00
U-11254,User_U-11254,Active,2023-01-24 14:00:00
U-11255,User_U-11255,Active,2023-01-23 14:00:00
U-11259,User_U-11259,Active,2023-01-14 14:00:00
U-11260,User_U-11260,Active,2023-01-15 14:00:00
U-11262,User_U-11262,Active,2023-01-16 14:00:00
U-11263,User_U-11263,Active,2023-01-24 14:00:00
U-11266,User_U-11266,Active,2023-01-24 14:00:00
U-11268,User_U-11268,Active,2023-01-05 14:00:00
U-11269,User_U-11269,Active,2023-01-05 14:00:00
U-11270,User_U-11270,Active,2023-01-13 14:00:00
U-11274,User_U-11274,Active,2023-01-27 14:00:00
U-11275,User_U-11275,Active,2023-01-26 14:00:00
U-11276,User_U-11276,Active,2023-01-14 14:00:00
U-11278,User_U-11278,Active,2023-01-19 14:00:00
U-11281,User_U-11281,Active,2023-01-17 14:00:00
U-11284,User_U-11284,Active,2023-01-30 14:00:00
U-11285,User_U-11285,Active,2023-01-18 14:00:00
U-11286,User_U-11286,Active,2023-01-22 14:00:00
U-11287,User_U-11287,Active,2023-01-18 14:00:00
U-11291,User_U-11291,Active,2023-01-14 14:00:00
U-11292,User_U-11292,Active,2023-01-06 14:00:00
U-11293,User_U-11293,Active,2023-01-21 14:00:00
U-11294,User_U-11294,Active,2023-01-15 14:00:00
U-11295,User_U-11295,Active,2023-01-22 14:00:00
U-11296,User_U-11296,Active,2023-01-04 14:00:00
U-11300,User_U-11300,Active,2023-01-12 14:00:00
U-11303,User_U-11303,Active,2023-01-13 14:00:00
U-11305,User_U-11305,Active,2023-01-20 14:00:00
U-11306,User_U-11306,Active,2023-01-16 14:00:00
U-11307,User_U-11307,Active,2023-01-24 14:00:00
U-11309,User_U-11309,Active,2023-01-17 14:00:00
U-11311,User_U-11311,Active,2023-01-26 14:00:00
U-11314,User_U-11314,Active,2023-01-17 14:00:00
U-11315,User_U-11315,Active,2023-01-24 14:00:00
U-11317,User_U-11317,Active,2023-01-19 14:00:00
U-11318,User_U-11318,Active,2023-01-18 14:00:00
U-11320,User_U-11320,Active,2023-01-08 14:00:00
U-11324,User_U-11324,Active,2023-01-12 14:00:00
U-11329,User_U-11329,Active,2023-01-02 14:00:00
U-11330,User_U-11330,Active,2023-01-26 14:00:00
U-11331,User_U-11331,Active,2023-01-03 14:00:00
U-11333,User_U-11333,Active,2023-01-06 14:00:00
U-11334,User_U-11334,Active,2023-01-22 14:00:00
U-11335,User_U-11335,Active,2023-01-24 14:00:00
U-11336,User_U-11336,Active,2023-01-29 14:00:00
U-11337,User_U-11337,Active,2023-01-27 14:00:00
U-11343,User_U-11343,Active,2023-01-25 14:00:00
U-11344,User_U-11344,Active,2023-01-24 14:00:00
U-11345,User_U-11345,Active,2023-01-18 14:00:00
U-11346,User_U-11346,Active,2023-01-22 14:00:00
U-11355,User_U-11355,Active,2023-01-30 14:00:00
U-11356,User_U-11356,Active,2023-01-03 14:00:00
U-11357,User_U-11357,Active,2023-01-11 14:00:00
U-11358,User_U-11358,Active,2023-01-24 14:00:00
U-11359,User_U-11359,Active,2023-01-05 14:00:00
U-11360,User_U-11360,Active,2023-01-06 14:00:00
U-11364,User_U-11364,Active,2023-01-19 14:00:00
U-11365,User_U-11365,Active,2023-01-02 14:00:00
U-11366,User_U-11366,Active,2023-01-14 14:00:00
U-11372,User_U-11372,Active,2023-01-19 14:00:00
U-11375,User_U-11375,Active,2023-01-08 14:00:00
U-11376,User_U-11376,Active,2023-01-10 14:00:00
U-11379,User_U-11379,Active,2023-01-11 14:00:00
U-11381,User_U-11381,Active,2023-01-09 14:00:00
U-11383,User_U-11383,Active,2023-01-29 14:00:00
U-11384,User_U-11384,Active,2023-01-27 14:00:00
U-11387,User_U-11387,Active,2023-01-14 14:00:00
U-11388,User_U-11388,Active,2023-01-11 14:00:00
U-11390,User_U-11390,Active,2023-01-10 14:00:00
U-11396,User_U-11396,Active,2023-01-14 14:00:00
U-11397,User_U-11397,Active,2023-01-22 14:00:00
U-11400,User_U-11400,Active,2023-01-05 14:00:00
U-11402,User_U-11402,Active,2023-01-21 14:00:00
U-11403,User_U-11403,Active,2023-01-17 14:00:00
U-11409,User_U-11409,Active,2023-01-27 14:00:00
U-11410,User_U-11410,Active,2023-01-22 14:00:00
U-11411,User_U-11411,Active,2023-01-23 14:00:00
U-11412,User_U-11412,Active,2023-01-27 14:00:00
U-11413,User_U-11413,Active,2023-01-16 14:00:00
U-11414,User_U-11414,Active,2023-01-24 14:00:00
U-11415,User_U-11415,Active,2023-01-19 14:00:00
U-11417,User_U-11417,Active,2023-01-25 14:00:00
U-11418,User_U-11418,Active,2023-01-24 14:00:00
U-11419,User_U-11419,Active,2023-01-20 14:00:00
U-11421,User_U-11421,Active,2023-01-26 14:00:00
U-11422,User_U-11422,Active,2023-01-26 14:00:00
U-11424,User_U-11424,Active,2023-01-28 14:00:00
U-11426,User_U-11426,Active,2023-01-28 14:00:00
U-11427,User_U-11427,Active,2023-01-27 14:00:00
U-11428,User_U-11428,Active,2023-01-23 14:00:00
U-11429,User_U-11429,Active,2023-01-23 14:00:00
U-11430,User_U-11430,Active,2023-01-07 14:00:00
U-11432,User_U-11432,Active,2023-01-29 14:00:00
U-11433,User_U-11433,Active,2023-01-20 14:00:00
U-11434,User_U-11434,Active,2023-01-07 14:00:00
U-11435,User_U-11435,Active,2023-01-16 14:00:00
U-11436,User_U-11436,Active,2023-01-20 14:00:00
U-11437,User_U-11437,Active,2023-01-10 14:00:00
U-11438,User_U-11438,Active,2023-01-20 14:00:00
U-11440,User_U-11440,Active,2023-01-11 14:00:00
U-11441,User_U-11441,Active,2023-01-25 14:00:00
U-11442,User_U-11442,Active,2023-01-10 14:00:00
U-11444,User_U-11444,Active,2023-01-20 14:00:00
U-11445,User_U-11445,Active,2023-01-26 14:00:00
U-11446,User_U-11446,Active,2023-01-18 14:00:00
U-11452,User_U-11452,Active,2023-01-16 14:00:00
U-11454,User_U-11454,Active,2023-01-14 14:00:00
U-11455,User_U-11455,Active,2023-01-28 14:00:00
U-11458,User_U-11458,Active,2023-01-10 14:00:00
U-11459,User_U-11459,Active,2023-01-29 14:00:00
U-11461,User_U-11461,Active,2023-01-11 14:00:00
U-11462,User_U-11462,Active,2023-01-10 14:00:00
U-11463,User_U-11463,Active,2023-01-14 14:00:00
U-11466,User_U-11466,Active,2023-01-11 14:00:00
U-11467,User_U-11467,Active,2023-01-05 14:00:00
U-11468,User_U-11468,Active,2023-01-21 14:00:00
U-11469,User_U-11469,Active,2023-01-22 14:00:00
U-11471,User_U-11471,Active,2023-01-15 14:00:00
U-11473,User_U-11473,Active,2023-01-05 14:00:00
U-11474,User_U-11474,Active,2023-01-20 14:00:00
U-11476,User_U-11476,Active,2023-01-21 14:00:00
U-11478,User_U-11478,Active,2023-01-29 14:00:00
U-11479,User_U-11479,Active,2023-01-21 14:00:00
U-11480,User_U-11480,Active,2023-01-12 14:00:00
U-11481,User_U-11481,Active,2023-01-14 14:00:00
U-11486,User_U-11486,Active,2023-01-23 14:00:00
U-11488,User_U-11488,Active,2023-01-16 14:00:00
U-11489,User_U-11489,Active,2023-01-21 14:00:00
U-11490,User_U-11490,Active,2023-01-17 14:00:00
U-11492,User_U-11492,Active,2023-01-15 14:00:00
U-11493,User_U-11493,Active,2023-01-20 14:00:00
U-11494,User_U-11494,Active,2023-01-16 14:00:00
U-11497,User_U-11497,Active,2023-01-29 14:00:00
U-11498,User_U-11498,Active,2023-01-16 14:00:00
U-11501,User_U-11501,Active,2023-01-22 14:00:00
U-11502,User_U-11502,Active,2023-01-28 14:00:00
U-11503,User_U-11503,Active,2023-01-16 14:00:00
U-11506,User_U-11506,Active,2023-01-02 14:00:00
U-11510,User_U-11510,Active,2023-01-21 14:00:00
U-11511,User_U-11511,Active,2023-01-28 14:00:00
U-11513,User_U-11513,Active,2023-01-06 14:00:00
U-11514,User_U-11514,Active,2023-01-16 14:00:00
U-11516,User_U-11516,Active,2023-01-23 14:00:00
U-11517,User_U-11517,Active,2023-01-14 14:00:00
U-11519,User_U-11519,Active,2023-01-02 14:00:00
U-11522,User_U-11522,Active,2023-01-30 14:00:00
U-11523,User_U-11523,Active,2023-01-20 14:00:00
U-11524,User_U-11524,Active,2023-01-19 14:00:00
U-11529,User_U-11529,Active,2023-01-28 14:00:00
U-11530,User_U-11530,Active,2023-01-06 14:00:00
U-11531,User_U-11531,Active,2023-01-24 14:00:00
U-11534,User_U-11534,Active,2023-01-27 14:00:00
U-11535,User_U-11535,Active,2023-01-02 14:00:00
U-11537,User_U-11537,Active,2023-01-17 14:00:00
U-11538,User_U-11538,Active,2023-01-12 14:00:00
U-11539,User_U-11539,Active,2023-01-24 14:00:00
U-11540,User_U-11540,Active,2023-01-25 14:00:00
U-11541,User_U-11541,Active,2023-01-23 14:00:00
U-11543,User_U-11543,Active,2023-01-20 14:00:00
U-11545,User_U-11545,Active,2023-01-14 14:00:00
U-11546,User_U-11546,Active,2023-01-03 14:00:00
U-11548,User_U-11548,Active,2023-01-09 14:00:00
U-11549,User_U-11549,Active,2023-01-25 14:00:00
U-11551,User_U-11551,Active,2023-01-20 14:00:00
U-11555,User_U-11555,Active,2023-01-28 14:00:00
U-11556,User_U-11556,Active,2023-01-26 14:00:00
U-11558,User_U-11558,Active,2023-01-27 14:00:00
U-11559,User_U-11559,Active,2023-01-11 14:00:00
U-11560,User_U-11560,Active,2023-01-22 14:00:00
U-11561,User_U-11561,Active,2023-01-10 14:00:00
U-11562,User_U-11562,Active,2023-01-28 14:00:00
U-11563,User_U-11563,Active,2023-01-23 14:00:00
U-11564,User_U-11564,Active,2023-01-04 14:00:00
U-11568,User_U-11568,Active,2023-01-09 14:00:00
U-11569,User_U-11569,Active,2023-01-27 14:00:00
U-11570,User_U-11570,Active,2023-01-20 14:00:00
U-11571,User_U-11571,Active,2023-01-05 14:00:00
U-11572,User_U-11572,Active,2023-01-02 14:00:00
U-11573,User_U-11573,Active,2023-01-09 14:00:00
U-11574,User_U-11574,Active,2023-01-18 14:00:00
U-11575,User_U-11575,Active,2023-01-25 14:00:00
U-11577,User_U-11577,Active,2023-01-21 14:00:00
U-11579,User_U-11579,Active,2023-01-09 14:00:00
U-11580,User_U-11580,Active,2023-01-13 14:00:00
U-11581,User_U-11581,Active,2023-01-05 14:00:00
U-11584,User_U-11584,Active,2023-01-17 14:00:00
U-11586,User_U-11586,Active,2023-01-09 14:00:00
U-11587,User_U-11587,Active,2023-01-13 14:00:00
U-11588,User_U-11588,Active,2023-01-23 14:00:00
U-11590,User_U-11590,Active,2023-01-07 14:00:00
U-11591,User_U-11591,Active,2023-01-04 14:00:00
U-11592,User_U-11592,Active,2023-01-22 14:00:00
U-11593,User_U-11593,Active,2023-01-05 14:00:00
U-11596,User_U-11596,Active,2023-01-16 14:00:00
U-11597,User_U-11597,Active,2023-01-17 14:00:00
U-11598,User_U-11598,Active,2023-01-11 14:00:00
U-11599,User_U-11599,Active,2023-01-18 14:00:00
U-11601,User_U-11601,Active,2023-01-26 14:00:00
U-11602,User_U-11602,Active,2023-01-02 14:00:00
U-11603,User_U-11603,Active,2023-01-26 14:00:00
U-11604,User_U-11604,Active,2023-01-24 14:00:00
U-11605,User_U-11605,Active,2023-01-17 14:00:00
U-11606,User_U-11606,Active,2023-01-17 14:00:00
U-11608,User_U-11608,Active,2023-01-21 14:00:00
U-11610,User_U-11610,Active,2023-01-15 14:00:00
U-11612,User_U-11612,Active,2023-01-23 14:00:00
U-11616,User_U-11616,Active,2023-01-20 14:00:00
U-11617,User_U-11617,Active,2023-01-17 14:00:00
U-11618,User_U-11618,Active,2023-01-13 14:00:00
U-11619,User_U-11619,Active,2023-01-06 14:00:00
U-11620,User_U-11620,Active,2023-01-18 14:00:00
U-11621,User_U-11621,Active,2023-01-10 14:00:00
U-11622,User_U-11622,Active,2023-01-30 14:00:00
U-11623,User_U-11623,Active,2023-01-14 14:00:00
U-11624,User_U-11624,Active,2023-01-19 14:00:00
U-11626,User_U-11626,Active,2023-01-28 14:00:00
U-11634,User_U-11634,Active,2023-01-06 14:00:00
U-11635,User_U-11635,Active,2023-01-25 14:00:00
U-11637,User_U-11637,Active,2023-01-12 14:00:00
U-11639,User_U-11639,Active,2023-01-13 14:00:00
U-11640,User_U-11640,Active,2023-01-02 14:00:00
U-11641,User_U-11641,Active,2023-01-14 14:00:00
U-11642,User_U-11642,Active,2023-01-14 14:00:00
U-11644,User_U-11644,Active,2023-01-08 14:00:00
U-11645,User_U-11645,Active,2023-01-12 14:00:00
U-11646,User_U-11646,Active,2023-01-08 14:00:00
U-11647,User_U-11647,Active,2023-01-08 14:00:00
U-11649,User_U-11649,Active,2023-01-17 14:00:00
U-11650,User_U-11650,Active,2023-01-07 14:00:00
U-11652,User_U-11652,Active,2023-01-30 14:00:00
U-11657,User_U-11657,Active,2023-01-27 14:00:00
U-11658,User_U-11658,Active,2023-01-06 14:00:00
U-11659,User_U-11659,Active,2023-01-06 14:00:00
U-11660,User_U-11660,Active,2023-01-18 14:00:00
U-11662,User_U-11662,Active,2023-01-26 14:00:00
U-11663,User_U-11663,Active,2023-01-08 14:00:00
U-11666,User_U-11666,Active,2023-01-24 14:00:00
U-11668,User_U-11668,Active,2023-01-02 14:00:00
U-11669,User_U-11669,Active,2023-01-25 14:00:00
U-11670,User_U-11670,Active,2023-01-29 14:00:00
U-11671,User_U-11671,Active,2023-01-05 14:00:00
U-11672,User_U-11672,Active,2023-01-08 14:00:00
U-11673,User_U-11673,Active,2023-01-09 14:00:00
U-11674,User_U-11674,Active,2023-01-20 14:00:00
U-11681,User_U-11681,Active,2023-01-07 14:00:00
U-11682,User_U-11682,Active,2023-01-07 14:00:00
U-11684,User_U-11684,Active,2023-01-21 14:00:00
U-11686,User_U-11686,Active,2023-01-06 14:00:00
U-11688,User_U-11688,Active,2023-01-06 14:00:00
U-11689,User_U-11689,Active,2023-01-17 14:00:00
U-11692,User_U-11692,Active,2023-01-14 14:00:00
U-11695,User_U-11695,Active,2023-01-30 14:00:00
U-11696,User_U-11696,Active,2023-01-24 14:00:00
U-11697,User_U-11697,Active,2023-01-08 14:00:00
U-11698,User_U-11698,Active,2023-01-30 14:00:00
U-11699,User_U-11699,Active,2023-01-07 14:00:00
U-11700,User_U-11700,Active,2023-01-18 14:00:00
U-11701,User_U-11701,Active,2023-01-18 14:00:00
U-11706,User_U-11706,Active,2023-01-11 14:00:00
U-11708,User_U-11708,Active,2023-01-11 14:00:00
U-11709,User_U-11709,Active,2023-01-27 14:00:00
U-11710,User_U-11710,Active,2023-01-07 14:00:00
U-11711,User_U-11711,Active,2023-01-20 14:00:00
U-11712,User_U-11712,Active,2023-01-07 14:00:00
U-11714,User_U-11714,Active,2023-01-10 14:00:00
U-11717,User_U-11717,Active,2023-01-29 14:00:00
U-11720,User_U-11720,Active,2023-01-13 14:00:00
U-11721,User_U-11721,Active,2023-01-11 14:00:00
U-11722,User_U-11722,Active,2023-01-17 14:00:00
U-11727,User_U-11727,Active,2023-01-19 14:00:00
U-11728,User_U-11728,Active,2023-01-25 14:00:00
U-11729,User_U-11729,Active,2023-01-15 14:00:00
U-11730,User_U-11730,Active,2023-01-14 14:00:00
U-11731,User_U-11731,Active,2023-01-07 14:00:00
U-11732,User_U-11732,Active,2023-01-02 14:00:00
U-11733,User_U-11733,Active,2023-01-20 14:00:00
U-11735,User_U-11735,Active,2023-01-05 14:00:00
U-11736,User_U-11736,Active,2023-01-16 14:00:00
U-11741,User_U-11741,Active,2023-01-08 14:00:00
U-11743,User_U-11743,Active,2023-01-12 14:00:00
U-11744,User_U-11744,Active,2023-01-16 14:00:00
U-11745,User_U-11745,Active,2023-01-16 14:00:00
U-11749,User_U-11749,Active,2023-01-09 14:00:00
U-11750,User_U-11750,Active,2023-01-20 14:00:00
U-11751,User_U-11751,Active,2023-01-23 14:00:00
U-11752,User_U-11752,Active,2023-01-21 14:00:00
U-11760,User_U-11760,Active,2023-01-23 14:00:00
U-11762,User_U-11762,Active,2023-01-25 14:00:00
U-11763,User_U-11763,Active,2023-01-30 14:00:00
U-11764,User_U-11764,Active,2023-01-28 14:00:00
U-11765,User_U-11765,Active,2023-01-18 14:00:00
U-11766,User_U-11766,Active,2023-01-15 14:00:00
U-11767,User_U-11767,Active,2023-01-06 14:00:00
U-11770,User_U-11770,Active,2023-01-09 14:00:00
U-11771,User_U-11771,Active,2023-01-02 14:00:00
U-11776,User_U-11776,Active,2023-01-06 14:00:00
U-11777,User_U-11777,Active,2023-01-15 14:00:00
U-11778,User_U-11778,Active,2023-01-27 14:00:00
U-11780,User_U-11780,Active,2023-01-17 14:00:00
U-11782,User_U-11782,Active,2023-01-29 14:00:00
U-11784,User_U-11784,Active,2023-01-24 14:00:00
U-11785,User_U-11785,Active,2023-01-02 14:00:00
U-11786,User_U-11786,Active,2023-01-28 14:00:00
U-11787,User_U-11787,Active,2023-01-15 14:00:00
U-11788,User_U-11788,Active,2023-01-02 14:00:00
U-11791,User_U-11791,Active,2023-01-04 14:00:00
U-11792,User_U-11792,Active,2023-01-30 14:00:00
U-11793,User_U-11793,Active,2023-01-19 14:00:00
U-11797,User_U-11797,Active,2023-01-07 14:00:00
U-11798,User_U-11798,Active,2023-01-12 14:00:00
U-11802,User_U-11802,Active,2023-01-03 14:00:00
U-11803,User_U-11803,Active,2023-01-30 14:00:00
U-11804,User_U-11804,Active,2023-01-27 14:00:00
U-11805,User_U-11805,Active,2023-01-22 14:00:00
U-11809,User_U-11809,Active,2023-01-29 14:00:00
U-11810,User_U-11810,Active,2023-01-26 14:00:00
U-11811,User_U-11811,Active,2023-01-07 14:00:00
U-11812,User_U-11812,Active,2023-01-14 14:00:00
U-11813,User_U-11813,Active,2023-01-26 14:00:00
U-11814,User_U-11814,Active,2023-01-26 14:00:00
U-11816,User_U-11816,Active,2023-01-05 14:00:00
U-11818,User_U-11818,Active,2023-01-16 14:00:00
U-11819,User_U-11819,Active,2023-01-17 14:00:00
U-11821,User_U-11821,Active,2023-01-28 14:00:00
U-11822,User_U-11822,Active,2023-01-20 14:00:00
U-11824,User_U-11824,Active,2023-01-24 14:00:00
U-11825,User_U-11825,Active,2023-01-06 14:00:00
U-11826,User_U-11826,Active,2023-01-08 14:00:00
U-11827,User_U-11827,Active,2023-01-05 14:00:00
U-11828,User_U-11828,Active,2023-01-30 14:00:00
U-11830,User_U-11830,Active,2023-01-12 14:00:00
U-11833,User_U-11833,Active,2023-01-21 14:00:00
U-11834,User_U-11834,Active,2023-01-05 14:00:00
U-11840,User_U-11840,Active,2023-01-25 14:00:00
U-11841,User_U-11841,Active,2023-01-24 14:00:00
U-11842,User_U-11842,Active,2023-01-28 14:00:00
U-11844,User_U-11844,Active,2023-01-14 14:00:00
U-11845,User_U-11845,Active,2023-01-21 14:00:00
U-11846,User_U-11846,Active,2023-01-05 14:00:00
U-11848,User_U-11848,Active,2023-01-23 14:00:00
U-11849,User_U-11849,Active,2023-01-09 14:00:00
U-11851,User_U-11851,Active,2023-01-07 14:00:00
U-11852,User_U-11852,Active,2023-01-17 14:00:00
U-11854,User_U-11854,Active,2023-01-25 14:00:00
U-11857,User_U-11857,Active,2023-01-27 14:00:00
U-11859,User_U-11859,Active,2023-01-25 14:00:00
U-11860,User_U-11860,Active,2023-01-10 14:00:00
U-11862,User_U-11862,Active,2023-01-14 14:00:00
U-11863,User_U-11863,Active,2023-01-27 14:00:00
U-11864,User_U-11864,Active,2023-01-10 14:00:00
U-11865,User_U-11865,Active,2023-01-16 14:00:00
U-11866,User_U-11866,Active,2023-01-09 14:00:00
U-11867,User_U-11867,Active,2023-01-04 14:00:00
U-11868,User_U-11868,Active,2023-01-10 14:00:00
U-11869,User_U-11869,Active,2023-01-22 14:00:00
U-11870,User_U-11870,Active,2023-01-21 14:00:00
U-11871,User_U-11871,Active,2023-01-08 14:00:00
U-11874,User_U-11874,Active,2023-01-14 14:00:00
U-11876,User_U-11876,Active,2023-01-24 14:00:00
U-11878,User_U-11878,Active,2023-01-22 14:00:00
U-11879,User_U-11879,Active,2023-01-26 14:00:00
U-11880,User_U-11880,Active,2023-01-16 14:00:00
U-11881,User_U-11881,Active,2023-01-12 14:00:00
U-11882,User_U-11882,Active,2023-01-22 14:00:00
U-11883,User_U-11883,Active,2023-01-15 14:00:00
U-11884,User_U-11884,Active,2023-01-17 14:00:00
U-11885,User_U-11885,Active,2023-01-06 14:00:00
U-11886,User_U-11886,Active,2023-01-16 14:00:00
U-11887,User_U-11887,Active,2023-01-16 14:00:00
U-11888,User_U-11888,Active,2023-01-28 14:00:00
U-11889,User_U-11889,Active,2023-01-02 14:00:00
U-11890,User_U-11890,Active,2023-01-03 14:00:00
U-11893,User_U-11893,Active,2023-01-17 14:00:00
U-11894,User_U-11894,Active,2023-01-07 14:00:00
U-11896,User_U-11896,Active,2023-01-13 14:00:00
U-11897,User_U-11897,Active,2023-01-14 14:00:00
U-11898,User_U-11898,Active,2023-01-29 14:00:00
U-11900,User_U-11900,Active,2023-01-20 14:00:00
U-11902,User_U-11902,Active,2023-01-09 14:00:00
U-11903,User_U-11903,Active,2023-01-29 14:00:00
U-11904,User_U-11904,Active,2023-01-08 14:00:00
U-11906,User_U-11906,Active,2023-01-26 14:00:00
U-11907,User_U-11907,Active,2023-01-26 14:00:00
U-11908,User_U-11908,Active,2023-01-09 14:00:00
U-11910,User_U-11910,Active,2023-01-28 14:00:00
U-11913,User_U-11913,Active,2023-01-27 14:00:00
U-11915,User_U-11915,Active,2023-01-07 14:00:00
U-11916,User_U-11916,Active,2023-01-13 14:00:00
U-11917,User_U-11917,Active,2023-01-24 14:00:00
U-11919,User_U-11919,Active,2023-01-24 14:00:00
U-11925,User_U-11925,Active,2023-01-29 14:00:00
U-11926,User_U-11926,Active,2023-01-13 14:00:00
U-11927,User_U-11927,Active,2023-01-18 14:00:00
U-11928,User_U-11928,Active,2023-01-12 14:00:00
U-11929,User_U-11929,Active,2023-01-03 14:00:00
U-11930,User_U-11930,Active,2023-01-02 14:00:00
U-11931,User_U-11931,Active,2023-01-06 14:00:00
U-11933,User_U-11933,Active,2023-01-09 14:00:00
U-11934,User_U-11934,Active,2023-01-18 14:00:00
U-11935,User_U-11935,Active,2023-01-22 14:00:00
U-11936,User_U-11936,Active,2023-01-06 14:00:00
U-11938,User_U-11938,Active,2023-01-17 14:00:00
U-11940,User_U-11940,Active,2023-01-07 14:00:00
U-11941,User_U-11941,Active,2023-01-16 14:00:00
U-11942,User_U-11942,Active,2023-01-09 14:00:00
U-11944,User_U-11944,Active,2023-01-24 14:00:00
U-11947,User_U-11947,Active,2023-01-24 14:00:00
U-11948,User_U-11948,Active,2023-01-03 14:00:00
U-11951,User_U-11951,Active,2023-01-22 14:00:00
U-11952,User_U-11952,Active,2023-01-18 14:00:00
U-11953,User_U-11953,Active,2023-01-16 14:00:00
U-11955,User_U-11955,Active,2023-01-08 14:00:00
U-11956,User_U-11956,Active,2023-01-25 14:00:00
U-11957,User_U-11957,Active,2023-01-14 14:00:00
U-11958,User_U-11958,Active,2023-01-09 14:00:00
U-11959,User_U-11959,Active,2023-01-20 14:00:00
U-11960,User_U-11960,Active,2023-01-16 14:00:00
U-11961,User_U-11961,Active,2023-01-28 14:00:00
U-11962,User_U-11962,Active,2023-01-10 14:00:00
U-11964,User_U-11964,Active,2023-01-29 14:00:00
U-11966,User_U-11966,Active,2023-01-02 14:00:00
U-11967,User_U-11967,Active,2023-01-14 14:00:00
U-11969,User_U-11969,Active,2023-01-26 14:00:00
U-11972,User_U-11972,Active,2023-01-23 14:00:00
U-11973,User_U-11973,Active,2023-01-21 14:00:00
U-11974,User_U-11974,Active,2023-01-09 14:00:00
U-11980,User_U-11980,Active,2023-01-13 14:00:00
U-11982,User_U-11982,Active,2023-01-27 14:00:00
U-11983,User_U-11983,Active,2023-01-19 14:00:00
U-11984,User_U-11984,Active,2023-01-18 14:00:00
U-11986,User_U-11986,Active,2023-01-13 14:00:00
U-11987,User_U-11987,Active,2023-01-07 14:00:00
U-11990,User_U-11990,Active,2023-01-07 14:00:00
U-11991,User_U-11991,Active,2023-01-15 14:00:00
U-11992,User_U-11992,Active,2023-01-16 14:00:00
U-11993,User_U-11993,Active,2023-01-26 14:00:00
U-11994,User_U-11994,Active,2023-01-29 14:00:00
U-11995,User_U-11995,Active,2023-01-18 14:00:00
U-11996,User_U-11996,Active,2023-01-11 14:00:00
U-11997,User_U-11997,Active,2023-01-29 14:00:00
U-11998,User_U-11998,Active,2023-01-24 14:00:00
U-11999,User_U-11999,Active,2023-01-25 14:00:00
U-12000,User_U-12000,Active,2023-01-15 14:00:00
U-12001,User_U-12001,Active,2023-01-05 14:00:00
U-12002,User_U-12002,Active,2023-01-03 14:00:00
U-12007,User_U-12007,Active,2023-01-07 14:00:00
U-12016,User_U-12016,Active,2023-01-26 14:00:00
U-12019,User_U-12019,Active,2023-01-19 14:00:00
U-12022,User_U-12022,Active,2023-01-25 14:00:00
U-12023,User_U-12023,Active,2023-01-27 14:00:00
U-12024,User_U-12024,Active,2023-01-27 14:00:00
U-12025,User_U-12025,Active,2023-01-12 14:00:00
U-12026,User_U-12026,Active,2023-01-16 14:00:00
U-12027,User_U-12027,Active,2023-01-11 14:00:00
U-12028,User_U-12028,Active,2023-01-20 14:00:00
U-12029,User_U-12029,Active,2023-01-25 14:00:00
U-12031,User_U-12031,Active,2023-01-30 14:00:00
U-12032,User_U-12032,Active,2023-01-09 14:00:00
U-12033,User_U-12033,Active,2023-01-02 14:00:00
U-12035,User_U-12035,Active,2023-01-15 14:00:00
U-12036,User_U-12036,Active,2023-01-10 14:00:00
U-12038,User_U-12038,Active,2023-01-29 14:00:00
U-12039,User_U-12039,Active,2023-01-24 14:00:00
U-12042,User_U-12042,Active,2023-01-20 14:00:00
U-12043,User_U-12043,Active,2023-01-19 14:00:00
U-12045,User_U-12045,Active,2023-01-12 14:00:00
U-12048,User_U-12048,Active,2023-01-03 14:00:00
U-12050,User_U-12050,Active,2023-01-24 14:00:00
U-12052,User_U-12052,Active,2023-01-25 14:00:00
U-12053,User_U-12053,Active,2023-01-10 14:00:00
U-12055,User_U-12055,Active,2023-01-07 14:00:00
U-12057,User_U-12057,Active,2023-01-10 14:00:00
U-12060,User_U-12060,Active,2023-01-06 14:00:00
U-12065,User_U-12065,Active,2023-01-02 14:00:00
U-12066,User_U-12066,Active,2023-01-29 14:00:00
U-12069,User_U-12069,Active,2023-01-09 14:00:00
U-12070,User_U-12070,Active,2023-01-22 14:00:00
U-12072,User_U-12072,Active,2023-01-13 14:00:00
U-12074,User_U-12074,Active,2023-01-03 14:00:00
U-12076,User_U-12076,Active,2023-01-27 14:00:00
U-12077,User_U-12077,Active,2023-01-19 14:00:00
U-12078,User_U-12078,Active,2023-01-23 14:00:00
U-12079,User_U-12079,Active,2023-01-09 14:00:00
U-12080,User_U-12080,Active,2023-01-13 14:00:00
U-12084,User_U-12084,Active,2023-01-11 14:00:00
U-12085,User_U-12085,Active,2023-01-30 14:00:00
U-12086,User_U-12086,Active,2023-01-26 14:00:00
U-12089,User_U-12089,Active,2023-01-30 14:00:00
U-12090,User_U-12090,Active,2023-01-06 14:00:00
U-12091,User_U-12091,Active,2023-01-29 14:00:00
U-12093,User_U-12093,Active,2023-01-28 14:00:00
U-12094,User_U-12094,Active,2023-01-12 14:00:00
U-12095,User_U-12095,Active,2023-01-30 14:00:00
U-12096,User_U-12096,Active,2023-01-11 14:00:00
U-12097,User_U-12097,Active,2023-01-13 14:00:00
U-12099,User_U-12099,Active,2023-01-26 14:00:00
U-12101,User_U-12101,Active,2023-01-21 14:00:00
U-12107,User_U-12107,Active,2023-01-12 14:00:00
U-12109,User_U-12109,Active,2023-01-20 14:00:00
U-12111,User_U-12111,Active,2023-01-12 14:00:00
U-12112,User_U-12112,Active,2023-01-21 14:00:00
U-12113,User_U-12113,Active,2023-01-30 14:00:00
U-12114,User_U-12114,Active,2023-01-21 14:00:00
U-12116,User_U-12116,Active,2023-01-17 14:00:00
U-12117,User_U-12117,Active,2023-01-03 14:00:00
U-12119,User_U-12119,Active,2023-01-14 14:00:00
U-12120,User_U-12120,Active,2023-01-29 14:00:00
U-12124,User_U-12124,Active,2023-01-12 14:00:00
U-12125,User_U-12125,Active,2023-01-12 14:00:00
U-12126,User_U-12126,Active,2023-01-11 14:00:00
U-12127,User_U-12127,Active,2023-01-11 14:00:00
U-12128,User_U-12128,Active,2023-01-27 14:00:00
U-12129,User_U-12129,Active,2023-01-12 14:00:00
U-12130,User_U-12130,Active,2023-01-30 14:00:00
U-12138,User_U-12138,Active,2023-01-25 14:00:00
U-12140,User_U-12140,Active,2023-01-23 14:00:00
U-12141,User_U-12141,Active,2023-01-14 14:00:00
U-12143,User_U-12143,Active,2023-01-05 14:00:00
U-12145,User_U-12145,Active,2023-01-08 14:00:00
U-12149,User_U-12149,Active,2023-01-22 14:00:00
U-12150,User_U-12150,Active,2023-01-23 14:00:00
U-12151,User_U-12151,Active,2023-01-28 14:00:00
U-12153,User_U-12153,Active,2023-01-02 14:00:00
U-12154,User_U-12154,Active,2023-01-24 14:00:00
U-12155,User_U-12155,Active,2023-01-24 14:00:00
U-12156,User_U-12156,Active,2023-01-09 14:00:00
U-12157,User_U-12157,Active,2023-01-16 14:00:00
U-12159,User_U-12159,Active,2023-01-29 14:00:00
U-12161,User_U-12161,Active,2023-01-20 14:00:00
U-12163,User_U-12163,Active,2023-01-03 14:00:00
U-12164,User_U-12164,Active,2023-01-06 14:00:00
U-12165,User_U-12165,Active,2023-01-21 14:00:00
U-12166,User_U-12166,Active,2023-01-10 14:00:00
U-12167,User_U-12167,Active,2023-01-17 14:00:00
U-12170,User_U-12170,Active,2023-01-16 14:00:00
U-12171,User_U-12171,Active,2023-01-08 14:00:00
U-12173,User_U-12173,Active,2023-01-05 14:00:00
U-12174,User_U-12174,Active,2023-01-03 14:00:00
U-12175,User_U-12175,Active,2023-01-27 14:00:00
U-12177,User_U-12177,Active,2023-01-26 14:00:00
U-12180,User_U-12180,Active,2023-01-05 14:00:00
U-12181,User_U-12181,Active,2023-01-26 14:00:00
U-12183,User_U-12183,Active,2023-01-27 14:00:00
U-12184,User_U-12184,Active,2023-01-11 14:00:00
U-12189,User_U-12189,Active,2023-01-11 14:00:00
U-12190,User_U-12190,Active,2023-01-05 14:00:00
U-12192,User_U-12192,Active,2023-01-06 14:00:00
U-12193,User_U-12193,Active,2023-01-15 14:00:00
U-12195,User_U-12195,Active,2023-01-23 14:00:00
U-12196,User_U-12196,Active,2023-01-14 14:00:00
U-12198,User_U-12198,Active,2023-01-11 14:00:00
U-12200,User_U-12200,Active,2023-01-11 14:00:00
U-12201,User_U-12201,Active,2023-01-09 14:00:00
U-12203,User_U-12203,Active,2023-01-13 14:00:00
U-12204,User_U-12204,Active,2023-01-02 14:00:00
U-12205,User_U-12205,Active,2023-01-15 14:00:00
U-12206,User_U-12206,Active,2023-01-30 14:00:00
U-12207,User_U-12207,Active,2023-01-26 14:00:00
U-12208,User_U-12208,Active,2023-01-15 14:00:00
U-12210,User_U-12210,Active,2023-01-07 14:00:00
U-12213,User_U-12213,Active,2023-01-02 14:00:00
U-12214,User_U-12214,Active,2023-01-24 14:00:00
U-12216,User_U-12216,Active,2023-01-25 14:00:00
U-12218,User_U-12218,Active,2023-01-30 14:00:00
U-12220,User_U-12220,Active,2023-01-02 14:00:00
U-12221,User_U-12221,Active,2023-01-26 14:00:00
U-12222,User_U-12222,Active,2023-01-17 14:00:00
U-12223,User_U-12223,Active,2023-01-06 14:00:00
U-12224,User_U-12224,Active,2023-01-30 14:00:00
U-12225,User_U-12225,Active,2023-01-14 14:00:00
U-12227,User_U-12227,Active,2023-01-21 14:00:00
U-12230,User_U-12230,Active,2023-01-15 14:00:00
U-12231,User_U-12231,Active,2023-01-11 14:00:00
U-12233,User_U-12233,Active,2023-01-03 14:00:00
U-12236,User_U-12236,Active,2023-01-03 14:00:00
U-12238,User_U-12238,Active,2023-01-02 14:00:00
U-12239,User_U-12239,Active,2023-01-02 14:00:00
U-12242,User_U-12242,Active,2023-01-05 14:00:00
U-12243,User_U-12243,Active,2023-01-02 14:00:00
U-12244,User_U-12244,Active,2023-01-15 14:00:00
U-12246,User_U-12246,Active,2023-01-02 14:00:00
U-12247,User_U-12247,Active,2023-01-24 14:00:00
U-12251,User_U-12251,Active,2023-01-29 14:00:00
U-12252,User_U-12252,Active,2023-01-08 14:00:00
U-12258,User_U-12258,Active,2023-01-17 14:00:00
U-12259,User_U-12259,Active,2023-01-18 14:00:00
U-12262,User_U-12262,Active,2023-01-28 14:00:00
U-12263,User_U-12263,Active,2023-01-10 14:00:00
U-12264,User_U-12264,Active,2023-01-16 14:00:00
U-12265,User_U-12265,Active,2023-01-02 14:00:00
U-12267,User_U-12267,Active,2023-01-05 14:00:00
U-12269,User_U-12269,Active,2023-01-24 14:00:00
U-12277,User_U-12277,Active,2023-01-06 14:00:00
U-12278,User_U-12278,Active,2023-01-21 14:00:00
U-12280,User_U-12280,Active,2023-01-09 14:00:00
U-12283,User_U-12283,Active,2023-01-15 14:00:00
U-12284,User_U-12284,Active,2023-01-22 14:00:00
U-12286,User_U-12286,Active,2023-01-05 14:00:00
U-12288,User_U-12288,Active,2023-01-30 14:00:00
U-12290,User_U-12290,Active,2023-01-30 14:00:00
U-12291,User_U-12291,Active,2023-01-15 14:00:00
U-12292,User_U-12292,Active,2023-01-09 14:00:00
U-12294,User_U-12294,Active,2023-01-03 14:00:00
U-12295,User_U-12295,Active,2023-01-19 14:00:00
U-12297,User_U-12297,Active,2023-01-11 14:00:00
U-12298,User_U-12298,Active,2023-01-29 14:00:00
U-12300,User_U-12300,Active,2023-01-16 14:00:00
U-12302,User_U-12302,Active,2023-01-20 14:00:00
U-12303,User_U-12303,Active,2023-01-06 14:00:00
U-12305,User_U-12305,Active,2023-01-09 14:00:00
U-12306,User_U-12306,Active,2023-01-29 14:00:00
U-12307,User_U-12307,Active,2023-01-13 14:00:00
U-12309,User_U-12309,Active,2023-01-04 14:00:00
U-12311,User_U-12311,Active,2023-01-27 14:00:00
U-12312,User_U-12312,Active,2023-01-28 14:00:00
U-12314,User_U-12314,Active,2023-01-02 14:00:00
U-12315,User_U-12315,Active,2023-01-25 14:00:00
U-12316,User_U-12316,Active,2023-01-04 14:00:00
U-12319,User_U-12319,Active,2023-01-06 14:00:00
U-12320,User_U-12320,Active,2023-01-27 14:00:00
U-12321,User_U-12321,Active,2023-01-05 14:00:00
U-12325,User_U-12325,Active,2023-01-22 14:00:00
U-12331,User_U-12331,Active,2023-01-07 14:00:00
U-12334,User_U-12334,Active,2023-01-26 14:00:00
U-12337,User_U-12337,Active,2023-01-17 14:00:00
U-12338,User_U-12338,Active,2023-01-14 14:00:00
U-12340,User_U-12340,Active,2023-01-05 14:00:00
U-12342,User_U-12342,Active,2023-01-16 14:00:00
U-12343,User_U-12343,Active,2023-01-18 14:00:00
U-12345,User_U-12345,Active,2023-01-30 14:00:00
U-12346,User_U-12346,Active,2023-01-17 14:00:00
U-12347,User_U-12347,Active,2023-01-11 14:00:00
U-12354,User_U-12354,Active,2023-01-05 14:00:00
U-12355,User_U-12355,Active,2023-01-04 14:00:00
U-12356,User_U-12356,Active,2023-01-16 14:00:00
U-12357,User_U-12357,Active,2023-01-18 14:00:00
U-12359,User_U-12359,Active,2023-01-27 14:00:00
U-12360,User_U-12360,Active,2023-01-10 14:00:00
U-12365,User_U-12365,Active,2023-01-11 14:00:00
U-12366,User_U-12366,Active,2023-01-06 14:00:00
U-12367,User_U-12367,Active,2023-01-18 14:00:00
U-12369,User_U-12369,Active,2023-01-23 14:00:00
U-12371,User_U-12371,Active,2023-01-20 14:00:00
U-12372,User_U-12372,Active,2023-01-06 14:00:00
U-12374,User_U-12374,Active,2023-01-25 14:00:00
U-12375,User_U-12375,Active,2023-01-17 14:00:00
U-12376,User_U-12376,Active,2023-01-23 14:00:00
U-12377,User_U-12377,Active,2023-01-14 14:00:00
U-12378,User_U-12378,Active,2023-01-04 14:00:00
U-12379,User_U-12379,Active,2023-01-24 14:00:00
U-12380,User_U-12380,Active,2023-01-22 14:00:00
U-12381,User_U-12381,Active,2023-01-02 14:00:00
U-12390,User_U-12390,Active,2023-01-26 14:00:00
U-12391,User_U-12391,Active,2023-01-05 14:00:00
U-12392,User_U-12392,Active,2023-01-25 14:00:00
U-12395,User_U-12395,Active,2023-01-13 14:00:00
U-12399,User_U-12399,Active,2023-01-27 14:00:00
U-12400,User_U-12400,Active,2023-01-08 14:00:00
U-12401,User_U-12401,Active,2023-01-14 14:00:00
U-12404,User_U-12404,Active,2023-01-04 14:00:00
U-12407,User_U-12407,Active,2023-01-11 14:00:00
U-12408,User_U-12408,Active,2023-01-19 14:00:00
U-12410,User_U-12410,Active,2023-01-16 14:00:00
U-12411,User_U-12411,Active,2023-01-17 14:00:00
U-12412,User_U-12412,Active,2023-01-27 14:00:00
U-12417,User_U-12417,Active,2023-01-10 14:00:00
U-12419,User_U-12419,Active,2023-01-24 14:00:00
U-12420,User_U-12420,Active,2023-01-08 14:00:00
U-12421,User_U-12421,Active,2023-01-27 14:00:00
U-12423,User_U-12423,Active,2023-01-04 14:00:00
U-12424,User_U-12424,Active,2023-01-16 14:00:00
U-12425,User_U-12425,Active,2023-01-05 14:00:00
U-12427,User_U-12427,Active,2023-01-16 14:00:00
U-12428,User_U-12428,Active,2023-01-27 14:00:00
U-12429,User_U-12429,Active,2023-01-02 14:00:00
U-12430,User_U-12430,Active,2023-01-15 14:00:00
U-12432,User_U-12432,Active,2023-01-15 14:00:00
U-12434,User_U-12434,Active,2023-01-11 14:00:00
U-12435,User_U-12435,Active,2023-01-04 14:00:00
U-12436,User_U-12436,Active,2023-01-05 14:00:00
U-12437,User_U-12437,Active,2023-01-09 14:00:00
U-12438,User_U-12438,Active,2023-01-30 14:00:00
U-12439,User_U-12439,Active,2023-01-26 14:00:00
U-12441,User_U-12441,Active,2023-01-23 14:00:00
U-12442,User_U-12442,Active,2023-01-20 14:00:00
U-12444,User_U-12444,Active,2023-01-21 14:00:00
U-12445,User_U-12445,Active,2023-01-26 14:00:00
U-12446,User_U-12446,Active,2023-01-27 14:00:00
U-12447,User_U-12447,Active,2023-01-24 14:00:00
U-12449,User_U-12449,Active,2023-01-09 14:00:00
U-12451,User_U-12451,Active,2023-01-29 14:00:00
U-12453,User_U-12453,Active,2023-01-08 14:00:00
U-12454,User_U-12454,Active,2023-01-07 14:00:00
U-12455,User_U-12455,Active,2023-01-11 14:00:00
U-12456,User_U-12456,Active,2023-01-02 14:00:00
U-12459,User_U-12459,Active,2023-01-19 14:00:00
U-12464,User_U-12464,Active,2023-01-09 14:00:00
U-12465,User_U-12465,Active,2023-01-17 14:00:00
U-12466,User_U-12466,Active,2023-01-08 14:00:00
U-12468,User_U-12468,Active,2023-01-02 14:00:00
U-12469,User_U-12469,Active,2023-01-07 14:00:00
U-12471,User_U-12471,Active,2023-01-20 14:00:00
U-12472,User_U-12472,Active,2023-01-06 14:00:00
U-12473,User_U-12473,Active,2023-01-04 14:00:00
U-12474,User_U-12474,Active,2023-01-13 14:00:00
U-12478,User_U-12478,Active,2023-01-23 14:00:00
U-12479,User_U-12479,Active,2023-01-04 14:00:00
U-12480,User_U-12480,Active,2023-01-05 14:00:00
U-12481,User_U-12481,Active,2023-01-27 14:00:00
U-12482,User_U-12482,Active,2023-01-16 14:00:00
U-12483,User_U-12483,Active,2023-01-30 14:00:00
U-12484,User_U-12484,Active,2023-01-03 14:00:00
U-12485,User_U-12485,Active,2023-01-06 14:00:00
U-12486,User_U-12486,Active,2023-01-15 14:00:00
U-12488,User_U-12488,Active,2023-01-15 14:00:00
U-12489,User_U-12489,Active,2023-01-13 14:00:00
U-12491,User_U-12491,Active,2023-01-14 14:00:00
U-12493,User_U-12493,Active,2023-01-25 14:00:00
U-12494,User_U-12494,Active,2023-01-15 14:00:00
U-12497,User_U-12497,Active,2023-01-09 14:00:00
U-12500,User_U-12500,Active,2023-01-12 14:00:00
U-12501,User_U-12501,Active,2023-01-28 14:00:00
U-12502,User_U-12502,Active,2023-01-10 14:00:00
U-12503,User_U-12503,Active,2023-01-24 14:00:00
U-12504,User_U-12504,Active,2023-01-27 14:00:00
U-12505,User_U-12505,Active,2023-01-04 14:00:00
U-12506,User_U-12506,Active,2023-01-18 14:00:00
U-12507,User_U-12507,Active,2023-01-02 14:00:00
U-12509,User_U-12509,Active,2023-01-09 14:00:00
U-12510,User_U-12510,Active,2023-01-22 14:00:00
U-12512,User_U-12512,Active,2023-01-28 14:00:00
U-12514,User_U-12514,Active,2023-01-16 14:00:00
U-12516,User_U-12516,Active,2023-01-21 14:00:00
U-12517,User_U-12517,Active,2023-01-17 14:00:00
U-12519,User_U-12519,Active,2023-01-15 14:00:00
U-12520,User_U-12520,Active,2023-01-27 14:00:00
U-12524,User_U-12524,Active,2023-01-03 14:00:00
U-12525,User_U-12525,Active,2023-01-11 14:00:00
U-12526,User_U-12526,Active,2023-01-09 14:00:00
U-12531,User_U-12531,Active,2023-01-16 14:00:00
U-12532,User_U-12532,Active,2023-01-08 14:00:00
U-12534,User_U-12534,Active,2023-01-18 14:00:00
U-12535,User_U-12535,Active,2023-01-04 14:00:00
U-12536,User_U-12536,Active,2023-01-12 14:00:00
U-12537,User_U-12537,Active,2023-01-14 14:00:00
U-12540,User_U-12540,Active,2023-01-02 14:00:00
U-12541,User_U-12541,Active,2023-01-13 14:00:00
U-12543,User_U-12543,Active,2023-01-27 14:00:00
U-12545,User_U-12545,Active,2023-01-10 14:00:00
U-12546,User_U-12546,Active,2023-01-28 14:00:00
U-12547,User_U-12547,Active,2023-01-27 14:00:00
U-12548,User_U-12548,Active,2023-01-03 14:00:00
U-12549,User_U-12549,Active,2023-01-11 14:00:00
U-12550,User_U-12550,Active,2023-01-27 14:00:00
U-12551,User_U-12551,Active,2023-01-03 14:00:00
U-12553,User_U-12553,Active,2023-01-10 14:00:00
U-12555,User_U-12555,Active,2023-01-12 14:00:00
U-12560,User_U-12560,Active,2023-01-16 14:00:00
U-12561,User_U-12561,Active,2023-01-13 14:00:00
U-12562,User_U-12562,Active,2023-01-13 14:00:00
U-12565,User_U-12565,Active,2023-01-27 14:00:00
U-12568,User_U-12568,Active,2023-01-02 14:00:00
U-12569,User_U-12569,Active,2023-01-20 14:00:00
U-12574,User_U-12574,Active,2023-01-07 14:00:00
U-12575,User_U-12575,Active,2023-01-27 14:00:00
U-12576,User_U-12576,Active,2023-01-28 14:00:00
U-12578,User_U-12578,Active,2023-01-08 14:00:00
U-12581,User_U-12581,Active,2023-01-29 14:00:00
U-12582,User_U-12582,Active,2023-01-20 14:00:00
U-12583,User_U-12583,Active,2023-01-20 14:00:00
U-12585,User_U-12585,Active,2023-01-18 14:00:00
U-12587,User_U-12587,Active,2023-01-19 14:00:00
U-12589,User_U-12589,Active,2023-01-02 14:00:00
U-12590,User_U-12590,Active,2023-01-25 14:00:00
U-12591,User_U-12591,Active,2023-01-25 14:00:00
U-12593,User_U-12593,Active,2023-01-29 14:00:00
U-12594,User_U-12594,Active,2023-01-14 14:00:00
U-12595,User_U-12595,Active,2023-01-13 14:00:00
U-12599,User_U-12599,Active,2023-01-04 14:00:00
U-12600,User_U-12600,Active,2023-01-25 14:00:00
U-12601,User_U-12601,Active,2023-01-24 14:00:00
U-12606,User_U-12606,Active,2023-01-06 14:00:00
U-12609,User_U-12609,Active,2023-01-10 14:00:00
U-12610,User_U-12610,Active,2023-01-12 14:00:00
U-12614,User_U-12614,Active,2023-01-22 14:00:00
U-12618,User_U-12618,Active,2023-01-25 14:00:00
U-12621,User_U-12621,Active,2023-01-18 14:00:00
U-12622,User_U-12622,Active,2023-01-03 14:00:00
U-12624,User_U-12624,Active,2023-01-07 14:00:00
U-12625,User_U-12625,Active,2023-01-17 14:00:00
U-12626,User_U-12626,Active,2023-01-04 14:00:00
U-12628,User_U-12628,Active,2023-01-05 14:00:00
U-12629,User_U-12629,Active,2023-01-04 14:00:00
U-12632,User_U-12632,Active,2023-01-24 14:00:00
U-12633,User_U-12633,Active,2023-01-20 14:00:00
U-12637,User_U-12637,Active,2023-01-05 14:00:00
U-12639,User_U-12639,Active,2023-01-30 14:00:00
U-12644,User_U-12644,Active,2023-01-04 14:00:00
U-12647,User_U-12647,Active,2023-01-25 14:00:00
U-12655,User_U-12655,Active,2023-01-23 14:00:00
U-12656,User_U-12656,Active,2023-01-14 14:00:00
U-12657,User_U-12657,Active,2023-01-09 14:00:00
U-12659,User_U-12659,Active,2023-01-27 14:00:00
U-12663,User_U-12663,Active,2023-01-21 14:00:00
U-12666,User_U-12666,Active,2023-01-07 14:00:00
U-12670,User_U-12670,Active,2023-01-11 14:00:00
U-12673,User_U-12673,Active,2023-01-11 14:00:00
U-12675,User_U-12675,Active,2023-01-10 14:00:00
U-12677,User_U-12677,Active,2023-01-26 14:00:00
U-12678,User_U-12678,Active,2023-01-27 14:00:00
U-12679,User_U-12679,Active,2023-01-28 14:00:00
U-12680,User_U-12680,Active,2023-01-27 14:00:00
U-12681,User_U-12681,Active,2023-01-24 14:00:00
U-12682,User_U-12682,Active,2023-01-21 14:00:00
U-12684,User_U-12684,Active,2023-01-23 14:00:00
U-12687,User_U-12687,Active,2023-01-27 14:00:00
U-12689,User_U-12689,Active,2023-01-26 14:00:00
U-12690,User_U-12690,Active,2023-01-16 14:00:00
U-12692,User_U-12692,Active,2023-01-12 14:00:00
U-12695,User_U-12695,Active,2023-01-20 14:00:00
U-12696,User_U-12696,Active,2023-01-11 14:00:00
U-12697,User_U-12697,Active,2023-01-12 14:00:00
U-12699,User_U-12699,Active,2023-01-12 14:00:00
U-12701,User_U-12701,Active,2023-01-26 14:00:00
U-12702,User_U-12702,Active,2023-01-12 14:00:00
U-12705,User_U-12705,Active,2023-01-26 14:00:00
U-12707,User_U-12707,Active,2023-01-27 14:00:00
U-12708,User_U-12708,Active,2023-01-16 14:00:00
U-12709,User_U-12709,Active,2023-01-12 14:00:00
U-12710,User_U-12710,Active,2023-01-18 14:00:00
U-12711,User_U-12711,Active,2023-01-12 14:00:00
U-12712,User_U-12712,Active,2023-01-18 14:00:00
U-12714,User_U-12714,Active,2023-01-05 14:00:00
U-12715,User_U-12715,Active,2023-01-28 14:00:00
U-12716,User_U-12716,Active,2023-01-30 14:00:00
U-12718,User_U-12718,Active,2023-01-21 14:00:00
U-12719,User_U-12719,Active,2023-01-11 14:00:00
U-12722,User_U-12722,Active,2023-01-12 14:00:00
U-12724,User_U-12724,Active,2023-01-05 14:00:00
U-12726,User_U-12726,Active,2023-01-15 14:00:00
U-12727,User_U-12727,Active,2023-01-16 14:00:00
U-12728,User_U-12728,Active,2023-01-19 14:00:00
U-12731,User_U-12731,Active,2023-01-30 14:00:00
U-12732,User_U-12732,Active,2023-01-21 14:00:00
U-12733,User_U-12733,Active,2023-01-20 14:00:00
U-12736,User_U-12736,Active,2023-01-19 14:00:00
U-12737,User_U-12737,Active,2023-01-22 14:00:00
U-12739,User_U-12739,Active,2023-01-23 14:00:00
U-12740,User_U-12740,Active,2023-01-02 14:00:00
U-12741,User_U-12741,Active,2023-01-16 14:00:00
U-12743,User_U-12743,Active,2023-01-06 14:00:00
U-12744,User_U-12744,Active,2023-01-15 14:00:00
U-12745,User_U-12745,Active,2023-01-09 14:00:00
U-12746,User_U-12746,Active,2023-01-10 14:00:00
U-12748,User_U-12748,Active,2023-01-14 14:00:00
U-12750,User_U-12750,Active,2023-01-03 14:00:00
U-12752,User_U-12752,Active,2023-01-06 14:00:00
U-12754,User_U-12754,Active,2023-01-19 14:00:00
U-12755,User_U-12755,Active,2023-01-06 14:00:00
U-12756,User_U-12756,Active,2023-01-13 14:00:00
U-12759,User_U-12759,Active,2023-01-17 14:00:00
U-12760,User_U-12760,Active,2023-01-26 14:00:00
U-12761,User_U-12761,Active,2023-01-06 14:00:00
U-12762,User_U-12762,Active,2023-01-26 14:00:00
U-12763,User_U-12763,Active,2023-01-02 14:00:00
U-12764,User_U-12764,Active,2023-01-02 14:00:00
U-12765,User_U-12765,Active,2023-01-10 14:00:00
U-12767,User_U-12767,Active,2023-01-04 14:00:00
U-12770,User_U-12770,Active,2023-01-20 14:00:00
U-12771,User_U-12771,Active,2023-01-18 14:00:00
U-12773,User_U-12773,Active,2023-01-02 14:00:00
U-12774,User_U-12774,Active,2023-01-12 14:00:00
U-12775,User_U-12775,Active,2023-01-16 14:00:00
U-12776,User_U-12776,Active,2023-01-19 14:00:00
U-12779,User_U-12779,Active,2023-01-11 14:00:00
U-12780,User_U-12780,Active,2023-01-19 14:00:00
U-12782,User_U-12782,Active,2023-01-07 14:00:00
U-12783,User_U-12783,Active,2023-01-02 14:00:00
U-12786,User_U-12786,Active,2023-01-04 14:00:00
U-12787,User_U-12787,Active,2023-01-09 14:00:00
U-12791,User_U-12791,Active,2023-01-28 14:00:00
U-12794,User_U-12794,Active,2023-01-29 14:00:00
U-12795,User_U-12795,Active,2023-01-17 14:00:00
U-12796,User_U-12796,Active,2023-01-05 14:00:00
U-12799,User_U-12799,Active,2023-01-30 14:00:00
U-12800,User_U-12800,Active,2023-01-05 14:00:00
U-12803,User_U-12803,Active,2023-01-03 14:00:00
U-12804,User_U-12804,Active,2023-01-09 14:00:00
U-12808,User_U-12808,Active,2023-01-30 14:00:00
U-12809,User_U-12809,Active,2023-01-26 14:00:00
U-12810,User_U-12810,Active,2023-01-18 14:00:00
U-12811,User_U-12811,Active,2023-01-28 14:00:00
U-12812,User_U-12812,Active,2023-01-22 14:00:00
U-12814,User_U-12814,Active,2023-01-06 14:00:00
U-12817,User_U-12817,Active,2023-01-17 14:00:00
U-12818,User_U-12818,Active,2023-01-07 14:00:00
U-12819,User_U-12819,Active,2023-01-30 14:00:00
U-12820,User_U-12820,Active,2023-01-07 14:00:00
U-12822,User_U-12822,Active,2023-01-16 14:00:00
U-12824,User_U-12824,Active,2023-01-05 14:00:00
U-12825,User_U-12825,Active,2023-01-16 14:00:00
U-12828,User_U-12828,Active,2023-01-21 14:00:00
U-12830,User_U-12830,Active,2023-01-16 14:00:00
U-12837,User_U-12837,Active,2023-01-22 14:00:00
U-12838,User_U-12838,Active,2023-01-17 14:00:00
U-12839,User_U-12839,Active,2023-01-30 14:00:00
U-12840,User_U-12840,Active,2023-01-25 14:00:00
U-12841,User_U-12841,Active,2023-01-06 14:00:00
U-12842,User_U-12842,Active,2023-01-07 14:00:00
U-12844,User_U-12844,Active,2023-01-24 14:00:00
U-12845,User_U-12845,Active,2023-01-25 14:00:00
U-12847,User_U-12847,Active,2023-01-20 14:00:00
U-12848,User_U-12848,Active,2023-01-19 14:00:00
U-12850,User_U-12850,Active,2023-01-30 14:00:00
U-12851,User_U-12851,Active,2023-01-28 14:00:00
U-12857,User_U-12857,Active,2023-01-28 14:00:00
U-12862,User_U-12862,Active,2023-01-04 14:00:00
U-12864,User_U-12864,Active,2023-01-22 14:00:00
U-12866,User_U-12866,Active,2023-01-20 14:00:00
U-12867,User_U-12867,Active,2023-01-05 14:00:00
U-12868,User_U-12868,Active,2023-01-20 14:00:00
U-12869,User_U-12869,Active,2023-01-16 14:00:00
U-12870,User_U-12870,Active,2023-01-09 14:00:00
U-12871,User_U-12871,Active,2023-01-29 14:00:00
U-12873,User_U-12873,Active,2023-01-02 14:00:00
U-12877,User_U-12877,Active,2023-01-14 14:00:00
U-12878,User_U-12878,Active,2023-01-29 14:00:00
U-12880,User_U-12880,Active,2023-01-16 14:00:00
U-12881,User_U-12881,Active,2023-01-05 14:00:00
U-12882,User_U-12882,Active,2023-01-17 14:00:00
U-12884,User_U-12884,Active,2023-01-09 14:00:00
U-12886,User_U-12886,Active,2023-01-30 14:00:00
U-12891,User_U-12891,Active,2023-01-22 14:00:00
U-12896,User_U-12896,Active,2023-01-25 14:00:00
U-12897,User_U-12897,Active,2023-01-20 14:00:00
U-12898,User_U-12898,Active,2023-01-30 14:00:00
U-12899,User_U-12899,Active,2023-01-24 14:00:00
U-12902,User_U-12902,Active,2023-01-25 14:00:00
U-12903,User_U-12903,Active,2023-01-14 14:00:00
U-12904,User_U-12904,Active,2023-01-30 14:00:00
U-12905,User_U-12905,Active,2023-01-06 14:00:00
U-12908,User_U-12908,Active,2023-01-29 14:00:00
U-12909,User_U-12909,Active,2023-01-22 14:00:00
U-12911,User_U-12911,Active,2023-01-11 14:00:00
U-12912,User_U-12912,Active,2023-01-27 14:00:00
U-12913,User_U-12913,Active,2023-01-27 14:00:00
U-12914,User_U-12914,Active,2023-01-27 14:00:00
U-12916,User_U-12916,Active,2023-01-23 14:00:00
U-12918,User_U-12918,Active,2023-01-25 14:00:00
U-12923,User_U-12923,Active,2023-01-09 14:00:00
U-12925,User_U-12925,Active,2023-01-29 14:00:00
U-12926,User_U-12926,Active,2023-01-26 14:00:00
U-12927,User_U-12927,Active,2023-01-20 14:00:00
U-12929,User_U-12929,Active,2023-01-28 14:00:00
U-12930,User_U-12930,Active,2023-01-28 14:00:00
U-12931,User_U-12931,Active,2023-01-03 14:00:00
U-12933,User_U-12933,Active,2023-01-30 14:00:00
U-12940,User_U-12940,Active,2023-01-08 14:00:00
U-12941,User_U-12941,Active,2023-01-30 14:00:00
U-12943,User_U-12943,Active,2023-01-07 14:00:00
U-12944,User_U-12944,Active,2023-01-11 14:00:00
U-12947,User_U-12947,Active,2023-01-22 14:00:00
U-12950,User_U-12950,Active,2023-01-27 14:00:00
U-12951,User_U-12951,Active,2023-01-12 14:00:00
U-12954,User_U-12954,Active,2023-01-15 14:00:00
U-12956,User_U-12956,Active,2023-01-16 14:00:00
U-12957,User_U-12957,Active,2023-01-06 14:00:00
U-12958,User_U-12958,Active,2023-01-19 14:00:00
U-12965,User_U-12965,Active,2023-01-23 14:00:00
U-12966,User_U-12966,Active,2023-01-12 14:00:00
U-12967,User_U-12967,Active,2023-01-22 14:00:00
U-12969,User_U-12969,Active,2023-01-16 14:00:00
U-12970,User_U-12970,Active,2023-01-08 14:00:00
U-12971,User_U-12971,Active,2023-01-20 14:00:00
U-12978,User_U-12978,Active,2023-01-15 14:00:00
U-12980,User_U-12980,Active,2023-01-30 14:00:00
U-12981,User_U-12981,Active,2023-01-17 14:00:00
U-12982,User_U-12982,Active,2023-01-12 14:00:00
U-12983,User_U-12983,Active,2023-01-29 14:00:00
U-12984,User_U-12984,Active,2023-01-29 14:00:00
U-12985,User_U-12985,Active,2023-01-28 14:00:00
U-12986,User_U-12986,Active,2023-01-21 14:00:00
U-12988,User_U-12988,Active,2023-01-24 14:00:00
U-12990,User_U-12990,Active,2023-01-24 14:00:00
U-12991,User_U-12991,Active,2023-01-24 14:00:00
U-12993,User_U-12993,Active,2023-01-19 14:00:00
U-12995,User_U-12995,Active,2023-01-22 14:00:00
U-12996,User_U-12996,Active,2023-01-04 14:00:00
U-12999,User_U-12999,Active,2023-01-12 14:00:00
U-13000,User_U-13000,Active,2023-01-06 14:00:00
U-13004,User_U-13004,Active,2023-01-15 14:00:00
U-13009,User_U-13009,Active,2023-01-11 14:00:00
U-13012,User_U-13012,Active,2023-01-29 14:00:00
U-13014,User_U-13014,Active,2023-01-03 14:00:00
U-13015,User_U-13015,Active,2023-01-28 14:00:00
U-13016,User_U-13016,Active,2023-01-05 14:00:00
U-13017,User_U-13017,Active,2023-01-07 14:00:00
U-13018,User_U-13018,Active,2023-01-18 14:00:00
U-13022,User_U-13022,Active,2023-01-14 14:00:00
U-13025,User_U-13025,Active,2023-01-05 14:00:00
U-13026,User_U-13026,Active,2023-01-11 14:00:00
U-13027,User_U-13027,Active,2023-01-07 14:00:00
U-13028,User_U-13028,Active,2023-01-21 14:00:00
U-13029,User_U-13029,Active,2023-01-06 14:00:00
U-13030,User_U-13030,Active,2023-01-27 14:00:00
U-13031,User_U-13031,Active,2023-01-16 14:00:00
U-13032,User_U-13032,Active,2023-01-29 14:00:00
U-13033,User_U-13033,Active,2023-01-10 14:00:00
U-13035,User_U-13035,Active,2023-01-17 14:00:00
U-13036,User_U-13036,Active,2023-01-26 14:00:00
U-13037,User_U-13037,Active,2023-01-23 14:00:00
U-13038,User_U-13038,Active,2023-01-05 14:00:00
U-13040,User_U-13040,Active,2023-01-09 14:00:00
U-13041,User_U-13041,Active,2023-01-13 14:00:00
U-13043,User_U-13043,Active,2023-01-22 14:00:00
U-13047,User_U-13047,Active,2023-01-04 14:00:00
U-13048,User_U-13048,Active,2023-01-29 14:00:00
U-13050,User_U-13050,Active,2023-01-21 14:00:00
U-13051,User_U-13051,Active,2023-01-12 14:00:00
U-13052,User_U-13052,Active,2023-01-02 14:00:00
U-13053,User_U-13053,Active,2023-01-09 14:00:00
U-13055,User_U-13055,Active,2023-01-14 14:00:00
U-13057,User_U-13057,Active,2023-01-17 14:00:00
U-13058,User_U-13058,Active,2023-01-18 14:00:00
U-13059,User_U-13059,Active,2023-01-26 14:00:00
U-13060,User_U-13060,Active,2023-01-11 14:00:00
U-13062,User_U-13062,Active,2023-01-05 14:00:00
U-13064,User_U-13064,Active,2023-01-03 14:00:00
U-13065,User_U-13065,Active,2023-01-30 14:00:00
U-13067,User_U-13067,Active,2023-01-16 14:00:00
U-13068,User_U-13068,Active,2023-01-02 14:00:00
U-13069,User_U-13069,Active,2023-01-12 14:00:00
U-13070,User_U-13070,Active,2023-01-30 14:00:00
U-13071,User_U-13071,Active,2023-01-08 14:00:00
U-13072,User_U-13072,Active,2023-01-25 14:00:00
U-13073,User_U-13073,Active,2023-01-24 14:00:00
U-13075,User_U-13075,Active,2023-01-07 14:00:00
U-13076,User_U-13076,Active,2023-01-20 14:00:00
U-13079,User_U-13079,Active,2023-01-07 14:00:00
U-13080,User_U-13080,Active,2023-01-10 14:00:00
U-13081,User_U-13081,Active,2023-01-18 14:00:00
U-13083,User_U-13083,Active,2023-01-23 14:00:00
U-13084,User_U-13084,Active,2023-01-03 14:00:00
U-13087,User_U-13087,Active,2023-01-17 14:00:00
U-13088,User_U-13088,Active,2023-01-22 14:00:00
U-13090,User_U-13090,Active,2023-01-30 14:00:00
U-13091,User_U-13091,Active,2023-01-26 14:00:00
U-13093,User_U-13093,Active,2023-01-29 14:00:00
U-13095,User_U-13095,Active,2023-01-05 14:00:00
U-13096,User_U-13096,Active,2023-01-16 14:00:00
U-13099,User_U-13099,Active,2023-01-29 14:00:00
U-13100,User_U-13100,Active,2023-01-23 14:00:00
U-13103,User_U-13103,Active,2023-01-19 14:00:00
U-13105,User_U-13105,Active,2023-01-20 14:00:00
U-13107,User_U-13107,Active,2023-01-06 14:00:00
U-13108,User_U-13108,Active,2023-01-23 14:00:00
U-13109,User_U-13109,Active,2023-01-12 14:00:00
U-13110,User_U-13110,Active,2023-01-19 14:00:00
U-13113,User_U-13113,Active,2023-01-30 14:00:00
U-13115,User_U-13115,Active,2023-01-06 14:00:00
U-13118,User_U-13118,Active,2023-01-08 14:00:00
U-13119,User_U-13119,Active,2023-01-12 14:00:00
U-13120,User_U-13120,Active,2023-01-16 14:00:00
U-13122,User_U-13122,Active,2023-01-04 14:00:00
U-13123,User_U-13123,Active,2023-01-08 14:00:00
U-13124,User_U-13124,Active,2023-01-07 14:00:00
U-13130,User_U-13130,Active,2023-01-12 14:00:00
U-13131,User_U-13131,Active,2023-01-12 14:00:00
U-13132,User_U-13132,Active,2023-01-27 14:00:00
U-13133,User_U-13133,Active,2023-01-09 14:00:00
U-13134,User_U-13134,Active,2023-01-05 14:00:00
U-13135,User_U-13135,Active,2023-01-11 14:00:00
U-13138,User_U-13138,Active,2023-01-15 14:00:00
U-13139,User_U-13139,Active,2023-01-20 14:00:00
U-13142,User_U-13142,Active,2023-01-18 14:00:00
U-13144,User_U-13144,Active,2023-01-02 14:00:00
U-13146,User_U-13146,Active,2023-01-19 14:00:00
U-13147,User_U-13147,Active,2023-01-24 14:00:00
U-13151,User_U-13151,Active,2023-01-18 14:00:00
U-13154,User_U-13154,Active,2023-01-30 14:00:00
U-13157,User_U-13157,Active,2023-01-17 14:00:00
U-13158,User_U-13158,Active,2023-01-07 14:00:00
U-13161,User_U-13161,Active,2023-01-21 14:00:00
U-13162,User_U-13162,Active,2023-01-11 14:00:00
U-13163,User_U-13163,Active,2023-01-19 14:00:00
U-13164,User_U-13164,Active,2023-01-24 14:00:00
U-13165,User_U-13165,Active,2023-01-04 14:00:00
U-13167,User_U-13167,Active,2023-01-22 14:00:00
U-13169,User_U-13169,Active,2023-01-04 14:00:00
U-13170,User_U-13170,Active,2023-01-08 14:00:00
U-13171,User_U-13171,Active,2023-01-28 14:00:00
U-13172,User_U-13172,Active,2023-01-13 14:00:00
U-13174,User_U-13174,Active,2023-01-08 14:00:00
U-13175,User_U-13175,Active,2023-01-09 14:00:00
U-13177,User_U-13177,Active,2023-01-10 14:00:00
U-13178,User_U-13178,Active,2023-01-18 14:00:00
U-13180,User_U-13180,Active,2023-01-05 14:00:00
U-13181,User_U-13181,Active,2023-01-13 14:00:00
U-13183,User_U-13183,Active,2023-01-08 14:00:00
U-13184,User_U-13184,Active,2023-01-12 14:00:00
U-13188,User_U-13188,Active,2023-01-16 14:00:00
U-13189,User_U-13189,Active,2023-01-24 14:00:00
U-13190,User_U-13190,Active,2023-01-16 14:00:00
U-13191,User_U-13191,Active,2023-01-24 14:00:00
U-13193,User_U-13193,Active,2023-01-22 14:00:00
U-13194,User_U-13194,Active,2023-01-29 14:00:00
U-13196,User_U-13196,Active,2023-01-20 14:00:00
U-13199,User_U-13199,Active,2023-01-13 14:00:00
U-13201,User_U-13201,Active,2023-01-11 14:00:00
U-13205,User_U-13205,Active,2023-01-18 14:00:00
U-13206,User_U-13206,Active,2023-01-27 14:00:00
U-13208,User_U-13208,Active,2023-01-17 14:00:00
U-13210,User_U-13210,Active,2023-01-20 14:00:00
U-13211,User_U-13211,Active,2023-01-03 14:00:00
U-13212,User_U-13212,Active,2023-01-09 14:00:00
U-13214,User_U-13214,Active,2023-01-30 14:00:00
U-13217,User_U-13217,Active,2023-01-07 14:00:00
U-13218,User_U-13218,Active,2023-01-16 14:00:00
U-13219,User_U-13219,Active,2023-01-20 14:00:00
U-13220,User_U-13220,Active,2023-01-02 14:00:00
U-13221,User_U-13221,Active,2023-01-07 14:00:00
U-13225,User_U-13225,Active,2023-01-06 14:00:00
U-13226,User_U-13226,Active,2023-01-23 14:00:00
U-13228,User_U-13228,Active,2023-01-02 14:00:00
U-13231,User_U-13231,Active,2023-01-16 14:00:00
U-13232,User_U-13232,Active,2023-01-10 14:00:00
U-13235,User_U-13235,Active,2023-01-22 14:00:00
U-13237,User_U-13237,Active,2023-01-22 14:00:00
U-13238,User_U-13238,Active,2023-01-21 14:00:00
U-13241,User_U-13241,Active,2023-01-04 14:00:00
U-13242,User_U-13242,Active,2023-01-11 14:00:00
U-13243,User_U-13243,Active,2023-01-08 14:00:00
U-13244,User_U-13244,Active,2023-01-05 14:00:00
U-13246,User_U-13246,Active,2023-01-10 14:00:00
U-13248,User_U-13248,Active,2023-01-07 14:00:00
U-13251,User_U-13251,Active,2023-01-25 14:00:00
U-13252,User_U-13252,Active,2023-01-28 14:00:00
U-13254,User_U-13254,Active,2023-01-20 14:00:00
U-13255,User_U-13255,Active,2023-01-29 14:00:00
U-13258,User_U-13258,Active,2023-01-02 14:00:00
U-13260,User_U-13260,Active,2023-01-22 14:00:00
U-13262,User_U-13262,Active,2023-01-21 14:00:00
U-13263,User_U-13263,Active,2023-01-17 14:00:00
U-13267,User_U-13267,Active,2023-01-26 14:00:00
U-13268,User_U-13268,Active,2023-01-18 14:00:00
U-13269,User_U-13269,Active,2023-01-20 14:00:00
U-13271,User_U-13271,Active,2023-01-18 14:00:00
U-13272,User_U-13272,Active,2023-01-13 14:00:00
U-13274,User_U-13274,Active,2023-01-04 14:00:00
U-13275,User_U-13275,Active,2023-01-14 14:00:00
U-13276,User_U-13276,Active,2023-01-16 14:00:00
U-13277,User_U-13277,Active,2023-01-20 14:00:00
U-13279,User_U-13279,Active,2023-01-26 14:00:00
U-13280,User_U-13280,Active,2023-01-20 14:00:00
U-13281,User_U-13281,Active,2023-01-30 14:00:00
U-13282,User_U-13282,Active,2023-01-09 14:00:00
U-13285,User_U-13285,Active,2023-01-12 14:00:00
U-13287,User_U-13287,Active,2023-01-10 14:00:00
U-13289,User_U-13289,Active,2023-01-10 14:00:00
U-13290,User_U-13290,Active,2023-01-28 14:00:00
U-13291,User_U-13291,Active,2023-01-06 14:00:00
U-13292,User_U-13292,Active,2023-01-30 14:00:00
U-13294,User_U-13294,Active,2023-01-25 14:00:00
U-13296,User_U-13296,Active,2023-01-15 14:00:00
U-13297,User_U-13297,Active,2023-01-15 14:00:00
U-13300,User_U-13300,Active,2023-01-25 14:00:00
U-13303,User_U-13303,Active,2023-01-05 14:00:00
U-13305,User_U-13305,Active,2023-01-22 14:00:00
U-13308,User_U-13308,Active,2023-01-06 14:00:00
U-13309,User_U-13309,Active,2023-01-17 14:00:00
U-13310,User_U-13310,Active,2023-01-22 14:00:00
U-13313,User_U-13313,Active,2023-01-28 14:00:00
U-13315,User_U-13315,Active,2023-01-15 14:00:00
U-13317,User_U-13317,Active,2023-01-05 14:00:00
U-13318,User_U-13318,Active,2023-01-15 14:00:00
U-13319,User_U-13319,Active,2023-01-07 14:00:00
U-13321,User_U-13321,Active,2023-01-18 14:00:00
U-13322,User_U-13322,Active,2023-01-14 14:00:00
U-13323,User_U-13323,Active,2023-01-28 14:00:00
U-13325,User_U-13325,Active,2023-01-28 14:00:00
U-13326,User_U-13326,Active,2023-01-10 14:00:00
U-13327,User_U-13327,Active,2023-01-18 14:00:00
U-13328,User_U-13328,Active,2023-01-29 14:00:00
U-13329,User_U-13329,Active,2023-01-06 14:00:00
U-13330,User_U-13330,Active,2023-01-20 14:00:00
U-13331,User_U-13331,Active,2023-01-09 14:00:00
U-13333,User_U-13333,Active,2023-01-14 14:00:00
U-13334,User_U-13334,Active,2023-01-21 14:00:00
U-13337,User_U-13337,Active,2023-01-15 14:00:00
U-13338,User_U-13338,Active,2023-01-24 14:00:00
U-13339,User_U-13339,Active,2023-01-02 14:00:00
U-13340,User_U-13340,Active,2023-01-30 14:00:00
U-13341,User_U-13341,Active,2023-01-12 14:00:00
U-13343,User_U-13343,Active,2023-01-14 14:00:00
U-13346,User_U-13346,Active,2023-01-23 14:00:00
U-13351,User_U-13351,Active,2023-01-25 14:00:00
U-13352,User_U-13352,Active,2023-01-14 14:00:00
U-13353,User_U-13353,Active,2023-01-25 14:00:00
U-13360,User_U-13360,Active,2023-01-30 14:00:00
U-13361,User_U-13361,Active,2023-01-18 14:00:00
U-13364,User_U-13364,Active,2023-01-04 14:00:00
U-13366,User_U-13366,Active,2023-01-23 14:00:00
U-13367,User_U-13367,Active,2023-01-13 14:00:00
U-13368,User_U-13368,Active,2023-01-09 14:00:00
U-13369,User_U-13369,Active,2023-01-09 14:00:00
U-13370,User_U-13370,Active,2023-01-26 14:00:00
U-13372,User_U-13372,Active,2023-01-30 14:00:00
U-13377,User_U-13377,Active,2023-01-30 14:00:00
U-13378,User_U-13378,Active,2023-01-02 14:00:00
U-13379,User_U-13379,Active,2023-01-17 14:00:00
U-13380,User_U-13380,Active,2023-01-06 14:00:00
U-13382,User_U-13382,Active,2023-01-16 14:00:00
U-13384,User_U-13384,Active,2023-01-03 14:00:00
U-13388,User_U-13388,Active,2023-01-20 14:00:00
U-13393,User_U-13393,Active,2023-01-14 14:00:00
U-13394,User_U-13394,Active,2023-01-17 14:00:00
U-13395,User_U-13395,Active,2023-01-08 14:00:00
U-13396,User_U-13396,Active,2023-01-06 14:00:00
U-13398,User_U-13398,Active,2023-01-05 14:00:00
U-13399,User_U-13399,Active,2023-01-20 14:00:00
U-13400,User_U-13400,Active,2023-01-21 14:00:00
U-13402,User_U-13402,Active,2023-01-15 14:00:00
U-13404,User_U-13404,Active,2023-01-05 14:00:00
U-13410,User_U-13410,Active,2023-01-21 14:00:00
U-13412,User_U-13412,Active,2023-01-26 14:00:00
U-13413,User_U-13413,Active,2023-01-30 14:00:00
U-13414,User_U-13414,Active,2023-01-17 14:00:00
U-13417,User_U-13417,Active,2023-01-17 14:00:00
U-13419,User_U-13419,Active,2023-01-27 14:00:00
U-13420,User_U-13420,Active,2023-01-11 14:00:00
U-13424,User_U-13424,Active,2023-01-04 14:00:00
U-13429,User_U-13429,Active,2023-01-28 14:00:00
U-13430,User_U-13430,Active,2023-01-09 14:00:00
U-13431,User_U-13431,Active,2023-01-03 14:00:00
U-13433,User_U-13433,Active,2023-01-11 14:00:00
U-13434,User_U-13434,Active,2023-01-25 14:00:00
U-13435,User_U-13435,Active,2023-01-20 14:00:00
U-13439,User_U-13439,Active,2023-01-20 14:00:00
U-13441,User_U-13441,Active,2023-01-30 14:00:00
U-13443,User_U-13443,Active,2023-01-24 14:00:00
U-13447,User_U-13447,Active,2023-01-18 14:00:00
U-13451,User_U-13451,Active,2023-01-25 14:00:00
U-13452,User_U-13452,Active,2023-01-16 14:00:00
U-13458,User_U-13458,Active,2023-01-16 14:00:00
U-13459,User_U-13459,Active,2023-01-24 14:00:00
U-13461,User_U-13461,Active,2023-01-23 14:00:00
U-13463,User_U-13463,Active,2023-01-22 14:00:00
U-13464,User_U-13464,Active,2023-01-02 14:00:00
U-13465,User_U-13465,Active,2023-01-29 14:00:00
U-13469,User_U-13469,Active,2023-01-18 14:00:00
U-13470,User_U-13470,Active,2023-01-22 14:00:00
U-13471,User_U-13471,Active,2023-01-24 14:00:00
U-13472,User_U-13472,Active,2023-01-14 14:00:00
U-13473,User_U-13473,Active,2023-01-29 14:00:00
U-13474,User_U-13474,Active,2023-01-04 14:00:00
U-13475,User_U-13475,Active,2023-01-22 14:00:00
U-13478,User_U-13478,Active,2023-01-30 14:00:00
U-13480,User_U-13480,Active,2023-01-14 14:00:00
U-13481,User_U-13481,Active,2023-01-23 14:00:00
U-13482,User_U-13482,Active,2023-01-19 14:00:00
U-13487,User_U-13487,Active,2023-01-05 14:00:00
U-13490,User_U-13490,Active,2023-01-21 14:00:00
U-13491,User_U-13491,Active,2023-01-15 14:00:00
U-13492,User_U-13492,Active,2023-01-19 14:00:00
U-13494,User_U-13494,Active,2023-01-28 14:00:00
U-13495,User_U-13495,Active,2023-01-23 14:00:00
U-13498,User_U-13498,Active,2023-01-21 14:00:00
U-13499,User_U-13499,Active,2023-01-29 14:00:00
U-13501,User_U-13501,Active,2023-01-15 14:00:00
U-13502,User_U-13502,Active,2023-01-15 14:00:00
U-13506,User_U-13506,Active,2023-01-09 14:00:00
U-13508,User_U-13508,Active,2023-01-29 14:00:00
U-13509,User_U-13509,Active,2023-01-05 14:00:00
U-13510,User_U-13510,Active,2023-01-21 14:00:00
U-13511,User_U-13511,Active,2023-01-10 14:00:00
U-13512,User_U-13512,Active,2023-01-18 14:00:00
U-13516,User_U-13516,Active,2023-01-22 14:00:00
U-13519,User_U-13519,Active,2023-01-13 14:00:00
U-13520,User_U-13520,Active,2023-01-13 14:00:00
U-13521,User_U-13521,Active,2023-01-07 14:00:00
U-13522,User_U-13522,Active,2023-01-16 14:00:00
U-13523,User_U-13523,Active,2023-01-30 14:00:00
U-13525,User_U-13525,Active,2023-01-30 14:00:00
U-13526,User_U-13526,Active,2023-01-11 14:00:00
U-13528,User_U-13528,Active,2023-01-30 14:00:00
U-13529,User_U-13529,Active,2023-01-23 14:00:00
U-13530,User_U-13530,Active,2023-01-18 14:00:00
U-13534,User_U-13534,Active,2023-01-17 14:00:00
U-13535,User_U-13535,Active,2023-01-28 14:00:00
U-13539,User_U-13539,Active,2023-01-10 14:00:00
U-13542,User_U-13542,Active,2023-01-10 14:00:00
U-13544,User_U-13544,Active,2023-01-17 14:00:00
U-13546,User_U-13546,Active,2023-01-11 14:00:00
U-13548,User_U-13548,Active,2023-01-27 14:00:00
U-13551,User_U-13551,Active,2023-01-04 14:00:00
U-13552,User_U-13552,Active,2023-01-20 14:00:00
U-13553,User_U-13553,Active,2023-01-21 14:00:00
U-13554,User_U-13554,Active,2023-01-15 14:00:00
U-13555,User_U-13555,Active,2023-01-10 14:00:00
U-13557,User_U-13557,Active,2023-01-30 14:00:00
U-13560,User_U-13560,Active,2023-01-30 14:00:00
U-13561,User_U-13561,Active,2023-01-08 14:00:00
U-13563,User_U-13563,Active,2023-01-17 14:00:00
U-13564,User_U-13564,Active,2023-01-03 14:00:00
U-13567,User_U-13567,Active,2023-01-15 14:00:00
U-13569,User_U-13569,Active,2023-01-07 14:00:00
U-13570,User_U-13570,Active,2023-01-26 14:00:00
U-13573,User_U-13573,Active,2023-01-16 14:00:00
U-13574,User_U-13574,Active,2023-01-06 14:00:00
U-13576,User_U-13576,Active,2023-01-20 14:00:00
U-13577,User_U-13577,Active,2023-01-03 14:00:00
U-13579,User_U-13579,Active,2023-01-15 14:00:00
U-13581,User_U-13581,Active,2023-01-17 14:00:00
U-13582,User_U-13582,Active,2023-01-12 14:00:00
U-13583,User_U-13583,Active,2023-01-20 14:00:00
U-13584,User_U-13584,Active,2023-01-28 14:00:00
U-13586,User_U-13586,Active,2023-01-16 14:00:00
U-13587,User_U-13587,Active,2023-01-16 14:00:00
U-13589,User_U-13589,Active,2023-01-21 14:00:00
U-13590,User_U-13590,Active,2023-01-03 14:00:00
U-13597,User_U-13597,Active,2023-01-07 14:00:00
U-13598,User_U-13598,Active,2023-01-06 14:00:00
U-13599,User_U-13599,Active,2023-01-29 14:00:00
U-13600,User_U-13600,Active,2023-01-11 14:00:00
U-13603,User_U-13603,Active,2023-01-14 14:00:00
U-13609,User_U-13609,Active,2023-01-07 14:00:00
U-13610,User_U-13610,Active,2023-01-07 14:00:00
U-13612,User_U-13612,Active,2023-01-24 14:00:00
U-13613,User_U-13613,Active,2023-01-10 14:00:00
U-13614,User_U-13614,Active,2023-01-18 14:00:00
U-13616,User_U-13616,Active,2023-01-08 14:00:00
U-13618,User_U-13618,Active,2023-01-16 14:00:00
U-13619,User_U-13619,Active,2023-01-05 14:00:00
U-13620,User_U-13620,Active,2023-01-10 14:00:00
U-13621,User_U-13621,Active,2023-01-12 14:00:00
U-13622,User_U-13622,Active,2023-01-28 14:00:00
U-13625,User_U-13625,Active,2023-01-21 14:00:00
U-13629,User_U-13629,Active,2023-01-15 14:00:00
U-13630,User_U-13630,Active,2023-01-05 14:00:00
U-13633,User_U-13633,Active,2023-01-07 14:00:00
U-13636,User_U-13636,Active,2023-01-18 14:00:00
U-13639,User_U-13639,Active,2023-01-23 14:00:00
U-13641,User_U-13641,Active,2023-01-04 14:00:00
U-13642,User_U-13642,Active,2023-01-06 14:00:00
U-13644,User_U-13644,Active,2023-01-02 14:00:00
U-13645,User_U-13645,Active,2023-01-12 14:00:00
U-13647,User_U-13647,Active,2023-01-03 14:00:00
U-13649,User_U-13649,Active,2023-01-15 14:00:00
U-13650,User_U-13650,Active,2023-01-08 14:00:00
U-13651,User_U-13651,Active,2023-01-22 14:00:00
U-13652,User_U-13652,Active,2023-01-30 14:00:00
U-13653,User_U-13653,Active,2023-01-15 14:00:00
U-13654,User_U-13654,Active,2023-01-09 14:00:00
U-13655,User_U-13655,Active,2023-01-21 14:00:00
U-13656,User_U-13656,Active,2023-01-05 14:00:00
U-13658,User_U-13658,Active,2023-01-23 14:00:00
U-13659,User_U-13659,Active,2023-01-04 14:00:00
U-13660,User_U-13660,Active,2023-01-12 14:00:00
U-13662,User_U-13662,Active,2023-01-08 14:00:00
U-13663,User_U-13663,Active,2023-01-15 14:00:00
U-13664,User_U-13664,Active,2023-01-03 14:00:00
U-13665,User_U-13665,Active,2023-01-29 14:00:00
U-13668,User_U-13668,Active,2023-01-04 14:00:00
U-13670,User_U-13670,Active,2023-01-11 14:00:00
U-13671,User_U-13671,Active,2023-01-06 14:00:00
U-13673,User_U-13673,Active,2023-01-06 14:00:00
U-13675,User_U-13675,Active,2023-01-17 14:00:00
U-13676,User_U-13676,Active,2023-01-27 14:00:00
U-13680,User_U-13680,Active,2023-01-27 14:00:00
U-13681,User_U-13681,Active,2023-01-03 14:00:00
U-13682,User_U-13682,Active,2023-01-29 14:00:00
U-13683,User_U-13683,Active,2023-01-10 14:00:00
U-13684,User_U-13684,Active,2023-01-09 14:00:00
U-13685,User_U-13685,Active,2023-01-28 14:00:00
U-13686,User_U-13686,Active,2023-01-14 14:00:00
U-13689,User_U-13689,Active,2023-01-29 14:00:00
U-13690,User_U-13690,Active,2023-01-27 14:00:00
U-13691,User_U-13691,Active,2023-01-11 14:00:00
U-13692,User_U-13692,Active,2023-01-10 14:00:00
U-13693,User_U-13693,Active,2023-01-26 14:00:00
U-13694,User_U-13694,Active,2023-01-04 14:00:00
U-13695,User_U-13695,Active,2023-01-14 14:00:00
U-13699,User_U-13699,Active,2023-01-30 14:00:00
U-13700,User_U-13700,Active,2023-01-13 14:00:00
U-13702,User_U-13702,Active,2023-01-23 14:00:00
U-13704,User_U-13704,Active,2023-01-07 14:00:00
U-13706,User_U-13706,Active,2023-01-07 14:00:00
U-13707,User_U-13707,Active,2023-01-12 14:00:00
U-13708,User_U-13708,Active,2023-01-18 14:00:00
U-13710,User_U-13710,Active,2023-01-26 14:00:00
U-13712,User_U-13712,Active,2023-01-07 14:00:00
U-13714,User_U-13714,Active,2023-01-27 14:00:00
U-13715,User_U-13715,Active,2023-01-13 14:00:00
U-13718,User_U-13718,Active,2023-01-02 14:00:00
U-13720,User_U-13720,Active,2023-01-09 14:00:00
U-13724,User_U-13724,Active,2023-01-25 14:00:00
U-13725,User_U-13725,Active,2023-01-16 14:00:00
U-13726,User_U-13726,Active,2023-01-03 14:00:00
U-13729,User_U-13729,Active,2023-01-29 14:00:00
U-13730,User_U-13730,Active,2023-01-10 14:00:00
U-13734,User_U-13734,Active,2023-01-11 14:00:00
U-13735,User_U-13735,Active,2023-01-05 14:00:00
U-13738,User_U-13738,Active,2023-01-26 14:00:00
U-13741,User_U-13741,Active,2023-01-21 14:00:00
U-13742,User_U-13742,Active,2023-01-20 14:00:00
U-13744,User_U-13744,Active,2023-01-22 14:00:00
U-13747,User_U-13747,Active,2023-01-18 14:00:00
U-13749,User_U-13749,Active,2023-01-09 14:00:00
U-13751,User_U-13751,Active,2023-01-21 14:00:00
U-13752,User_U-13752,Active,2023-01-14 14:00:00
U-13753,User_U-13753,Active,2023-01-03 14:00:00
U-13754,User_U-13754,Active,2023-01-25 14:00:00
U-13755,User_U-13755,Active,2023-01-11 14:00:00
U-13756,User_U-13756,Active,2023-01-18 14:00:00
U-13757,User_U-13757,Active,2023-01-17 14:00:00
U-13758,User_U-13758,Active,2023-01-22 14:00:00
U-13761,User_U-13761,Active,2023-01-19 14:00:00
U-13763,User_U-13763,Active,2023-01-28 14:00:00
U-13764,User_U-13764,Active,2023-01-25 14:00:00
U-13766,User_U-13766,Active,2023-01-19 14:00:00
U-13767,User_U-13767,Active,2023-01-06 14:00:00
U-13768,User_U-13768,Active,2023-01-17 14:00:00
U-13772,User_U-13772,Active,2023-01-15 14:00:00
U-13773,User_U-13773,Active,2023-01-14 14:00:00
U-13774,User_U-13774,Active,2023-01-29 14:00:00
U-13776,User_U-13776,Active,2023-01-02 14:00:00
U-13777,User_U-13777,Active,2023-01-14 14:00:00
U-13778,User_U-13778,Active,2023-01-18 14:00:00
U-13779,User_U-13779,Active,2023-01-06 14:00:00
U-13780,User_U-13780,Active,2023-01-13 14:00:00
U-13781,User_U-13781,Active,2023-01-30 14:00:00
U-13782,User_U-13782,Active,2023-01-05 14:00:00
U-13783,User_U-13783,Active,2023-01-22 14:00:00
U-13784,User_U-13784,Active,2023-01-15 14:00:00
U-13789,User_U-13789,Active,2023-01-24 14:00:00
U-13791,User_U-13791,Active,2023-01-08 14:00:00
U-13792,User_U-13792,Active,2023-01-02 14:00:00
U-13794,User_U-13794,Active,2023-01-02 14:00:00
U-13797,User_U-13797,Active,2023-01-02 14:00:00
U-13798,User_U-13798,Active,2023-01-13 14:00:00
U-13799,User_U-13799,Active,2023-01-30 14:00:00
U-13801,User_U-13801,Active,2023-01-13 14:00:00
U-13806,User_U-13806,Active,2023-01-12 14:00:00
U-13807,User_U-13807,Active,2023-01-18 14:00:00
U-13809,User_U-13809,Active,2023-01-02 14:00:00
U-13811,User_U-13811,Active,2023-01-22 14:00:00
U-13812,User_U-13812,Active,2023-01-21 14:00:00
U-13813,User_U-13813,Active,2023-01-13 14:00:00
U-13814,User_U-13814,Active,2023-01-21 14:00:00
U-13816,User_U-13816,Active,2023-01-20 14:00:00
U-13818,User_U-13818,Active,2023-01-23 14:00:00
U-13819,User_U-13819,Active,2023-01-13 14:00:00
U-13820,User_U-13820,Active,2023-01-25 14:00:00
U-13822,User_U-13822,Active,2023-01-16 14:00:00
U-13825,User_U-13825,Active,2023-01-29 14:00:00
U-13826,User_U-13826,Active,2023-01-25 14:00:00
U-13827,User_U-13827,Active,2023-01-20 14:00:00
U-13828,User_U-13828,Active,2023-01-18 14:00:00
U-13832,User_U-13832,Active,2023-01-28 14:00:00
U-13834,User_U-13834,Active,2023-01-04 14:00:00
U-13835,User_U-13835,Active,2023-01-11 14:00:00
U-13836,User_U-13836,Active,2023-01-09 14:00:00
U-13838,User_U-13838,Active,2023-01-19 14:00:00
U-13842,User_U-13842,Active,2023-01-11 14:00:00
U-13845,User_U-13845,Active,2023-01-30 14:00:00
U-13847,User_U-13847,Active,2023-01-14 14:00:00
U-13848,User_U-13848,Active,2023-01-03 14:00:00
U-13850,User_U-13850,Active,2023-01-17 14:00:00
U-13851,User_U-13851,Active,2023-01-12 14:00:00
U-13853,User_U-13853,Active,2023-01-16 14:00:00
U-13855,User_U-13855,Active,2023-01-12 14:00:00
U-13856,User_U-13856,Active,2023-01-09 14:00:00
U-13857,User_U-13857,Active,2023-01-04 14:00:00
U-13860,User_U-13860,Active,2023-01-19 14:00:00
U-13863,User_U-13863,Active,2023-01-25 14:00:00
U-13864,User_U-13864,Active,2023-01-28 14:00:00
U-13865,User_U-13865,Active,2023-01-22 14:00:00
U-13867,User_U-13867,Active,2023-01-16 14:00:00
U-13868,User_U-13868,Active,2023-01-24 14:00:00
U-13869,User_U-13869,Active,2023-01-09 14:00:00
U-13870,User_U-13870,Active,2023-01-25 14:00:00
U-13871,User_U-13871,Active,2023-01-09 14:00:00
U-13872,User_U-13872,Active,2023-01-25 14:00:00
U-13873,User_U-13873,Active,2023-01-11 14:00:00
U-13874,User_U-13874,Active,2023-01-10 14:00:00
U-13879,User_U-13879,Active,2023-01-22 14:00:00
U-13880,User_U-13880,Active,2023-01-24 14:00:00
U-13882,User_U-13882,Active,2023-01-19 14:00:00
U-13886,User_U-13886,Active,2023-01-28 14:00:00
U-13887,User_U-13887,Active,2023-01-24 14:00:00
U-13888,User_U-13888,Active,2023-01-22 14:00:00
U-13889,User_U-13889,Active,2023-01-08 14:00:00
U-13890,User_U-13890,Active,2023-01-07 14:00:00
U-13891,User_U-13891,Active,2023-01-15 14:00:00
U-13892,User_U-13892,Active,2023-01-06 14:00:00
U-13893,User_U-13893,Active,2023-01-04 14:00:00
U-13895,User_U-13895,Active,2023-01-16 14:00:00
U-13896,User_U-13896,Active,2023-01-22 14:00:00
U-13897,User_U-13897,Active,2023-01-02 14:00:00
U-13898,User_U-13898,Active,2023-01-09 14:00:00
U-13899,User_U-13899,Active,2023-01-17 14:00:00
U-13900,User_U-13900,Active,2023-01-02 14:00:00
U-13901,User_U-13901,Active,2023-01-03 14:00:00
U-13902,User_U-13902,Active,2023-01-15 14:00:00
U-13904,User_U-13904,Active,2023-01-28 14:00:00
U-13905,User_U-13905,Active,2023-01-02 14:00:00
U-13906,User_U-13906,Active,2023-01-15 14:00:00
U-13907,User_U-13907,Active,2023-01-09 14:00:00
U-13910,User_U-13910,Active,2023-01-10 14:00:00
U-13914,User_U-13914,Active,2023-01-14 14:00:00
U-13915,User_U-13915,Active,2023-01-06 14:00:00
U-13916,User_U-13916,Active,2023-01-07 14:00:00
U-13917,User_U-13917,Active,2023-01-17 14:00:00
U-13919,User_U-13919,Active,2023-01-14 14:00:00
U-13920,User_U-13920,Active,2023-01-04 14:00:00
U-13921,User_U-13921,Active,2023-01-28 14:00:00
U-13922,User_U-13922,Active,2023-01-26 14:00:00
U-13923,User_U-13923,Active,2023-01-03 14:00:00
U-13924,User_U-13924,Active,2023-01-24 14:00:00
U-13925,User_U-13925,Active,2023-01-18 14:00:00
U-13927,User_U-13927,Active,2023-01-10 14:00:00
U-13928,User_U-13928,Active,2023-01-21 14:00:00
U-13929,User_U-13929,Active,2023-01-13 14:00:00
U-13933,User_U-13933,Active,2023-01-23 14:00:00
U-13937,User_U-13937,Active,2023-01-11 14:00:00
U-13938,User_U-13938,Active,2023-01-03 14:00:00
U-13940,User_U-13940,Active,2023-01-28 14:00:00
U-13941,User_U-13941,Active,2023-01-02 14:00:00
U-13942,User_U-13942,Active,2023-01-19 14:00:00
U-13943,User_U-13943,Active,2023-01-20 14:00:00
U-13945,User_U-13945,Active,2023-01-13 14:00:00
U-13946,User_U-13946,Active,2023-01-14 14:00:00
U-13947,User_U-13947,Active,2023-01-26 14:00:00
U-13948,User_U-13948,Active,2023-01-06 14:00:00
U-13949,User_U-13949,Active,2023-01-10 14:00:00
U-13952,User_U-13952,Active,2023-01-26 14:00:00
U-13953,User_U-13953,Active,2023-01-11 14:00:00
U-13956,User_U-13956,Active,2023-01-22 14:00:00
U-13957,User_U-13957,Active,2023-01-29 14:00:00
U-13958,User_U-13958,Active,2023-01-10 14:00:00
U-13959,User_U-13959,Active,2023-01-21 14:00:00
U-13960,User_U-13960,Active,2023-01-05 14:00:00
U-13962,User_U-13962,Active,2023-01-12 14:00:00
U-13963,User_U-13963,Active,2023-01-27 14:00:00
U-13964,User_U-13964,Active,2023-01-05 14:00:00
U-13967,User_U-13967,Active,2023-01-11 14:00:00
U-13968,User_U-13968,Active,2023-01-06 14:00:00
U-13970,User_U-13970,Active,2023-01-07 14:00:00
U-13972,User_U-13972,Active,2023-01-27 14:00:00
U-13973,User_U-13973,Active,2023-01-20 14:00:00
U-13975,User_U-13975,Active,2023-01-26 14:00:00
U-13977,User_U-13977,Active,2023-01-16 14:00:00
U-13979,User_U-13979,Active,2023-01-26 14:00:00
U-13980,User_U-13980,Active,2023-01-18 14:00:00
U-13981,User_U-13981,Active,2023-01-04 14:00:00
U-13983,User_U-13983,Active,2023-01-18 14:00:00
U-13984,User_U-13984,Active,2023-01-13 14:00:00
U-13986,User_U-13986,Active,2023-01-26 14:00:00
U-13989,User_U-13989,Active,2023-01-04 14:00:00
U-13992,User_U-13992,Active,2023-01-14 14:00:00
U-13995,User_U-13995,Active,2023-01-03 14:00:00
U-13996,User_U-13996,Active,2023-01-02 14:00:00
U-13997,User_U-13997,Active,2023-01-25 14:00:00
U-14002,User_U-14002,Active,2023-01-09 14:00:00
U-14003,User_U-14003,Active,2023-01-23 14:00:00
U-14004,User_U-14004,Active,2023-01-24 14:00:00
U-14006,User_U-14006,Active,2023-01-14 14:00:00
U-14007,User_U-14007,Active,2023-01-14 14:00:00
U-14009,User_U-14009,Active,2023-01-21 14:00:00
U-14010,User_U-14010,Active,2023-01-14 14:00:00
U-14014,User_U-14014,Active,2023-01-16 14:00:00
U-14015,User_U-14015,Active,2023-01-25 14:00:00
U-14016,User_U-14016,Active,2023-01-23 14:00:00
U-14017,User_U-14017,Active,2023-01-09 14:00:00
U-14018,User_U-14018,Active,2023-01-24 14:00:00
U-14019,User_U-14019,Active,2023-01-05 14:00:00
U-14021,User_U-14021,Active,2023-01-24 14:00:00
U-14023,User_U-14023,Active,2023-01-22 14:00:00
U-14024,User_U-14024,Active,2023-01-04 14:00:00
U-14026,User_U-14026,Active,2023-01-02 14:00:00
U-14028,User_U-14028,Active,2023-01-13 14:00:00
U-14029,User_U-14029,Active,2023-01-20 14:00:00
U-14030,User_U-14030,Active,2023-01-04 14:00:00
U-14032,User_U-14032,Active,2023-01-02 14:00:00
U-14033,User_U-14033,Active,2023-01-17 14:00:00
U-14034,User_U-14034,Active,2023-01-19 14:00:00
U-14035,User_U-14035,Active,2023-01-24 14:00:00
U-14036,User_U-14036,Active,2023-01-30 14:00:00
U-14037,User_U-14037,Active,2023-01-08 14:00:00
U-14039,User_U-14039,Active,2023-01-08 14:00:00
U-14041,User_U-14041,Active,2023-01-24 14:00:00
U-14042,User_U-14042,Active,2023-01-16 14:00:00
U-14047,User_U-14047,Active,2023-01-14 14:00:00
U-14048,User_U-14048,Active,2023-01-27 14:00:00
U-14050,User_U-14050,Active,2023-01-15 14:00:00
U-14051,User_U-14051,Active,2023-01-11 14:00:00
U-14052,User_U-14052,Active,2023-01-17 14:00:00
U-14053,User_U-14053,Active,2023-01-29 14:00:00
U-14055,User_U-14055,Active,2023-01-03 14:00:00
U-14056,User_U-14056,Active,2023-01-08 14:00:00
U-14057,User_U-14057,Active,2023-01-26 14:00:00
U-14058,User_U-14058,Active,2023-01-07 14:00:00
U-14060,User_U-14060,Active,2023-01-28 14:00:00
U-14061,User_U-14061,Active,2023-01-19 14:00:00
U-14062,User_U-14062,Active,2023-01-09 14:00:00
U-14064,User_U-14064,Active,2023-01-03 14:00:00
U-14066,User_U-14066,Active,2023-01-05 14:00:00
U-14067,User_U-14067,Active,2023-01-14 14:00:00
U-14068,User_U-14068,Active,2023-01-22 14:00:00
U-14069,User_U-14069,Active,2023-01-13 14:00:00
U-14070,User_U-14070,Active,2023-01-29 14:00:00
U-14071,User_U-14071,Active,2023-01-23 14:00:00
U-14072,User_U-14072,Active,2023-01-25 14:00:00
U-14073,User_U-14073,Active,2023-01-12 14:00:00
U-14075,User_U-14075,Active,2023-01-26 14:00:00
U-14076,User_U-14076,Active,2023-01-23 14:00:00
U-14077,User_U-14077,Active,2023-01-21 14:00:00
U-14079,User_U-14079,Active,2023-01-26 14:00:00
U-14080,User_U-14080,Active,2023-01-09 14:00:00
U-14082,User_U-14082,Active,2023-01-03 14:00:00
U-14089,User_U-14089,Active,2023-01-10 14:00:00
U-14093,User_U-14093,Active,2023-01-20 14:00:00
U-14094,User_U-14094,Active,2023-01-09 14:00:00
U-14097,User_U-14097,Active,2023-01-15 14:00:00
U-14098,User_U-14098,Active,2023-01-08 14:00:00
U-14099,User_U-14099,Active,2023-01-25 14:00:00
U-14101,User_U-14101,Active,2023-01-15 14:00:00
U-14104,User_U-14104,Active,2023-01-30 14:00:00
U-14105,User_U-14105,Active,2023-01-24 14:00:00
U-14106,User_U-14106,Active,2023-01-20 14:00:00
U-14107,User_U-14107,Active,2023-01-19 14:00:00
U-14109,User_U-14109,Active,2023-01-08 14:00:00
U-14110,User_U-14110,Active,2023-01-19 14:00:00
U-14111,User_U-14111,Active,2023-01-25 14:00:00
U-14112,User_U-14112,Active,2023-01-17 14:00:00
U-14113,User_U-14113,Active,2023-01-18 14:00:00
U-14115,User_U-14115,Active,2023-01-24 14:00:00
U-14116,User_U-14116,Active,2023-01-04 14:00:00
U-14117,User_U-14117,Active,2023-01-05 14:00:00
U-14118,User_U-14118,Active,2023-01-06 14:00:00
U-14119,User_U-14119,Active,2023-01-12 14:00:00
U-14121,User_U-14121,Active,2023-01-29 14:00:00
U-14122,User_U-14122,Active,2023-01-06 14:00:00
U-14123,User_U-14123,Active,2023-01-04 14:00:00
U-14124,User_U-14124,Active,2023-01-13 14:00:00
U-14125,User_U-14125,Active,2023-01-24 14:00:00
U-14127,User_U-14127,Active,2023-01-15 14:00:00
U-14132,User_U-14132,Active,2023-01-15 14:00:00
U-14134,User_U-14134,Active,2023-01-25 14:00:00
U-14135,User_U-14135,Active,2023-01-02 14:00:00
U-14137,User_U-14137,Active,2023-01-20 14:00:00
U-14138,User_U-14138,Active,2023-01-14 14:00:00
U-14139,User_U-14139,Active,2023-01-29 14:00:00
U-14140,User_U-14140,Active,2023-01-18 14:00:00
U-14142,User_U-14142,Active,2023-01-14 14:00:00
U-14143,User_U-14143,Active,2023-01-25 14:00:00
U-14144,User_U-14144,Active,2023-01-13 14:00:00
U-14146,User_U-14146,Active,2023-01-03 14:00:00
U-14148,User_U-14148,Active,2023-01-24 14:00:00
U-14150,User_U-14150,Active,2023-01-05 14:00:00
U-14151,User_U-14151,Active,2023-01-08 14:00:00
U-14159,User_U-14159,Active,2023-01-25 14:00:00
U-14160,User_U-14160,Active,2023-01-24 14:00:00
U-14161,User_U-14161,Active,2023-01-23 14:00:00
U-14163,User_U-14163,Active,2023-01-09 14:00:00
U-14164,User_U-14164,Active,2023-01-11 14:00:00
U-14165,User_U-14165,Active,2023-01-30 14:00:00
U-14166,User_U-14166,Active,2023-01-19 14:00:00
U-14167,User_U-14167,Active,2023-01-29 14:00:00
U-14168,User_U-14168,Active,2023-01-11 14:00:00
U-14172,User_U-14172,Active,2023-01-25 14:00:00
U-14173,User_U-14173,Active,2023-01-16 14:00:00
U-14174,User_U-14174,Active,2023-01-24 14:00:00
U-14176,User_U-14176,Active,2023-01-16 14:00:00
U-14178,User_U-14178,Active,2023-01-10 14:00:00
U-14180,User_U-14180,Active,2023-01-16 14:00:00
U-14181,User_U-14181,Active,2023-01-21 14:00:00
U-14182,User_U-14182,Active,2023-01-02 14:00:00
U-14184,User_U-14184,Active,2023-01-09 14:00:00
U-14186,User_U-14186,Active,2023-01-03 14:00:00
U-14187,User_U-14187,Active,2023-01-08 14:00:00
U-14190,User_U-14190,Active,2023-01-07 14:00:00
U-14191,User_U-14191,Active,2023-01-07 14:00:00
U-14193,User_U-14193,Active,2023-01-08 14:00:00
U-14194,User_U-14194,Active,2023-01-19 14:00:00
U-14195,User_U-14195,Active,2023-01-28 14:00:00
U-14197,User_U-14197,Active,2023-01-14 14:00:00
U-14204,User_U-14204,Active,2023-01-25 14:00:00
U-14205,User_U-14205,Active,2023-01-13 14:00:00
U-14206,User_U-14206,Active,2023-01-26 14:00:00
U-14208,User_U-14208,Active,2023-01-14 14:00:00
U-14210,User_U-14210,Active,2023-01-16 14:00:00
U-14212,User_U-14212,Active,2023-01-29 14:00:00
U-14214,User_U-14214,Active,2023-01-24 14:00:00
U-14216,User_U-14216,Active,2023-01-30 14:00:00
U-14217,User_U-14217,Active,2023-01-30 14:00:00
U-14222,User_U-14222,Active,2023-01-08 14:00:00
U-14223,User_U-14223,Active,2023-01-19 14:00:00
U-14225,User_U-14225,Active,2023-01-07 14:00:00
U-14226,User_U-14226,Active,2023-01-16 14:00:00
U-14227,User_U-14227,Active,2023-01-14 14:00:00
U-14228,User_U-14228,Active,2023-01-16 14:00:00
U-14229,User_U-14229,Active,2023-01-28 14:00:00
U-14231,User_U-14231,Active,2023-01-22 14:00:00
U-14232,User_U-14232,Active,2023-01-11 14:00:00
U-14233,User_U-14233,Active,2023-01-23 14:00:00
U-14234,User_U-14234,Active,2023-01-03 14:00:00
U-14236,User_U-14236,Active,2023-01-23 14:00:00
U-14237,User_U-14237,Active,2023-01-06 14:00:00
U-14250,User_U-14250,Active,2023-01-08 14:00:00
U-14253,User_U-14253,Active,2023-01-02 14:00:00
U-14254,User_U-14254,Active,2023-01-04 14:00:00
U-14255,User_U-14255,Active,2023-01-18 14:00:00
U-14256,User_U-14256,Active,2023-01-24 14:00:00
U-14258,User_U-14258,Active,2023-01-14 14:00:00
U-14261,User_U-14261,Active,2023-01-26 14:00:00
U-14262,User_U-14262,Active,2023-01-09 14:00:00
U-14264,User_U-14264,Active,2023-01-05 14:00:00
U-14266,User_U-14266,Active,2023-01-18 14:00:00
U-14267,User_U-14267,Active,2023-01-08 14:00:00
U-14268,User_U-14268,Active,2023-01-06 14:00:00
U-14269,User_U-14269,Active,2023-01-27 14:00:00
U-14271,User_U-14271,Active,2023-01-10 14:00:00
U-14273,User_U-14273,Active,2023-01-05 14:00:00
U-14275,User_U-14275,Active,2023-01-29 14:00:00
U-14276,User_U-14276,Active,2023-01-07 14:00:00
U-14278,User_U-14278,Active,2023-01-02 14:00:00
U-14279,User_U-14279,Active,2023-01-29 14:00:00
U-14280,User_U-14280,Active,2023-01-10 14:00:00
U-14283,User_U-14283,Active,2023-01-30 14:00:00
U-14284,User_U-14284,Active,2023-01-06 14:00:00
U-14286,User_U-14286,Active,2023-01-27 14:00:00
U-14288,User_U-14288,Active,2023-01-27 14:00:00
U-14290,User_U-14290,Active,2023-01-03 14:00:00
U-14292,User_U-14292,Active,2023-01-18 14:00:00
U-14293,User_U-14293,Active,2023-01-28 14:00:00
U-14295,User_U-14295,Active,2023-01-22 14:00:00
U-14296,User_U-14296,Active,2023-01-11 14:00:00
U-14298,User_U-14298,Active,2023-01-02 14:00:00
U-14302,User_U-14302,Active,2023-01-26 14:00:00
U-14306,User_U-14306,Active,2023-01-12 14:00:00
U-14307,User_U-14307,Active,2023-01-15 14:00:00
U-14309,User_U-14309,Active,2023-01-11 14:00:00
U-14311,User_U-14311,Active,2023-01-21 14:00:00
U-14312,User_U-14312,Active,2023-01-06 14:00:00
U-14315,User_U-14315,Active,2023-01-06 14:00:00
U-14317,User_U-14317,Active,2023-01-19 14:00:00
U-14318,User_U-14318,Active,2023-01-29 14:00:00
U-14319,User_U-14319,Active,2023-01-14 14:00:00
U-14321,User_U-14321,Active,2023-01-04 14:00:00
U-14322,User_U-14322,Active,2023-01-05 14:00:00
U-14323,User_U-14323,Active,2023-01-15 14:00:00
U-14325,User_U-14325,Active,2023-01-24 14:00:00
U-14326,User_U-14326,Active,2023-01-24 14:00:00
U-14328,User_U-14328,Active,2023-01-24 14:00:00
U-14329,User_U-14329,Active,2023-01-26 14:00:00
U-14334,User_U-14334,Active,2023-01-23 14:00:00
U-14335,User_U-14335,Active,2023-01-04 14:00:00
U-14336,User_U-14336,Active,2023-01-06 14:00:00
U-14339,User_U-14339,Active,2023-01-14 14:00:00
U-14340,User_U-14340,Active,2023-01-03 14:00:00
U-14341,User_U-14341,Active,2023-01-13 14:00:00
U-14345,User_U-14345,Active,2023-01-14 14:00:00
U-14347,User_U-14347,Active,2023-01-29 14:00:00
U-14350,User_U-14350,Active,2023-01-06 14:00:00
U-14351,User_U-14351,Active,2023-01-08 14:00:00
U-14352,User_U-14352,Active,2023-01-11 14:00:00
U-14354,User_U-14354,Active,2023-01-24 14:00:00
U-14355,User_U-14355,Active,2023-01-22 14:00:00
U-14360,User_U-14360,Active,2023-01-24 14:00:00
U-14361,User_U-14361,Active,2023-01-10 14:00:00
U-14362,User_U-14362,Active,2023-01-03 14:00:00
U-14363,User_U-14363,Active,2023-01-12 14:00:00
U-14365,User_U-14365,Active,2023-01-28 14:00:00
U-14367,User_U-14367,Active,2023-01-27 14:00:00
U-14370,User_U-14370,Active,2023-01-07 14:00:00
U-14371,User_U-14371,Active,2023-01-27 14:00:00
U-14373,User_U-14373,Active,2023-01-26 14:00:00
U-14374,User_U-14374,Active,2023-01-14 14:00:00
U-14376,User_U-14376,Active,2023-01-13 14:00:00
U-14377,User_U-14377,Active,2023-01-17 14:00:00
U-14378,User_U-14378,Active,2023-01-03 14:00:00
U-14379,User_U-14379,Active,2023-01-26 14:00:00
U-14381,User_U-14381,Active,2023-01-20 14:00:00
U-14384,User_U-14384,Active,2023-01-15 14:00:00
U-14385,User_U-14385,Active,2023-01-17 14:00:00
U-14387,User_U-14387,Active,2023-01-19 14:00:00
U-14390,User_U-14390,Active,2023-01-16 14:00:00
U-14394,User_U-14394,Active,2023-01-03 14:00:00
U-14396,User_U-14396,Active,2023-01-08 14:00:00
U-14397,User_U-14397,Active,2023-01-16 14:00:00
U-14398,User_U-14398,Active,2023-01-23 14:00:00
U-14399,User_U-14399,Active,2023-01-08 14:00:00
U-14400,User_U-14400,Active,2023-01-21 14:00:00
U-14401,User_U-14401,Active,2023-01-13 14:00:00
U-14402,User_U-14402,Active,2023-01-21 14:00:00
U-14403,User_U-14403,Active,2023-01-13 14:00:00
U-14404,User_U-14404,Active,2023-01-21 14:00:00
U-14405,User_U-14405,Active,2023-01-18 14:00:00
U-14406,User_U-14406,Active,2023-01-15 14:00:00
U-14409,User_U-14409,Active,2023-01-25 14:00:00
U-14410,User_U-14410,Active,2023-01-29 14:00:00
U-14415,User_U-14415,Active,2023-01-23 14:00:00
U-14416,User_U-14416,Active,2023-01-25 14:00:00
U-14419,User_U-14419,Active,2023-01-30 14:00:00
U-14421,User_U-14421,Active,2023-01-24 14:00:00
U-14427,User_U-14427,Active,2023-01-15 14:00:00
U-14430,User_U-14430,Active,2023-01-17 14:00:00
U-14432,User_U-14432,Active,2023-01-22 14:00:00
U-14434,User_U-14434,Active,2023-01-30 14:00:00
U-14437,User_U-14437,Active,2023-01-11 14:00:00
U-14438,User_U-14438,Active,2023-01-20 14:00:00
U-14442,User_U-14442,Active,2023-01-04 14:00:00
U-14443,User_U-14443,Active,2023-01-08 14:00:00
U-14444,User_U-14444,Active,2023-01-26 14:00:00
U-14448,User_U-14448,Active,2023-01-08 14:00:00
U-14450,User_U-14450,Active,2023-01-24 14:00:00
U-14451,User_U-14451,Active,2023-01-25 14:00:00
U-14452,User_U-14452,Active,2023-01-12 14:00:00
U-14455,User_U-14455,Active,2023-01-30 14:00:00
U-14456,User_U-14456,Active,2023-01-29 14:00:00
U-14460,User_U-14460,Active,2023-01-29 14:00:00
U-14461,User_U-14461,Active,2023-01-16 14:00:00
U-14462,User_U-14462,Active,2023-01-28 14:00:00
U-14464,User_U-14464,Active,2023-01-13 14:00:00
U-14466,User_U-14466,Active,2023-01-22 14:00:00
U-14467,User_U-14467,Active,2023-01-20 14:00:00
U-14469,User_U-14469,Active,2023-01-05 14:00:00
U-14470,User_U-14470,Active,2023-01-08 14:00:00
U-14472,User_U-14472,Active,2023-01-27 14:00:00
U-14473,User_U-14473,Active,2023-01-04 14:00:00
U-14474,User_U-14474,Active,2023-01-02 14:00:00
U-14476,User_U-14476,Active,2023-01-05 14:00:00
U-14477,User_U-14477,Active,2023-01-29 14:00:00
U-14481,User_U-14481,Active,2023-01-03 14:00:00
U-14485,User_U-14485,Active,2023-01-14 14:00:00
U-14486,User_U-14486,Active,2023-01-28 14:00:00
U-14491,User_U-14491,Active,2023-01-27 14:00:00
U-14492,User_U-14492,Active,2023-01-18 14:00:00
U-14496,User_U-14496,Active,2023-01-27 14:00:00
U-14498,User_U-14498,Active,2023-01-09 14:00:00
U-14499,User_U-14499,Active,2023-01-25 14:00:00
U-14500,User_U-14500,Active,2023-01-10 14:00:00
U-14501,User_U-14501,Active,2023-01-05 14:00:00
U-14503,User_U-14503,Active,2023-01-24 14:00:00
U-14505,User_U-14505,Active,2023-01-23 14:00:00
U-14506,User_U-14506,Active,2023-01-18 14:00:00
U-14508,User_U-14508,Active,2023-01-30 14:00:00
U-14511,User_U-14511,Active,2023-01-06 14:00:00
U-14512,User_U-14512,Active,2023-01-09 14:00:00
U-14513,User_U-14513,Active,2023-01-21 14:00:00
U-14514,User_U-14514,Active,2023-01-05 14:00:00
U-14516,User_U-14516,Active,2023-01-02 14:00:00
U-14518,User_U-14518,Active,2023-01-24 14:00:00
U-14520,User_U-14520,Active,2023-01-04 14:00:00
U-14521,User_U-14521,Active,2023-01-27 14:00:00
U-14522,User_U-14522,Active,2023-01-09 14:00:00
U-14526,User_U-14526,Active,2023-01-05 14:00:00
U-14527,User_U-14527,Active,2023-01-17 14:00:00
U-14528,User_U-14528,Active,2023-01-12 14:00:00
U-14530,User_U-14530,Active,2023-01-11 14:00:00
U-14531,User_U-14531,Active,2023-01-12 14:00:00
U-14533,User_U-14533,Active,2023-01-11 14:00:00
U-14534,User_U-14534,Active,2023-01-18 14:00:00
U-14535,User_U-14535,Active,2023-01-14 14:00:00
U-14536,User_U-14536,Active,2023-01-16 14:00:00
U-14539,User_U-14539,Active,2023-01-21 14:00:00
U-14540,User_U-14540,Active,2023-01-16 14:00:00
U-14542,User_U-14542,Active,2023-01-18 14:00:00
U-14543,User_U-14543,Active,2023-01-14 14:00:00
U-14544,User_U-14544,Active,2023-01-18 14:00:00
U-14545,User_U-14545,Active,2023-01-21 14:00:00
U-14547,User_U-14547,Active,2023-01-07 14:00:00
U-14548,User_U-14548,Active,2023-01-23 14:00:00
U-14551,User_U-14551,Active,2023-01-06 14:00:00
U-14553,User_U-14553,Active,2023-01-20 14:00:00
U-14555,User_U-14555,Active,2023-01-09 14:00:00
U-14556,User_U-14556,Active,2023-01-19 14:00:00
U-14560,User_U-14560,Active,2023-01-09 14:00:00
U-14561,User_U-14561,Active,2023-01-25 14:00:00
U-14565,User_U-14565,Active,2023-01-19 14:00:00
U-14566,User_U-14566,Active,2023-01-03 14:00:00
U-14567,User_U-14567,Active,2023-01-12 14:00:00
U-14569,User_U-14569,Active,2023-01-11 14:00:00
U-14572,User_U-14572,Active,2023-01-22 14:00:00
U-14573,User_U-14573,Active,2023-01-11 14:00:00
U-14575,User_U-14575,Active,2023-01-26 14:00:00
U-14577,User_U-14577,Active,2023-01-02 14:00:00
U-14580,User_U-14580,Active,2023-01-22 14:00:00
U-14581,User_U-14581,Active,2023-01-13 14:00:00
U-14585,User_U-14585,Active,2023-01-20 14:00:00
U-14587,User_U-14587,Active,2023-01-04 14:00:00
U-14589,User_U-14589,Active,2023-01-23 14:00:00
U-14590,User_U-14590,Active,2023-01-04 14:00:00
U-14591,User_U-14591,Active,2023-01-07 14:00:00
U-14592,User_U-14592,Active,2023-01-06 14:00:00
U-14594,User_U-14594,Active,2023-01-19 14:00:00
U-14595,User_U-14595,Active,2023-01-30 14:00:00
U-14597,User_U-14597,Active,2023-01-06 14:00:00
U-14598,User_U-14598,Active,2023-01-05 14:00:00
U-14599,User_U-14599,Active,2023-01-18 14:00:00
U-14601,User_U-14601,Active,2023-01-06 14:00:00
U-14602,User_U-14602,Active,2023-01-06 14:00:00
U-14603,User_U-14603,Active,2023-01-09 14:00:00
U-14604,User_U-14604,Active,2023-01-30 14:00:00
U-14607,User_U-14607,Active,2023-01-14 14:00:00
U-14609,User_U-14609,Active,2023-01-03 14:00:00
U-14615,User_U-14615,Active,2023-01-20 14:00:00
U-14616,User_U-14616,Active,2023-01-21 14:00:00
U-14617,User_U-14617,Active,2023-01-23 14:00:00
U-14618,User_U-14618,Active,2023-01-11 14:00:00
U-14619,User_U-14619,Active,2023-01-09 14:00:00
U-14621,User_U-14621,Active,2023-01-13 14:00:00
U-14624,User_U-14624,Active,2023-01-18 14:00:00
U-14625,User_U-14625,Active,2023-01-26 14:00:00
U-14632,User_U-14632,Active,2023-01-03 14:00:00
U-14635,User_U-14635,Active,2023-01-04 14:00:00
U-14636,User_U-14636,Active,2023-01-17 14:00:00
U-14640,User_U-14640,Active,2023-01-20 14:00:00
U-14641,User_U-14641,Active,2023-01-23 14:00:00
U-14642,User_U-14642,Active,2023-01-15 14:00:00
U-14643,User_U-14643,Active,2023-01-10 14:00:00
U-14645,User_U-14645,Active,2023-01-28 14:00:00
U-14646,User_U-14646,Active,2023-01-02 14:00:00
U-14647,User_U-14647,Active,2023-01-02 14:00:00
U-14648,User_U-14648,Active,2023-01-02 14:00:00
U-14651,User_U-14651,Active,2023-01-23 14:00:00
U-14652,User_U-14652,Active,2023-01-20 14:00:00
U-14653,User_U-14653,Active,2023-01-17 14:00:00
U-14657,User_U-14657,Active,2023-01-15 14:00:00
U-14659,User_U-14659,Active,2023-01-26 14:00:00
U-14664,User_U-14664,Active,2023-01-29 14:00:00
U-14666,User_U-14666,Active,2023-01-24 14:00:00
U-14667,User_U-14667,Active,2023-01-19 14:00:00
U-14668,User_U-14668,Active,2023-01-26 14:00:00
U-14669,User_U-14669,Active,2023-01-24 14:00:00
U-14670,User_U-14670,Active,2023-01-19 14:00:00
U-14673,User_U-14673,Active,2023-01-27 14:00:00
U-14676,User_U-14676,Active,2023-01-12 14:00:00
U-14677,User_U-14677,Active,2023-01-12 14:00:00
U-14678,User_U-14678,Active,2023-01-22 14:00:00
U-14679,User_U-14679,Active,2023-01-15 14:00:00
U-14681,User_U-14681,Active,2023-01-29 14:00:00
U-14683,User_U-14683,Active,2023-01-23 14:00:00
U-14685,User_U-14685,Active,2023-01-11 14:00:00
U-14687,User_U-14687,Active,2023-01-10 14:00:00
U-14690,User_U-14690,Active,2023-01-23 14:00:00
U-14692,User_U-14692,Active,2023-01-09 14:00:00
U-14696,User_U-14696,Active,2023-01-16 14:00:00
U-14698,User_U-14698,Active,2023-01-08 14:00:00
U-14700,User_U-14700,Active,2023-01-25 14:00:00
U-14701,User_U-14701,Active,2023-01-27 14:00:00
U-14704,User_U-14704,Active,2023-01-19 14:00:00
U-14705,User_U-14705,Active,2023-01-12 14:00:00
U-14706,User_U-14706,Active,2023-01-19 14:00:00
U-14707,User_U-14707,Active,2023-01-21 14:00:00
U-14710,User_U-14710,Active,2023-01-25 14:00:00
U-14716,User_U-14716,Active,2023-01-15 14:00:00
U-14718,User_U-14718,Active,2023-01-30 14:00:00
U-14719,User_U-14719,Active,2023-01-17 14:00:00
U-14720,User_U-14720,Active,2023-01-07 14:00:00
U-14721,User_U-14721,Active,2023-01-09 14:00:00
U-14723,User_U-14723,Active,2023-01-29 14:00:00
U-14724,User_U-14724,Active,2023-01-22 14:00:00
U-14725,User_U-14725,Active,2023-01-23 14:00:00
U-14728,User_U-14728,Active,2023-01-16 14:00:00
U-14732,User_U-14732,Active,2023-01-08 14:00:00
U-14733,User_U-14733,Active,2023-01-11 14:00:00
U-14734,User_U-14734,Active,2023-01-23 14:00:00
U-14736,User_U-14736,Active,2023-01-05 14:00:00
U-14737,User_U-14737,Active,2023-01-06 14:00:00
U-14739,User_U-14739,Active,2023-01-19 14:00:00
U-14741,User_U-14741,Active,2023-01-15 14:00:00
U-14742,User_U-14742,Active,2023-01-11 14:00:00
U-14744,User_U-14744,Active,2023-01-26 14:00:00
U-14745,User_U-14745,Active,2023-01-25 14:00:00
U-14747,User_U-14747,Active,2023-01-19 14:00:00
U-14749,User_U-14749,Active,2023-01-19 14:00:00
U-14750,User_U-14750,Active,2023-01-10 14:00:00
U-14751,User_U-14751,Active,2023-01-07 14:00:00
U-14752,User_U-14752,Active,2023-01-12 14:00:00
U-14753,User_U-14753,Active,2023-01-24 14:00:00
U-14754,User_U-14754,Active,2023-01-05 14:00:00
U-14755,User_U-14755,Active,2023-01-26 14:00:00
U-14759,User_U-14759,Active,2023-01-18 14:00:00
U-14760,User_U-14760,Active,2023-01-20 14:00:00
U-14762,User_U-14762,Active,2023-01-22 14:00:00
U-14764,User_U-14764,Active,2023-01-28 14:00:00
U-14765,User_U-14765,Active,2023-01-26 14:00:00
U-14767,User_U-14767,Active,2023-01-23 14:00:00
U-14768,User_U-14768,Active,2023-01-14 14:00:00
U-14769,User_U-14769,Active,2023-01-27 14:00:00
U-14771,User_U-14771,Active,2023-01-30 14:00:00
U-14774,User_U-14774,Active,2023-01-23 14:00:00
U-14777,User_U-14777,Active,2023-01-07 14:00:00
U-14780,User_U-14780,Active,2023-01-13 14:00:00
U-14782,User_U-14782,Active,2023-01-04 14:00:00
U-14783,User_U-14783,Active,2023-01-29 14:00:00
U-14785,User_U-14785,Active,2023-01-17 14:00:00
U-14786,User_U-14786,Active,2023-01-11 14:00:00
U-14787,User_U-14787,Active,2023-01-28 14:00:00
U-14790,User_U-14790,Active,2023-01-06 14:00:00
U-14792,User_U-14792,Active,2023-01-19 14:00:00
U-14793,User_U-14793,Active,2023-01-29 14:00:00
U-14795,User_U-14795,Active,2023-01-23 14:00:00
U-14796,User_U-14796,Active,2023-01-03 14:00:00
U-14798,User_U-14798,Active,2023-01-24 14:00:00
U-14800,User_U-14800,Active,2023-01-21 14:00:00
U-14803,User_U-14803,Active,2023-01-09 14:00:00
U-14805,User_U-14805,Active,2023-01-18 14:00:00
U-14806,User_U-14806,Active,2023-01-24 14:00:00
U-14807,User_U-14807,Active,2023-01-24 14:00:00
U-14808,User_U-14808,Active,2023-01-30 14:00:00
U-14810,User_U-14810,Active,2023-01-03 14:00:00
U-14811,User_U-14811,Active,2023-01-27 14:00:00
U-14812,User_U-14812,Active,2023-01-17 14:00:00
U-14814,User_U-14814,Active,2023-01-25 14:00:00
U-14815,User_U-14815,Active,2023-01-20 14:00:00
U-14816,User_U-14816,Active,2023-01-28 14:00:00
U-14817,User_U-14817,Active,2023-01-07 14:00:00
U-14822,User_U-14822,Active,2023-01-10 14:00:00
U-14825,User_U-14825,Active,2023-01-12 14:00:00
U-14826,User_U-14826,Active,2023-01-04 14:00:00
U-14828,User_U-14828,Active,2023-01-22 14:00:00
U-14829,User_U-14829,Active,2023-01-07 14:00:00
U-14831,User_U-14831,Active,2023-01-13 14:00:00
U-14832,User_U-14832,Active,2023-01-12 14:00:00
U-14837,User_U-14837,Active,2023-01-13 14:00:00
U-14838,User_U-14838,Active,2023-01-05 14:00:00
U-14841,User_U-14841,Active,2023-01-18 14:00:00
U-14846,User_U-14846,Active,2023-01-18 14:00:00
U-14847,User_U-14847,Active,2023-01-29 14:00:00
U-14848,User_U-14848,Active,2023-01-22 14:00:00
U-14849,User_U-14849,Active,2023-01-14 14:00:00
U-14851,User_U-14851,Active,2023-01-17 14:00:00
U-14852,User_U-14852,Active,2023-01-27 14:00:00
U-14853,User_U-14853,Active,2023-01-12 14:00:00
U-14855,User_U-14855,Active,2023-01-02 14:00:00
U-14861,User_U-14861,Active,2023-01-20 14:00:00
U-14863,User_U-14863,Active,2023-01-15 14:00:00
U-14864,User_U-14864,Active,2023-01-15 14:00:00
U-14868,User_U-14868,Active,2023-01-06 14:00:00
U-14870,User_U-14870,Active,2023-01-12 14:00:00
U-14871,User_U-14871,Active,2023-01-09 14:00:00
U-14872,User_U-14872,Active,2023-01-12 14:00:00
U-14873,User_U-14873,Active,2023-01-03 14:00:00
U-14875,User_U-14875,Active,2023-01-25 14:00:00
U-14888,User_U-14888,Active,2023-01-23 14:00:00
U-14889,User_U-14889,Active,2023-01-11 14:00:00
U-14891,User_U-14891,Active,2023-01-09 14:00:00
U-14892,User_U-14892,Active,2023-01-02 14:00:00
U-14894,User_U-14894,Active,2023-01-11 14:00:00
U-14896,User_U-14896,Active,2023-01-10 14:00:00
U-14897,User_U-14897,Active,2023-01-22 14:00:00
U-14900,User_U-14900,Active,2023-01-08 14:00:00
U-14901,User_U-14901,Active,2023-01-25 14:00:00
U-14902,User_U-14902,Active,2023-01-14 14:00:00
U-14903,User_U-14903,Active,2023-01-06 14:00:00
U-14904,User_U-14904,Active,2023-01-06 14:00:00
U-14905,User_U-14905,Active,2023-01-25 14:00:00
U-14908,User_U-14908,Active,2023-01-14 14:00:00
U-14909,User_U-14909,Active,2023-01-17 14:00:00
U-14910,User_U-14910,Active,2023-01-29 14:00:00
U-14911,User_U-14911,Active,2023-01-21 14:00:00
U-14912,User_U-14912,Active,2023-01-24 14:00:00
U-14913,User_U-14913,Active,2023-01-23 14:00:00
U-14914,User_U-14914,Active,2023-01-08 14:00:00
U-14915,User_U-14915,Active,2023-01-20 14:00:00
U-14916,User_U-14916,Active,2023-01-21 14:00:00
U-14917,User_U-14917,Active,2023-01-26 14:00:00
U-14918,User_U-14918,Active,2023-01-05 14:00:00
U-14919,User_U-14919,Active,2023-01-18 14:00:00
U-14920,User_U-14920,Active,2023-01-07 14:00:00
U-14921,User_U-14921,Active,2023-01-17 14:00:00
U-14924,User_U-14924,Active,2023-01-22 14:00:00
U-14925,User_U-14925,Active,2023-01-08 14:00:00
U-14926,User_U-14926,Active,2023-01-06 14:00:00
U-14927,User_U-14927,Active,2023-01-04 14:00:00
U-14931,User_U-14931,Active,2023-01-18 14:00:00
U-14932,User_U-14932,Active,2023-01-25 14:00:00
U-14933,User_U-14933,Active,2023-01-30 14:00:00
U-14934,User_U-14934,Active,2023-01-29 14:00:00
U-14935,User_U-14935,Active,2023-01-03 14:00:00
U-14936,User_U-14936,Active,2023-01-17 14:00:00
U-14938,User_U-14938,Active,2023-01-17 14:00:00
U-14939,User_U-14939,Active,2023-01-20 14:00:00
U-14942,User_U-14942,Active,2023-01-13 14:00:00
U-14944,User_U-14944,Active,2023-01-13 14:00:00
U-14948,User_U-14948,Active,2023-01-29 14:00:00
U-14950,User_U-14950,Active,2023-01-08 14:00:00
U-14951,User_U-14951,Active,2023-01-12 14:00:00
U-14952,User_U-14952,Active,2023-01-11 14:00:00
U-14953,User_U-14953,Active,2023-01-21 14:00:00
U-14954,User_U-14954,Active,2023-01-02 14:00:00
U-14955,User_U-14955,Active,2023-01-17 14:00:00
U-14956,User_U-14956,Active,2023-01-04 14:00:00
U-14957,User_U-14957,Active,2023-01-07 14:00:00
U-14958,User_U-14958,Active,2023-01-07 14:00:00
U-14965,User_U-14965,Active,2023-01-10 14:00:00
U-14966,User_U-14966,Active,2023-01-16 14:00:00
U-14968,User_U-14968,Active,2023-01-22 14:00:00
U-14973,User_U-14973,Active,2023-01-15 14:00:00
U-14974,User_U-14974,Active,2023-01-04 14:00:00
U-14977,User_U-14977,Active,2023-01-08 14:00:00
U-14978,User_U-14978,Active,2023-01-13 14:00:00
U-14979,User_U-14979,Active,2023-01-25 14:00:00
U-14981,User_U-14981,Active,2023-01-08 14:00:00
U-14982,User_U-14982,Active,2023-01-05 14:00:00
U-14983,User_U-14983,Active,2023-01-12 14:00:00
U-14985,User_U-14985,Active,2023-01-06 14:00:00
U-14987,User_U-14987,Active,2023-01-29 14:00:00
U-14991,User_U-14991,Active,2023-01-30 14:00:00
U-14993,User_U-14993,Active,2023-01-16 14:00:00
U-14994,User_U-14994,Active,2023-01-05 14:00:00
U-14995,User_U-14995,Active,2023-01-10 14:00:00
U-14998,User_U-14998,Active,2023-01-13 14:00:00
U-15000,User_U-15000,Active,2023-01-06 14:00:00
U-15001,User_U-15001,Active,2023-01-06 14:00:00
U-15003,User_U-15003,Active,2023-01-02 14:00:00
U-15005,User_U-15005,Active,2023-01-27 14:00:00
U-15006,User_U-15006,Active,2023-01-25 14:00:00
U-15008,User_U-15008,Active,2023-01-22 14:00:00
U-15011,User_U-15011,Active,2023-01-27 14:00:00
U-15012,User_U-15012,Active,2023-01-03 14:00:00
U-15013,User_U-15013,Active,2023-01-06 14:00:00
U-15014,User_U-15014,Active,2023-01-18 14:00:00
U-15015,User_U-15015,Active,2023-01-12 14:00:00
U-15016,User_U-15016,Active,2023-01-25 14:00:00
U-15017,User_U-15017,Active,2023-01-19 14:00:00
U-15018,User_U-15018,Active,2023-01-13 14:00:00
U-15019,User_U-15019,Active,2023-01-12 14:00:00
U-15021,User_U-15021,Active,2023-01-28 14:00:00
U-15022,User_U-15022,Active,2023-01-11 14:00:00
U-15024,User_U-15024,Active,2023-01-06 14:00:00
U-15025,User_U-15025,Active,2023-01-14 14:00:00
U-15026,User_U-15026,Active,2023-01-09 14:00:00
U-15027,User_U-15027,Active,2023-01-19 14:00:00
U-15028,User_U-15028,Active,2023-01-22 14:00:00
U-15029,User_U-15029,Active,2023-01-10 14:00:00
U-15030,User_U-15030,Active,2023-01-25 14:00:00
U-15032,User_U-15032,Active,2023-01-16 14:00:00
U-15033,User_U-15033,Active,2023-01-03 14:00:00
U-15035,User_U-15035,Active,2023-01-24 14:00:00
U-15037,User_U-15037,Active,2023-01-30 14:00:00
U-15038,User_U-15038,Active,2023-01-16 14:00:00
U-15039,User_U-15039,Active,2023-01-05 14:00:00
U-15041,User_U-15041,Active,2023-01-07 14:00:00
U-15042,User_U-15042,Active,2023-01-20 14:00:00
U-15043,User_U-15043,Active,2023-01-04 14:00:00
U-15047,User_U-15047,Active,2023-01-04 14:00:00
U-15048,User_U-15048,Active,2023-01-05 14:00:00
U-15050,User_U-15050,Active,2023-01-05 14:00:00
U-15052,User_U-15052,Active,2023-01-21 14:00:00
U-15053,User_U-15053,Active,2023-01-19 14:00:00
U-15054,User_U-15054,Active,2023-01-16 14:00:00
U-15055,User_U-15055,Active,2023-01-06 14:00:00
U-15059,User_U-15059,Active,2023-01-14 14:00:00
U-15060,User_U-15060,Active,2023-01-13 14:00:00
U-15061,User_U-15061,Active,2023-01-12 14:00:00
U-15063,User_U-15063,Active,2023-01-08 14:00:00
U-15066,User_U-15066,Active,2023-01-04 14:00:00
U-15067,User_U-15067,Active,2023-01-16 14:00:00
U-15071,User_U-15071,Active,2023-01-24 14:00:00
U-15072,User_U-15072,Active,2023-01-20 14:00:00
U-15073,User_U-15073,Active,2023-01-14 14:00:00
U-15074,User_U-15074,Active,2023-01-07 14:00:00
U-15077,User_U-15077,Active,2023-01-18 14:00:00
U-15078,User_U-15078,Active,2023-01-08 14:00:00
U-15080,User_U-15080,Active,2023-01-11 14:00:00
U-15081,User_U-15081,Active,2023-01-20 14:00:00
U-15082,User_U-15082,Active,2023-01-07 14:00:00
U-15083,User_U-15083,Active,2023-01-28 14:00:00
U-15084,User_U-15084,Active,2023-01-29 14:00:00
U-15086,User_U-15086,Active,2023-01-03 14:00:00
U-15087,User_U-15087,Active,2023-01-07 14:00:00
U-15088,User_U-15088,Active,2023-01-15 14:00:00
U-15089,User_U-15089,Active,2023-01-17 14:00:00
U-15092,User_U-15092,Active,2023-01-04 14:00:00
U-15095,User_U-15095,Active,2023-01-02 14:00:00
U-15097,User_U-15097,Active,2023-01-26 14:00:00
U-15098,User_U-15098,Active,2023-01-02 14:00:00
U-15100,User_U-15100,Active,2023-01-02 14:00:00
U-15107,User_U-15107,Active,2023-01-02 14:00:00
U-15112,User_U-15112,Active,2023-01-04 14:00:00
U-15113,User_U-15113,Active,2023-01-09 14:00:00
U-15115,User_U-15115,Active,2023-01-30 14:00:00
U-15121,User_U-15121,Active,2023-01-19 14:00:00
U-15122,User_U-15122,Active,2023-01-27 14:00:00
U-15125,User_U-15125,Active,2023-01-13 14:00:00
U-15131,User_U-15131,Active,2023-01-25 14:00:00
U-15133,User_U-15133,Active,2023-01-17 14:00:00
U-15136,User_U-15136,Active,2023-01-17 14:00:00
U-15138,User_U-15138,Active,2023-01-12 14:00:00
U-15140,User_U-15140,Active,2023-01-20 14:00:00
U-15141,User_U-15141,Active,2023-01-14 14:00:00
U-15142,User_U-15142,Active,2023-01-11 14:00:00
U-15144,User_U-15144,Active,2023-01-07 14:00:00
U-15146,User_U-15146,Active,2023-01-25 14:00:00
U-15147,User_U-15147,Active,2023-01-11 14:00:00
U-15148,User_U-15148,Active,2023-01-07 14:00:00
U-15149,User_U-15149,Active,2023-01-16 14:00:00
U-15154,User_U-15154,Active,2023-01-21 14:00:00
U-15156,User_U-15156,Active,2023-01-24 14:00:00
U-15158,User_U-15158,Active,2023-01-30 14:00:00
U-15159,User_U-15159,Active,2023-01-30 14:00:00
U-15161,User_U-15161,Active,2023-01-26 14:00:00
U-15162,User_U-15162,Active,2023-01-28 14:00:00
U-15163,User_U-15163,Active,2023-01-11 14:00:00
U-15164,User_U-15164,Active,2023-01-16 14:00:00
U-15165,User_U-15165,Active,2023-01-12 14:00:00
U-15171,User_U-15171,Active,2023-01-26 14:00:00
U-15172,User_U-15172,Active,2023-01-12 14:00:00
U-15173,User_U-15173,Active,2023-01-14 14:00:00
U-15176,User_U-15176,Active,2023-01-09 14:00:00
U-15178,User_U-15178,Active,2023-01-05 14:00:00
U-15180,User_U-15180,Active,2023-01-23 14:00:00
U-15181,User_U-15181,Active,2023-01-05 14:00:00
U-15183,User_U-15183,Active,2023-01-29 14:00:00
U-15187,User_U-15187,Active,2023-01-30 14:00:00
U-15188,User_U-15188,Active,2023-01-30 14:00:00
U-15193,User_U-15193,Active,2023-01-26 14:00:00
U-15196,User_U-15196,Active,2023-01-25 14:00:00
U-15197,User_U-15197,Active,2023-01-29 14:00:00
U-15199,User_U-15199,Active,2023-01-30 14:00:00
U-15201,User_U-15201,Active,2023-01-08 14:00:00
U-15203,User_U-15203,Active,2023-01-03 14:00:00
U-15205,User_U-15205,Active,2023-01-25 14:00:00
U-15209,User_U-15209,Active,2023-01-30 14:00:00
U-15210,User_U-15210,Active,2023-01-17 14:00:00
U-15214,User_U-15214,Active,2023-01-22 14:00:00
U-15215,User_U-15215,Active,2023-01-27 14:00:00
U-15218,User_U-15218,Active,2023-01-07 14:00:00
U-15219,User_U-15219,Active,2023-01-14 14:00:00
U-15220,User_U-15220,Active,2023-01-28 14:00:00
U-15227,User_U-15227,Active,2023-01-28 14:00:00
U-15228,User_U-15228,Active,2023-01-11 14:00:00
U-15229,User_U-15229,Active,2023-01-13 14:00:00
U-15230,User_U-15230,Active,2023-01-17 14:00:00
U-15233,User_U-15233,Active,2023-01-11 14:00:00
U-15234,User_U-15234,Active,2023-01-03 14:00:00
U-15235,User_U-15235,Active,2023-01-06 14:00:00
U-15236,User_U-15236,Active,2023-01-15 14:00:00
U-15237,User_U-15237,Active,2023-01-03 14:00:00
U-15238,User_U-15238,Active,2023-01-21 14:00:00
U-15241,User_U-15241,Active,2023-01-26 14:00:00
U-15243,User_U-15243,Active,2023-01-24 14:00:00
U-15246,User_U-15246,Active,2023-01-22 14:00:00
U-15248,User_U-15248,Active,2023-01-19 14:00:00
U-15250,User_U-15250,Active,2023-01-11 14:00:00
U-15253,User_U-15253,Active,2023-01-27 14:00:00
U-15254,User_U-15254,Active,2023-01-26 14:00:00
U-15256,User_U-15256,Active,2023-01-22 14:00:00
U-15258,User_U-15258,Active,2023-01-28 14:00:00
U-15259,User_U-15259,Active,2023-01-23 14:00:00
U-15261,User_U-15261,Active,2023-01-30 14:00:00
U-15262,User_U-15262,Active,2023-01-05 14:00:00
U-15263,User_U-15263,Active,2023-01-07 14:00:00
U-15264,User_U-15264,Active,2023-01-09 14:00:00
U-15265,User_U-15265,Active,2023-01-10 14:00:00
U-15267,User_U-15267,Active,2023-01-16 14:00:00
U-15268,User_U-15268,Active,2023-01-02 14:00:00
U-15270,User_U-15270,Active,2023-01-05 14:00:00
U-15271,User_U-15271,Active,2023-01-09 14:00:00
U-15272,User_U-15272,Active,2023-01-22 14:00:00
U-15274,User_U-15274,Active,2023-01-15 14:00:00
U-15276,User_U-15276,Active,2023-01-04 14:00:00
U-15278,User_U-15278,Active,2023-01-04 14:00:00
U-15280,User_U-15280,Active,2023-01-23 14:00:00
U-15282,User_U-15282,Active,2023-01-07 14:00:00
U-15283,User_U-15283,Active,2023-01-19 14:00:00
U-15284,User_U-15284,Active,2023-01-11 14:00:00
U-15285,User_U-15285,Active,2023-01-16 14:00:00
U-15286,User_U-15286,Active,2023-01-21 14:00:00
U-15287,User_U-15287,Active,2023-01-02 14:00:00
U-15291,User_U-15291,Active,2023-01-27 14:00:00
U-15292,User_U-15292,Active,2023-01-15 14:00:00
U-15296,User_U-15296,Active,2023-01-24 14:00:00
U-15297,User_U-15297,Active,2023-01-21 14:00:00
U-15298,User_U-15298,Active,2023-01-28 14:00:00
U-15299,User_U-15299,Active,2023-01-25 14:00:00
U-15302,User_U-15302,Active,2023-01-26 14:00:00
U-15303,User_U-15303,Active,2023-01-28 14:00:00
U-15304,User_U-15304,Active,2023-01-05 14:00:00
U-15305,User_U-15305,Active,2023-01-26 14:00:00
U-15306,User_U-15306,Active,2023-01-02 14:00:00
U-15307,User_U-15307,Active,2023-01-20 14:00:00
U-15308,User_U-15308,Active,2023-01-06 14:00:00
U-15309,User_U-15309,Active,2023-01-18 14:00:00
U-15310,User_U-15310,Active,2023-01-20 14:00:00
U-15312,User_U-15312,Active,2023-01-24 14:00:00
U-15313,User_U-15313,Active,2023-01-07 14:00:00
U-15314,User_U-15314,Active,2023-01-08 14:00:00
U-15318,User_U-15318,Active,2023-01-06 14:00:00
U-15320,User_U-15320,Active,2023-01-27 14:00:00
U-15322,User_U-15322,Active,2023-01-03 14:00:00
U-15325,User_U-15325,Active,2023-01-23 14:00:00
U-15329,User_U-15329,Active,2023-01-06 14:00:00
U-15331,User_U-15331,Active,2023-01-23 14:00:00
U-15333,User_U-15333,Active,2023-01-23 14:00:00
U-15337,User_U-15337,Active,2023-01-07 14:00:00
U-15340,User_U-15340,Active,2023-01-13 14:00:00
U-15341,User_U-15341,Active,2023-01-18 14:00:00
U-15344,User_U-15344,Active,2023-01-05 14:00:00
U-15345,User_U-15345,Active,2023-01-29 14:00:00
U-15349,User_U-15349,Active,2023-01-11 14:00:00
U-15350,User_U-15350,Active,2023-01-02 14:00:00
U-15351,User_U-15351,Active,2023-01-29 14:00:00
U-15352,User_U-15352,Active,2023-01-15 14:00:00
U-15353,User_U-15353,Active,2023-01-29 14:00:00
U-15354,User_U-15354,Active,2023-01-27 14:00:00
U-15356,User_U-15356,Active,2023-01-16 14:00:00
U-15357,User_U-15357,Active,2023-01-29 14:00:00
U-15358,User_U-15358,Active,2023-01-08 14:00:00
U-15360,User_U-15360,Active,2023-01-28 14:00:00
U-15361,User_U-15361,Active,2023-01-28 14:00:00
U-15362,User_U-15362,Active,2023-01-19 14:00:00
U-15364,User_U-15364,Active,2023-01-13 14:00:00
U-15365,User_U-15365,Active,2023-01-22 14:00:00
U-15366,User_U-15366,Active,2023-01-19 14:00:00
U-15369,User_U-15369,Active,2023-01-04 14:00:00
U-15371,User_U-15371,Active,2023-01-09 14:00:00
U-15378,User_U-15378,Active,2023-01-13 14:00:00
U-15379,User_U-15379,Active,2023-01-12 14:00:00
U-15382,User_U-15382,Active,2023-01-26 14:00:00
U-15383,User_U-15383,Active,2023-01-03 14:00:00
U-15385,User_U-15385,Active,2023-01-03 14:00:00
U-15386,User_U-15386,Active,2023-01-28 14:00:00
U-15387,User_U-15387,Active,2023-01-12 14:00:00
U-15388,User_U-15388,Active,2023-01-26 14:00:00
U-15389,User_U-15389,Active,2023-01-07 14:00:00
U-15393,User_U-15393,Active,2023-01-23 14:00:00
U-15394,User_U-15394,Active,2023-01-23 14:00:00
U-15396,User_U-15396,Active,2023-01-05 14:00:00
U-15397,User_U-15397,Active,2023-01-28 14:00:00
U-15398,User_U-15398,Active,2023-01-16 14:00:00
U-15399,User_U-15399,Active,2023-01-29 14:00:00
U-15402,User_U-15402,Active,2023-01-06 14:00:00
U-15403,User_U-15403,Active,2023-01-09 14:00:00
U-15404,User_U-15404,Active,2023-01-18 14:00:00
U-15407,User_U-15407,Active,2023-01-05 14:00:00
U-15409,User_U-15409,Active,2023-01-05 14:00:00
U-15411,User_U-15411,Active,2023-01-09 14:00:00
U-15412,User_U-15412,Active,2023-01-06 14:00:00
U-15413,User_U-15413,Active,2023-01-19 14:00:00
U-15414,User_U-15414,Active,2023-01-16 14:00:00
U-15415,User_U-15415,Active,2023-01-22 14:00:00
U-15416,User_U-15416,Active,2023-01-02 14:00:00
U-15424,User_U-15424,Active,2023-01-07 14:00:00
U-15427,User_U-15427,Active,2023-01-18 14:00:00
U-15429,User_U-15429,Active,2023-01-23 14:00:00
U-15430,User_U-15430,Active,2023-01-18 14:00:00
U-15431,User_U-15431,Active,2023-01-12 14:00:00
U-15432,User_U-15432,Active,2023-01-20 14:00:00
U-15433,User_U-15433,Active,2023-01-11 14:00:00
U-15434,User_U-15434,Active,2023-01-25 14:00:00
U-15435,User_U-15435,Active,2023-01-02 14:00:00
U-15437,User_U-15437,Active,2023-01-30 14:00:00
U-15438,User_U-15438,Active,2023-01-14 14:00:00
U-15442,User_U-15442,Active,2023-01-24 14:00:00
U-15443,User_U-15443,Active,2023-01-18 14:00:00
U-15446,User_U-15446,Active,2023-01-24 14:00:00
U-15447,User_U-15447,Active,2023-01-21 14:00:00
U-15449,User_U-15449,Active,2023-01-04 14:00:00
U-15451,User_U-15451,Active,2023-01-14 14:00:00
U-15453,User_U-15453,Active,2023-01-05 14:00:00
U-15455,User_U-15455,Active,2023-01-05 14:00:00
U-15456,User_U-15456,Active,2023-01-21 14:00:00
U-15457,User_U-15457,Active,2023-01-11 14:00:00
U-15458,User_U-15458,Active,2023-01-21 14:00:00
U-15459,User_U-15459,Active,2023-01-04 14:00:00
U-15461,User_U-15461,Active,2023-01-04 14:00:00
U-15462,User_U-15462,Active,2023-01-23 14:00:00
U-15463,User_U-15463,Active,2023-01-29 14:00:00
U-15464,User_U-15464,Active,2023-01-06 14:00:00
U-15465,User_U-15465,Active,2023-01-13 14:00:00
U-15467,User_U-15467,Active,2023-01-02 14:00:00
U-15468,User_U-15468,Active,2023-01-16 14:00:00
U-15469,User_U-15469,Active,2023-01-29 14:00:00
U-15470,User_U-15470,Active,2023-01-19 14:00:00
U-15471,User_U-15471,Active,2023-01-02 14:00:00
U-15472,User_U-15472,Active,2023-01-12 14:00:00
U-15473,User_U-15473,Active,2023-01-06 14:00:00
U-15474,User_U-15474,Active,2023-01-21 14:00:00
U-15475,User_U-15475,Active,2023-01-24 14:00:00
U-15478,User_U-15478,Active,2023-01-21 14:00:00
U-15479,User_U-15479,Active,2023-01-17 14:00:00
U-15480,User_U-15480,Active,2023-01-02 14:00:00
U-15481,User_U-15481,Active,2023-01-16 14:00:00
U-15482,User_U-15482,Active,2023-01-22 14:00:00
U-15484,User_U-15484,Active,2023-01-23 14:00:00
U-15485,User_U-15485,Active,2023-01-17 14:00:00
U-15488,User_U-15488,Active,2023-01-12 14:00:00
U-15489,User_U-15489,Active,2023-01-11 14:00:00
U-15490,User_U-15490,Active,2023-01-16 14:00:00
U-15494,User_U-15494,Active,2023-01-04 14:00:00
U-15496,User_U-15496,Active,2023-01-26 14:00:00
U-15497,User_U-15497,Active,2023-01-12 14:00:00
U-15500,User_U-15500,Active,2023-01-06 14:00:00
U-15501,User_U-15501,Active,2023-01-02 14:00:00
U-15503,User_U-15503,Active,2023-01-02 14:00:00
U-15504,User_U-15504,Active,2023-01-08 14:00:00
U-15505,User_U-15505,Active,2023-01-19 14:00:00
U-15507,User_U-15507,Active,2023-01-05 14:00:00
U-15509,User_U-15509,Active,2023-01-15 14:00:00
U-15510,User_U-15510,Active,2023-01-13 14:00:00
U-15515,User_U-15515,Active,2023-01-24 14:00:00
U-15516,User_U-15516,Active,2023-01-25 14:00:00
U-15518,User_U-15518,Active,2023-01-11 14:00:00
U-15519,User_U-15519,Active,2023-01-23 14:00:00
U-15521,User_U-15521,Active,2023-01-30 14:00:00
U-15524,User_U-15524,Active,2023-01-11 14:00:00
U-15526,User_U-15526,Active,2023-01-07 14:00:00
U-15527,User_U-15527,Active,2023-01-20 14:00:00
U-15529,User_U-15529,Active,2023-01-22 14:00:00
U-15530,User_U-15530,Active,2023-01-27 14:00:00
U-15532,User_U-15532,Active,2023-01-02 14:00:00
U-15535,User_U-15535,Active,2023-01-03 14:00:00
U-15536,User_U-15536,Active,2023-01-25 14:00:00
U-15538,User_U-15538,Active,2023-01-17 14:00:00
U-15541,User_U-15541,Active,2023-01-12 14:00:00
U-15542,User_U-15542,Active,2023-01-02 14:00:00
U-15543,User_U-15543,Active,2023-01-09 14:00:00
U-15544,User_U-15544,Active,2023-01-02 14:00:00
U-15545,User_U-15545,Active,2023-01-16 14:00:00
U-15546,User_U-15546,Active,2023-01-16 14:00:00
U-15548,User_U-15548,Active,2023-01-12 14:00:00
U-15550,User_U-15550,Active,2023-01-23 14:00:00
U-15551,User_U-15551,Active,2023-01-25 14:00:00
U-15554,User_U-15554,Active,2023-01-26 14:00:00
U-15556,User_U-15556,Active,2023-01-05 14:00:00
U-15558,User_U-15558,Active,2023-01-07 14:00:00
U-15559,User_U-15559,Active,2023-01-16 14:00:00
U-15560,User_U-15560,Active,2023-01-08 14:00:00
U-15561,User_U-15561,Active,2023-01-02 14:00:00
U-15562,User_U-15562,Active,2023-01-27 14:00:00
U-15566,User_U-15566,Active,2023-01-05 14:00:00
U-15570,User_U-15570,Active,2023-01-27 14:00:00
U-15571,User_U-15571,Active,2023-01-25 14:00:00
U-15572,User_U-15572,Active,2023-01-15 14:00:00
U-15573,User_U-15573,Active,2023-01-10 14:00:00
U-15574,User_U-15574,Active,2023-01-06 14:00:00
U-15576,User_U-15576,Active,2023-01-29 14:00:00
U-15577,User_U-15577,Active,2023-01-15 14:00:00
U-15578,User_U-15578,Active,2023-01-09 14:00:00
U-15579,User_U-15579,Active,2023-01-07 14:00:00
U-15580,User_U-15580,Active,2023-01-03 14:00:00
U-15581,User_U-15581,Active,2023-01-10 14:00:00
U-15582,User_U-15582,Active,2023-01-02 14:00:00
U-15585,User_U-15585,Active,2023-01-11 14:00:00
U-15586,User_U-15586,Active,2023-01-10 14:00:00
U-15588,User_U-15588,Active,2023-01-21 14:00:00
U-15591,User_U-15591,Active,2023-01-29 14:00:00
U-15595,User_U-15595,Active,2023-01-02 14:00:00
U-15596,User_U-15596,Active,2023-01-15 14:00:00
U-15597,User_U-15597,Active,2023-01-05 14:00:00
U-15598,User_U-15598,Active,2023-01-24 14:00:00
U-15600,User_U-15600,Active,2023-01-15 14:00:00
U-15603,User_U-15603,Active,2023-01-11 14:00:00
U-15606,User_U-15606,Active,2023-01-10 14:00:00
U-15609,User_U-15609,Active,2023-01-02 14:00:00
U-15610,User_U-15610,Active,2023-01-06 14:00:00
U-15612,User_U-15612,Active,2023-01-17 14:00:00
U-15614,User_U-15614,Active,2023-01-20 14:00:00
U-15616,User_U-15616,Active,2023-01-10 14:00:00
U-15620,User_U-15620,Active,2023-01-30 14:00:00
U-15621,User_U-15621,Active,2023-01-15 14:00:00
U-15622,User_U-15622,Active,2023-01-04 14:00:00
U-15623,User_U-15623,Active,2023-01-29 14:00:00
U-15625,User_U-15625,Active,2023-01-04 14:00:00
U-15626,User_U-15626,Active,2023-01-02 14:00:00
U-15629,User_U-15629,Active,2023-01-26 14:00:00
U-15630,User_U-15630,Active,2023-01-02 14:00:00
U-15631,User_U-15631,Active,2023-01-19 14:00:00
U-15632,User_U-15632,Active,2023-01-17 14:00:00
U-15633,User_U-15633,Active,2023-01-06 14:00:00
U-15636,User_U-15636,Active,2023-01-07 14:00:00
U-15638,User_U-15638,Active,2023-01-06 14:00:00
U-15639,User_U-15639,Active,2023-01-23 14:00:00
U-15640,User_U-15640,Active,2023-01-29 14:00:00
U-15644,User_U-15644,Active,2023-01-19 14:00:00
U-15645,User_U-15645,Active,2023-01-02 14:00:00
U-15646,User_U-15646,Active,2023-01-26 14:00:00
U-15648,User_U-15648,Active,2023-01-16 14:00:00
U-15650,User_U-15650,Active,2023-01-23 14:00:00
U-15651,User_U-15651,Active,2023-01-27 14:00:00
U-15652,User_U-15652,Active,2023-01-15 14:00:00
U-15653,User_U-15653,Active,2023-01-06 14:00:00
U-15654,User_U-15654,Active,2023-01-08 14:00:00
U-15655,User_U-15655,Active,2023-01-02 14:00:00
U-15659,User_U-15659,Active,2023-01-18 14:00:00
U-15660,User_U-15660,Active,2023-01-08 14:00:00
U-15665,User_U-15665,Active,2023-01-27 14:00:00
U-15666,User_U-15666,Active,2023-01-02 14:00:00
U-15667,User_U-15667,Active,2023-01-16 14:00:00
U-15668,User_U-15668,Active,2023-01-20 14:00:00
U-15672,User_U-15672,Active,2023-01-28 14:00:00
U-15673,User_U-15673,Active,2023-01-22 14:00:00
U-15674,User_U-15674,Active,2023-01-19 14:00:00
U-15675,User_U-15675,Active,2023-01-19 14:00:00
U-15677,User_U-15677,Active,2023-01-21 14:00:00
U-15678,User_U-15678,Active,2023-01-20 14:00:00
U-15680,User_U-15680,Active,2023-01-11 14:00:00
U-15681,User_U-15681,Active,2023-01-04 14:00:00
U-15683,User_U-15683,Active,2023-01-22 14:00:00
U-15684,User_U-15684,Active,2023-01-07 14:00:00
U-15688,User_U-15688,Active,2023-01-23 14:00:00
U-15690,User_U-15690,Active,2023-01-20 14:00:00
U-15691,User_U-15691,Active,2023-01-13 14:00:00
U-15693,User_U-15693,Active,2023-01-27 14:00:00
U-15695,User_U-15695,Active,2023-01-17 14:00:00
U-15696,User_U-15696,Active,2023-01-19 14:00:00
U-15698,User_U-15698,Active,2023-01-17 14:00:00
U-15700,User_U-15700,Active,2023-01-07 14:00:00
U-15701,User_U-15701,Active,2023-01-08 14:00:00
U-15704,User_U-15704,Active,2023-01-21 14:00:00
U-15705,User_U-15705,Active,2023-01-05 14:00:00
U-15706,User_U-15706,Active,2023-01-14 14:00:00
U-15707,User_U-15707,Active,2023-01-02 14:00:00
U-15709,User_U-15709,Active,2023-01-14 14:00:00
U-15711,User_U-15711,Active,2023-01-12 14:00:00
U-15713,User_U-15713,Active,2023-01-13 14:00:00
U-15714,User_U-15714,Active,2023-01-21 14:00:00
U-15717,User_U-15717,Active,2023-01-12 14:00:00
U-15718,User_U-15718,Active,2023-01-29 14:00:00
U-15719,User_U-15719,Active,2023-01-05 14:00:00
U-15722,User_U-15722,Active,2023-01-14 14:00:00
U-15724,User_U-15724,Active,2023-01-24 14:00:00
U-15725,User_U-15725,Active,2023-01-17 14:00:00
U-15726,User_U-15726,Active,2023-01-07 14:00:00
U-15727,User_U-15727,Active,2023-01-29 14:00:00
U-15728,User_U-15728,Active,2023-01-14 14:00:00
U-15730,User_U-15730,Active,2023-01-04 14:00:00
U-15733,User_U-15733,Active,2023-01-11 14:00:00
U-15735,User_U-15735,Active,2023-01-19 14:00:00
U-15736,User_U-15736,Active,2023-01-25 14:00:00
U-15737,User_U-15737,Active,2023-01-24 14:00:00
U-15740,User_U-15740,Active,2023-01-05 14:00:00
U-15742,User_U-15742,Active,2023-01-04 14:00:00
U-15743,User_U-15743,Active,2023-01-23 14:00:00
U-15744,User_U-15744,Active,2023-01-07 14:00:00
U-15746,User_U-15746,Active,2023-01-20 14:00:00
U-15749,User_U-15749,Active,2023-01-20 14:00:00
U-15750,User_U-15750,Active,2023-01-02 14:00:00
U-15752,User_U-15752,Active,2023-01-06 14:00:00
U-15754,User_U-15754,Active,2023-01-26 14:00:00
U-15755,User_U-15755,Active,2023-01-03 14:00:00
U-15756,User_U-15756,Active,2023-01-30 14:00:00
U-15757,User_U-15757,Active,2023-01-28 14:00:00
U-15758,User_U-15758,Active,2023-01-12 14:00:00
U-15759,User_U-15759,Active,2023-01-05 14:00:00
U-15763,User_U-15763,Active,2023-01-17 14:00:00
U-15764,User_U-15764,Active,2023-01-23 14:00:00
U-15765,User_U-15765,Active,2023-01-13 14:00:00
U-15766,User_U-15766,Active,2023-01-06 14:00:00
U-15767,User_U-15767,Active,2023-01-28 14:00:00
U-15768,User_U-15768,Active,2023-01-22 14:00:00
U-15770,User_U-15770,Active,2023-01-18 14:00:00
U-15771,User_U-15771,Active,2023-01-22 14:00:00
U-15772,User_U-15772,Active,2023-01-28 14:00:00
U-15775,User_U-15775,Active,2023-01-20 14:00:00
U-15776,User_U-15776,Active,2023-01-16 14:00:00
U-15777,User_U-15777,Active,2023-01-26 14:00:00
U-15778,User_U-15778,Active,2023-01-18 14:00:00
U-15780,User_U-15780,Active,2023-01-18 14:00:00
U-15781,User_U-15781,Active,2023-01-06 14:00:00
U-15782,User_U-15782,Active,2023-01-27 14:00:00
U-15783,User_U-15783,Active,2023-01-13 14:00:00
U-15784,User_U-15784,Active,2023-01-18 14:00:00
U-15786,User_U-15786,Active,2023-01-18 14:00:00
U-15787,User_U-15787,Active,2023-01-24 14:00:00
U-15788,User_U-15788,Active,2023-01-26 14:00:00
U-15791,User_U-15791,Active,2023-01-27 14:00:00
U-15792,User_U-15792,Active,2023-01-25 14:00:00
U-15793,User_U-15793,Active,2023-01-20 14:00:00
U-15794,User_U-15794,Active,2023-01-16 14:00:00
U-15795,User_U-15795,Active,2023-01-08 14:00:00
U-15796,User_U-15796,Active,2023-01-04 14:00:00
U-15797,User_U-15797,Active,2023-01-24 14:00:00
U-15798,User_U-15798,Active,2023-01-30 14:00:00
U-15799,User_U-15799,Active,2023-01-14 14:00:00
U-15802,User_U-15802,Active,2023-01-08 14:00:00
U-15805,User_U-15805,Active,2023-01-15 14:00:00
U-15808,User_U-15808,Active,2023-01-03 14:00:00
U-15809,User_U-15809,Active,2023-01-14 14:00:00
U-15812,User_U-15812,Active,2023-01-25 14:00:00
U-15813,User_U-15813,Active,2023-01-25 14:00:00
U-15814,User_U-15814,Active,2023-01-06 14:00:00
U-15815,User_U-15815,Active,2023-01-12 14:00:00
U-15816,User_U-15816,Active,2023-01-08 14:00:00
U-15817,User_U-15817,Active,2023-01-18 14:00:00
U-15819,User_U-15819,Active,2023-01-28 14:00:00
U-15821,User_U-15821,Active,2023-01-19 14:00:00
U-15822,User_U-15822,Active,2023-01-14 14:00:00
U-15823,User_U-15823,Active,2023-01-27 14:00:00
U-15825,User_U-15825,Active,2023-01-26 14:00:00
U-15828,User_U-15828,Active,2023-01-08 14:00:00
U-15830,User_U-15830,Active,2023-01-08 14:00:00
U-15831,User_U-15831,Active,2023-01-23 14:00:00
U-15833,User_U-15833,Active,2023-01-10 14:00:00
U-15837,User_U-15837,Active,2023-01-27 14:00:00
U-15838,User_U-15838,Active,2023-01-13 14:00:00
U-15839,User_U-15839,Active,2023-01-26 14:00:00
U-15842,User_U-15842,Active,2023-01-18 14:00:00
U-15843,User_U-15843,Active,2023-01-22 14:00:00
U-15845,User_U-15845,Active,2023-01-05 14:00:00
U-15848,User_U-15848,Active,2023-01-27 14:00:00
U-15850,User_U-15850,Active,2023-01-15 14:00:00
U-15852,User_U-15852,Active,2023-01-30 14:00:00
U-15853,User_U-15853,Active,2023-01-25 14:00:00
U-15856,User_U-15856,Active,2023-01-22 14:00:00
U-15857,User_U-15857,Active,2023-01-18 14:00:00
U-15859,User_U-15859,Active,2023-01-18 14:00:00
U-15860,User_U-15860,Active,2023-01-30 14:00:00
U-15862,User_U-15862,Active,2023-01-09 14:00:00
U-15863,User_U-15863,Active,2023-01-04 14:00:00
U-15866,User_U-15866,Active,2023-01-07 14:00:00
U-15868,User_U-15868,Active,2023-01-16 14:00:00
U-15870,User_U-15870,Active,2023-01-10 14:00:00
U-15874,User_U-15874,Active,2023-01-30 14:00:00
U-15882,User_U-15882,Active,2023-01-16 14:00:00
U-15883,User_U-15883,Active,2023-01-12 14:00:00
U-15887,User_U-15887,Active,2023-01-04 14:00:00
U-15888,User_U-15888,Active,2023-01-08 14:00:00
U-15891,User_U-15891,Active,2023-01-25 14:00:00
U-15892,User_U-15892,Active,2023-01-08 14:00:00
U-15894,User_U-15894,Active,2023-01-10 14:00:00
U-15896,User_U-15896,Active,2023-01-29 14:00:00
U-15898,User_U-15898,Active,2023-01-23 14:00:00
U-15899,User_U-15899,Active,2023-01-22 14:00:00
U-15900,User_U-15900,Active,2023-01-05 14:00:00
U-15902,User_U-15902,Active,2023-01-16 14:00:00
U-15903,User_U-15903,Active,2023-01-30 14:00:00
U-15904,User_U-15904,Active,2023-01-14 14:00:00
U-15905,User_U-15905,Active,2023-01-02 14:00:00
U-15907,User_U-15907,Active,2023-01-25 14:00:00
U-15908,User_U-15908,Active,2023-01-07 14:00:00
U-15909,User_U-15909,Active,2023-01-02 14:00:00
U-15910,User_U-15910,Active,2023-01-15 14:00:00
U-15911,User_U-15911,Active,2023-01-04 14:00:00
U-15913,User_U-15913,Active,2023-01-03 14:00:00
U-15914,User_U-15914,Active,2023-01-23 14:00:00
U-15920,User_U-15920,Active,2023-01-17 14:00:00
U-15922,User_U-15922,Active,2023-01-09 14:00:00
U-15925,User_U-15925,Active,2023-01-24 14:00:00
U-15928,User_U-15928,Active,2023-01-20 14:00:00
U-15930,User_U-15930,Active,2023-01-15 14:00:00
U-15931,User_U-15931,Active,2023-01-22 14:00:00
U-15935,User_U-15935,Active,2023-01-10 14:00:00
U-15936,User_U-15936,Active,2023-01-17 14:00:00
U-15937,User_U-15937,Active,2023-01-16 14:00:00
U-15939,User_U-15939,Active,2023-01-22 14:00:00
U-15940,User_U-15940,Active,2023-01-25 14:00:00
U-15941,User_U-15941,Active,2023-01-05 14:00:00
U-15943,User_U-15943,Active,2023-01-27 14:00:00
U-15945,User_U-15945,Active,2023-01-09 14:00:00
U-15948,User_U-15948,Active,2023-01-02 14:00:00
U-15949,User_U-15949,Active,2023-01-20 14:00:00
U-15952,User_U-15952,Active,2023-01-16 14:00:00
U-15953,User_U-15953,Active,2023-01-10 14:00:00
U-15955,User_U-15955,Active,2023-01-06 14:00:00
U-15956,User_U-15956,Active,2023-01-12 14:00:00
U-15957,User_U-15957,Active,2023-01-05 14:00:00
U-15958,User_U-15958,Active,2023-01-19 14:00:00
U-15960,User_U-15960,Active,2023-01-26 14:00:00
U-15961,User_U-15961,Active,2023-01-06 14:00:00
U-15962,User_U-15962,Active,2023-01-20 14:00:00
U-15963,User_U-15963,Active,2023-01-11 14:00:00
U-15964,User_U-15964,Active,2023-01-18 14:00:00
U-15966,User_U-15966,Active,2023-01-21 14:00:00
U-15967,User_U-15967,Active,2023-01-02 14:00:00
U-15969,User_U-15969,Active,2023-01-06 14:00:00
U-15970,User_U-15970,Active,2023-01-11 14:00:00
U-15973,User_U-15973,Active,2023-01-18 14:00:00
U-15976,User_U-15976,Active,2023-01-20 14:00:00
U-15977,User_U-15977,Active,2023-01-12 14:00:00
U-15980,User_U-15980,Active,2023-01-12 14:00:00
U-15982,User_U-15982,Active,2023-01-05 14:00:00
U-15983,User_U-15983,Active,2023-01-07 14:00:00
U-15984,User_U-15984,Active,2023-01-29 14:00:00
U-15986,User_U-15986,Active,2023-01-17 14:00:00
U-15988,User_U-15988,Active,2023-01-07 14:00:00
U-15990,User_U-15990,Active,2023-01-22 14:00:00
U-15992,User_U-15992,Active,2023-01-03 14:00:00
U-15994,User_U-15994,Active,2023-01-30 14:00:00
U-15995,User_U-15995,Active,2023-01-07 14:00:00
U-15996,User_U-15996,Active,2023-01-28 14:00:00
U-15997,User_U-15997,Active,2023-01-11 14:00:00
U-15998,User_U-15998,Active,2023-01-11 14:00:00
U-16001,User_U-16001,Active,2023-01-16 14:00:00
U-16002,User_U-16002,Active,2023-01-09 14:00:00
U-16003,User_U-16003,Active,2023-01-28 14:00:00
U-16004,User_U-16004,Active,2023-01-26 14:00:00
U-16006,User_U-16006,Active,2023-01-06 14:00:00
U-16009,User_U-16009,Active,2023-01-28 14:00:00
U-16010,User_U-16010,Active,2023-01-17 14:00:00
U-16013,User_U-16013,Active,2023-01-29 14:00:00
U-16014,User_U-16014,Active,2023-01-07 14:00:00
U-16015,User_U-16015,Active,2023-01-22 14:00:00
U-16016,User_U-16016,Active,2023-01-02 14:00:00
U-16017,User_U-16017,Active,2023-01-06 14:00:00
U-16018,User_U-16018,Active,2023-01-06 14:00:00
U-16020,User_U-16020,Active,2023-01-02 14:00:00
U-16021,User_U-16021,Active,2023-01-15 14:00:00
U-16022,User_U-16022,Active,2023-01-03 14:00:00
U-16023,User_U-16023,Active,2023-01-12 14:00:00
U-16027,User_U-16027,Active,2023-01-15 14:00:00
U-16028,User_U-16028,Active,2023-01-07 14:00:00
U-16030,User_U-16030,Active,2023-01-27 14:00:00
U-16032,User_U-16032,Active,2023-01-27 14:00:00
U-16035,User_U-16035,Active,2023-01-21 14:00:00
U-16036,User_U-16036,Active,2023-01-04 14:00:00
U-16037,User_U-16037,Active,2023-01-27 14:00:00
U-16039,User_U-16039,Active,2023-01-09 14:00:00
U-16040,User_U-16040,Active,2023-01-29 14:00:00
U-16041,User_U-16041,Active,2023-01-30 14:00:00
U-16042,User_U-16042,Active,2023-01-05 14:00:00
U-16045,User_U-16045,Active,2023-01-27 14:00:00
U-16047,User_U-16047,Active,2023-01-25 14:00:00
U-16048,User_U-16048,Active,2023-01-07 14:00:00
U-16049,User_U-16049,Active,2023-01-12 14:00:00
U-16050,User_U-16050,Active,2023-01-10 14:00:00
U-16051,User_U-16051,Active,2023-01-08 14:00:00
U-16055,User_U-16055,Active,2023-01-23 14:00:00
U-16056,User_U-16056,Active,2023-01-17 14:00:00
U-16058,User_U-16058,Active,2023-01-22 14:00:00
U-16059,User_U-16059,Active,2023-01-16 14:00:00
U-16061,User_U-16061,Active,2023-01-13 14:00:00
U-16063,User_U-16063,Active,2023-01-19 14:00:00
U-16064,User_U-16064,Active,2023-01-03 14:00:00
U-16066,User_U-16066,Active,2023-01-13 14:00:00
U-16069,User_U-16069,Active,2023-01-28 14:00:00
U-16072,User_U-16072,Active,2023-01-16 14:00:00
U-16073,User_U-16073,Active,2023-01-18 14:00:00
U-16076,User_U-16076,Active,2023-01-10 14:00:00
U-16080,User_U-16080,Active,2023-01-08 14:00:00
U-16081,User_U-16081,Active,2023-01-08 14:00:00
U-16082,User_U-16082,Active,2023-01-14 14:00:00
U-16083,User_U-16083,Active,2023-01-02 14:00:00
U-16086,User_U-16086,Active,2023-01-17 14:00:00
U-16087,User_U-16087,Active,2023-01-22 14:00:00
U-16088,User_U-16088,Active,2023-01-27 14:00:00
U-16093,User_U-16093,Active,2023-01-14 14:00:00
U-16094,User_U-16094,Active,2023-01-16 14:00:00
U-16097,User_U-16097,Active,2023-01-23 14:00:00
U-16099,User_U-16099,Active,2023-01-12 14:00:00
U-16100,User_U-16100,Active,2023-01-24 14:00:00
U-16104,User_U-16104,Active,2023-01-12 14:00:00
U-16105,User_U-16105,Active,2023-01-12 14:00:00
U-16106,User_U-16106,Active,2023-01-12 14:00:00
U-16107,User_U-16107,Active,2023-01-25 14:00:00
U-16109,User_U-16109,Active,2023-01-02 14:00:00
U-16111,User_U-16111,Active,2023-01-30 14:00:00
U-16113,User_U-16113,Active,2023-01-12 14:00:00
U-16115,User_U-16115,Active,2023-01-28 14:00:00
U-16118,User_U-16118,Active,2023-01-18 14:00:00
U-16120,User_U-16120,Active,2023-01-04 14:00:00
U-16123,User_U-16123,Active,2023-01-04 14:00:00
U-16124,User_U-16124,Active,2023-01-18 14:00:00
U-16130,User_U-16130,Active,2023-01-30 14:00:00
U-16132,User_U-16132,Active,2023-01-06 14:00:00
U-16133,User_U-16133,Active,2023-01-15 14:00:00
U-16135,User_U-16135,Active,2023-01-24 14:00:00
U-16137,User_U-16137,Active,2023-01-15 14:00:00
U-16138,User_U-16138,Active,2023-01-08 14:00:00
U-16139,User_U-16139,Active,2023-01-19 14:00:00
U-16142,User_U-16142,Active,2023-01-06 14:00:00
U-16143,User_U-16143,Active,2023-01-06 14:00:00
U-16144,User_U-16144,Active,2023-01-23 14:00:00
U-16145,User_U-16145,Active,2023-01-07 14:00:00
U-16147,User_U-16147,Active,2023-01-25 14:00:00
U-16148,User_U-16148,Active,2023-01-19 14:00:00
U-16149,User_U-16149,Active,2023-01-03 14:00:00
U-16150,User_U-16150,Active,2023-01-09 14:00:00
U-16151,User_U-16151,Active,2023-01-18 14:00:00
U-16152,User_U-16152,Active,2023-01-20 14:00:00
U-16153,User_U-16153,Active,2023-01-02 14:00:00
U-16159,User_U-16159,Active,2023-01-06 14:00:00
U-16160,User_U-16160,Active,2023-01-30 14:00:00
U-16161,User_U-16161,Active,2023-01-29 14:00:00
U-16162,User_U-16162,Active,2023-01-22 14:00:00
U-16163,User_U-16163,Active,2023-01-02 14:00:00
U-16165,User_U-16165,Active,2023-01-14 14:00:00
U-16166,User_U-16166,Active,2023-01-21 14:00:00
U-16169,User_U-16169,Active,2023-01-06 14:00:00
U-16172,User_U-16172,Active,2023-01-15 14:00:00
U-16173,User_U-16173,Active,2023-01-21 14:00:00
U-16176,User_U-16176,Active,2023-01-22 14:00:00
U-16177,User_U-16177,Active,2023-01-08 14:00:00
U-16178,User_U-16178,Active,2023-01-24 14:00:00
U-16180,User_U-16180,Active,2023-01-14 14:00:00
U-16182,User_U-16182,Active,2023-01-11 14:00:00
U-16183,User_U-16183,Active,2023-01-22 14:00:00
U-16184,User_U-16184,Active,2023-01-14 14:00:00
U-16186,User_U-16186,Active,2023-01-06 14:00:00
U-16187,User_U-16187,Active,2023-01-03 14:00:00
U-16188,User_U-16188,Active,2023-01-11 14:00:00
U-16189,User_U-16189,Active,2023-01-19 14:00:00
U-16195,User_U-16195,Active,2023-01-12 14:00:00
U-16196,User_U-16196,Active,2023-01-25 14:00:00
U-16199,User_U-16199,Active,2023-01-22 14:00:00
U-16201,User_U-16201,Active,2023-01-02 14:00:00
U-16203,User_U-16203,Active,2023-01-28 14:00:00
U-16204,User_U-16204,Active,2023-01-11 14:00:00
U-16205,User_U-16205,Active,2023-01-09 14:00:00
U-16210,User_U-16210,Active,2023-01-04 14:00:00
U-16211,User_U-16211,Active,2023-01-17 14:00:00
U-16212,User_U-16212,Active,2023-01-03 14:00:00
U-16214,User_U-16214,Active,2023-01-24 14:00:00
U-16215,User_U-16215,Active,2023-01-18 14:00:00
U-16218,User_U-16218,Active,2023-01-09 14:00:00
U-16219,User_U-16219,Active,2023-01-20 14:00:00
U-16220,User_U-16220,Active,2023-01-30 14:00:00
U-16221,User_U-16221,Active,2023-01-25 14:00:00
U-16223,User_U-16223,Active,2023-01-12 14:00:00
U-16227,User_U-16227,Active,2023-01-09 14:00:00
U-16229,User_U-16229,Active,2023-01-09 14:00:00
U-16232,User_U-16232,Active,2023-01-20 14:00:00
U-16234,User_U-16234,Active,2023-01-26 14:00:00
U-16236,User_U-16236,Active,2023-01-18 14:00:00
U-16237,User_U-16237,Active,2023-01-06 14:00:00
U-16239,User_U-16239,Active,2023-01-06 14:00:00
U-16243,User_U-16243,Active,2023-01-17 14:00:00
U-16244,User_U-16244,Active,2023-01-29 14:00:00
U-16246,User_U-16246,Active,2023-01-22 14:00:00
U-16247,User_U-16247,Active,2023-01-03 14:00:00
U-16248,User_U-16248,Active,2023-01-03 14:00:00
U-16249,User_U-16249,Active,2023-01-16 14:00:00
U-16250,User_U-16250,Active,2023-01-19 14:00:00
U-16253,User_U-16253,Active,2023-01-30 14:00:00
U-16255,User_U-16255,Active,2023-01-20 14:00:00
U-16258,User_U-16258,Active,2023-01-30 14:00:00
U-16259,User_U-16259,Active,2023-01-26 14:00:00
U-16261,User_U-16261,Active,2023-01-27 14:00:00
U-16262,User_U-16262,Active,2023-01-19 14:00:00
U-16263,User_U-16263,Active,2023-01-23 14:00:00
U-16264,User_U-16264,Active,2023-01-10 14:00:00
U-16267,User_U-16267,Active,2023-01-16 14:00:00
U-16268,User_U-16268,Active,2023-01-28 14:00:00
U-16269,User_U-16269,Active,2023-01-10 14:00:00
U-16273,User_U-16273,Active,2023-01-11 14:00:00
U-16275,User_U-16275,Active,2023-01-29 14:00:00
U-16276,User_U-16276,Active,2023-01-20 14:00:00
U-16277,User_U-16277,Active,2023-01-16 14:00:00
U-16278,User_U-16278,Active,2023-01-04 14:00:00
U-16280,User_U-16280,Active,2023-01-13 14:00:00
U-16281,User_U-16281,Active,2023-01-22 14:00:00
U-16284,User_U-16284,Active,2023-01-05 14:00:00
U-16287,User_U-16287,Active,2023-01-18 14:00:00
U-16288,User_U-16288,Active,2023-01-08 14:00:00
U-16289,User_U-16289,Active,2023-01-08 14:00:00
U-16291,User_U-16291,Active,2023-01-27 14:00:00
U-16292,User_U-16292,Active,2023-01-12 14:00:00
U-16293,User_U-16293,Active,2023-01-02 14:00:00
U-16296,User_U-16296,Active,2023-01-23 14:00:00
U-16299,User_U-16299,Active,2023-01-23 14:00:00
U-16300,User_U-16300,Active,2023-01-05 14:00:00
U-16301,User_U-16301,Active,2023-01-10 14:00:00
U-16302,User_U-16302,Active,2023-01-14 14:00:00
U-16303,User_U-16303,Active,2023-01-19 14:00:00
U-16305,User_U-16305,Active,2023-01-10 14:00:00
U-16306,User_U-16306,Active,2023-01-11 14:00:00
U-16310,User_U-16310,Active,2023-01-08 14:00:00
U-16314,User_U-16314,Active,2023-01-23 14:00:00
U-16316,User_U-16316,Active,2023-01-11 14:00:00
U-16317,User_U-16317,Active,2023-01-05 14:00:00
U-16320,User_U-16320,Active,2023-01-06 14:00:00
U-16322,User_U-16322,Active,2023-01-14 14:00:00
U-16325,User_U-16325,Active,2023-01-13 14:00:00
U-16326,User_U-16326,Active,2023-01-17 14:00:00
U-16327,User_U-16327,Active,2023-01-21 14:00:00
U-16328,User_U-16328,Active,2023-01-09 14:00:00
U-16329,User_U-16329,Active,2023-01-05 14:00:00
U-16330,User_U-16330,Active,2023-01-21 14:00:00
U-16331,User_U-16331,Active,2023-01-03 14:00:00
U-16333,User_U-16333,Active,2023-01-14 14:00:00
U-16334,User_U-16334,Active,2023-01-07 14:00:00
U-16338,User_U-16338,Active,2023-01-05 14:00:00
U-16340,User_U-16340,Active,2023-01-28 14:00:00
U-16342,User_U-16342,Active,2023-01-26 14:00:00
U-16344,User_U-16344,Active,2023-01-05 14:00:00
U-16346,User_U-16346,Active,2023-01-28 14:00:00
U-16347,User_U-16347,Active,2023-01-07 14:00:00
U-16348,User_U-16348,Active,2023-01-17 14:00:00
U-16349,User_U-16349,Active,2023-01-17 14:00:00
U-16350,User_U-16350,Active,2023-01-07 14:00:00
U-16351,User_U-16351,Active,2023-01-19 14:00:00
U-16353,User_U-16353,Active,2023-01-13 14:00:00
U-16354,User_U-16354,Active,2023-01-20 14:00:00
U-16357,User_U-16357,Active,2023-01-04 14:00:00
U-16360,User_U-16360,Active,2023-01-24 14:00:00
U-16361,User_U-16361,Active,2023-01-07 14:00:00
U-16362,User_U-16362,Active,2023-01-25 14:00:00
U-16363,User_U-16363,Active,2023-01-26 14:00:00
U-16367,User_U-16367,Active,2023-01-05 14:00:00
U-16370,User_U-16370,Active,2023-01-15 14:00:00
U-16372,User_U-16372,Active,2023-01-10 14:00:00
U-16373,User_U-16373,Active,2023-01-08 14:00:00
U-16374,User_U-16374,Active,2023-01-04 14:00:00
U-16375,User_U-16375,Active,2023-01-10 14:00:00
U-16381,User_U-16381,Active,2023-01-14 14:00:00
U-16382,User_U-16382,Active,2023-01-04 14:00:00
U-16385,User_U-16385,Active,2023-01-08 14:00:00
U-16386,User_U-16386,Active,2023-01-14 14:00:00
U-16387,User_U-16387,Active,2023-01-19 14:00:00
U-16389,User_U-16389,Active,2023-01-16 14:00:00
U-16392,User_U-16392,Active,2023-01-24 14:00:00
U-16393,User_U-16393,Active,2023-01-09 14:00:00
U-16394,User_U-16394,Active,2023-01-23 14:00:00
U-16395,User_U-16395,Active,2023-01-17 14:00:00
U-16396,User_U-16396,Active,2023-01-25 14:00:00
U-16399,User_U-16399,Active,2023-01-20 14:00:00
U-16400,User_U-16400,Active,2023-01-11 14:00:00
U-16404,User_U-16404,Active,2023-01-27 14:00:00
U-16406,User_U-16406,Active,2023-01-11 14:00:00
U-16408,User_U-16408,Active,2023-01-21 14:00:00
U-16409,User_U-16409,Active,2023-01-27 14:00:00
U-16410,User_U-16410,Active,2023-01-15 14:00:00
U-16411,User_U-16411,Active,2023-01-04 14:00:00
U-16415,User_U-16415,Active,2023-01-29 14:00:00
U-16416,User_U-16416,Active,2023-01-08 14:00:00
U-16417,User_U-16417,Active,2023-01-12 14:00:00
U-16421,User_U-16421,Active,2023-01-10 14:00:00
U-16422,User_U-16422,Active,2023-01-21 14:00:00
U-16423,User_U-16423,Active,2023-01-20 14:00:00
U-16424,User_U-16424,Active,2023-01-02 14:00:00
U-16425,User_U-16425,Active,2023-01-29 14:00:00
U-16426,User_U-16426,Active,2023-01-21 14:00:00
U-16427,User_U-16427,Active,2023-01-22 14:00:00
U-16429,User_U-16429,Active,2023-01-27 14:00:00
U-16432,User_U-16432,Active,2023-01-26 14:00:00
U-16433,User_U-16433,Active,2023-01-05 14:00:00
U-16434,User_U-16434,Active,2023-01-28 14:00:00
U-16436,User_U-16436,Active,2023-01-25 14:00:00
U-16437,User_U-16437,Active,2023-01-08 14:00:00
U-16441,User_U-16441,Active,2023-01-10 14:00:00
U-16444,User_U-16444,Active,2023-01-12 14:00:00
U-16446,User_U-16446,Active,2023-01-03 14:00:00
U-16447,User_U-16447,Active,2023-01-23 14:00:00
U-16448,User_U-16448,Active,2023-01-30 14:00:00
U-16450,User_U-16450,Active,2023-01-06 14:00:00
U-16451,User_U-16451,Active,2023-01-22 14:00:00
U-16452,User_U-16452,Active,2023-01-17 14:00:00
U-16453,User_U-16453,Active,2023-01-23 14:00:00
U-16454,User_U-16454,Active,2023-01-20 14:00:00
U-16455,User_U-16455,Active,2023-01-08 14:00:00
U-16456,User_U-16456,Active,2023-01-21 14:00:00
U-16458,User_U-16458,Active,2023-01-23 14:00:00
U-16459,User_U-16459,Active,2023-01-12 14:00:00
U-16465,User_U-16465,Active,2023-01-03 14:00:00
U-16466,User_U-16466,Active,2023-01-05 14:00:00
U-16467,User_U-16467,Active,2023-01-05 14:00:00
U-16468,User_U-16468,Active,2023-01-07 14:00:00
U-16470,User_U-16470,Active,2023-01-10 14:00:00
U-16473,User_U-16473,Active,2023-01-24 14:00:00
U-16474,User_U-16474,Active,2023-01-07 14:00:00
U-16475,User_U-16475,Active,2023-01-06 14:00:00
U-16476,User_U-16476,Active,2023-01-06 14:00:00
U-16479,User_U-16479,Active,2023-01-28 14:00:00
U-16483,User_U-16483,Active,2023-01-16 14:00:00
U-16485,User_U-16485,Active,2023-01-08 14:00:00
U-16486,User_U-16486,Active,2023-01-08 14:00:00
U-16487,User_U-16487,Active,2023-01-15 14:00:00
U-16488,User_U-16488,Active,2023-01-28 14:00:00
U-16489,User_U-16489,Active,2023-01-11 14:00:00
U-16492,User_U-16492,Active,2023-01-02 14:00:00
U-16494,User_U-16494,Active,2023-01-12 14:00:00
U-16496,User_U-16496,Active,2023-01-30 14:00:00
U-16497,User_U-16497,Active,2023-01-09 14:00:00
U-16498,User_U-16498,Active,2023-01-12 14:00:00
U-16502,User_U-16502,Active,2023-01-07 14:00:00
U-16506,User_U-16506,Active,2023-01-21 14:00:00
U-16508,User_U-16508,Active,2023-01-22 14:00:00
U-16510,User_U-16510,Active,2023-01-03 14:00:00
U-16511,User_U-16511,Active,2023-01-24 14:00:00
U-16513,User_U-16513,Active,2023-01-15 14:00:00
U-16514,User_U-16514,Active,2023-01-09 14:00:00
U-16516,User_U-16516,Active,2023-01-09 14:00:00
U-16518,User_U-16518,Active,2023-01-04 14:00:00
U-16519,User_U-16519,Active,2023-01-22 14:00:00
U-16520,User_U-16520,Active,2023-01-22 14:00:00
U-16522,User_U-16522,Active,2023-01-14 14:00:00
U-16524,User_U-16524,Active,2023-01-30 14:00:00
U-16526,User_U-16526,Active,2023-01-19 14:00:00
U-16527,User_U-16527,Active,2023-01-19 14:00:00
U-16530,User_U-16530,Active,2023-01-15 14:00:00
U-16533,User_U-16533,Active,2023-01-19 14:00:00
U-16534,User_U-16534,Active,2023-01-26 14:00:00
U-16536,User_U-16536,Active,2023-01-23 14:00:00
U-16538,User_U-16538,Active,2023-01-11 14:00:00
U-16539,User_U-16539,Active,2023-01-11 14:00:00
U-16540,User_U-16540,Active,2023-01-29 14:00:00
U-16541,User_U-16541,Active,2023-01-22 14:00:00
U-16542,User_U-16542,Active,2023-01-15 14:00:00
U-16543,User_U-16543,Active,2023-01-06 14:00:00
U-16544,User_U-16544,Active,2023-01-16 14:00:00
U-16547,User_U-16547,Active,2023-01-02 14:00:00
U-16549,User_U-16549,Active,2023-01-02 14:00:00
U-16550,User_U-16550,Active,2023-01-18 14:00:00
U-16555,User_U-16555,Active,2023-01-18 14:00:00
U-16556,User_U-16556,Active,2023-01-03 14:00:00
U-16557,User_U-16557,Active,2023-01-30 14:00:00
U-16558,User_U-16558,Active,2023-01-16 14:00:00
U-16561,User_U-16561,Active,2023-01-10 14:00:00
U-16562,User_U-16562,Active,2023-01-18 14:00:00
U-16563,User_U-16563,Active,2023-01-16 14:00:00
U-16566,User_U-16566,Active,2023-01-20 14:00:00
U-16571,User_U-16571,Active,2023-01-06 14:00:00
U-16572,User_U-16572,Active,2023-01-13 14:00:00
U-16573,User_U-16573,Active,2023-01-30 14:00:00
U-16574,User_U-16574,Active,2023-01-06 14:00:00
U-16577,User_U-16577,Active,2023-01-10 14:00:00
U-16579,User_U-16579,Active,2023-01-08 14:00:00
U-16583,User_U-16583,Active,2023-01-13 14:00:00
U-16584,User_U-16584,Active,2023-01-18 14:00:00
U-16586,User_U-16586,Active,2023-01-02 14:00:00
U-16587,User_U-16587,Active,2023-01-26 14:00:00
U-16588,User_U-16588,Active,2023-01-09 14:00:00
U-16589,User_U-16589,Active,2023-01-27 14:00:00
U-16594,User_U-16594,Active,2023-01-18 14:00:00
U-16596,User_U-16596,Active,2023-01-19 14:00:00
U-16597,User_U-16597,Active,2023-01-22 14:00:00
U-16598,User_U-16598,Active,2023-01-02 14:00:00
U-16602,User_U-16602,Active,2023-01-11 14:00:00
U-16605,User_U-16605,Active,2023-01-14 14:00:00
U-16606,User_U-16606,Active,2023-01-20 14:00:00
U-16608,User_U-16608,Active,2023-01-17 14:00:00
U-16610,User_U-16610,Active,2023-01-18 14:00:00
U-16614,User_U-16614,Active,2023-01-11 14:00:00
U-16615,User_U-16615,Active,2023-01-24 14:00:00
U-16620,User_U-16620,Active,2023-01-16 14:00:00
U-16624,User_U-16624,Active,2023-01-15 14:00:00
U-16627,User_U-16627,Active,2023-01-24 14:00:00
U-16628,User_U-16628,Active,2023-01-08 14:00:00
U-16629,User_U-16629,Active,2023-01-23 14:00:00
U-16632,User_U-16632,Active,2023-01-22 14:00:00
U-16633,User_U-16633,Active,2023-01-21 14:00:00
U-16634,User_U-16634,Active,2023-01-12 14:00:00
U-16635,User_U-16635,Active,2023-01-06 14:00:00
U-16637,User_U-16637,Active,2023-01-26 14:00:00
U-16638,User_U-16638,Active,2023-01-30 14:00:00
U-16642,User_U-16642,Active,2023-01-16 14:00:00
U-16643,User_U-16643,Active,2023-01-26 14:00:00
U-16646,User_U-16646,Active,2023-01-13 14:00:00
U-16647,User_U-16647,Active,2023-01-23 14:00:00
U-16649,User_U-16649,Active,2023-01-07 14:00:00
U-16653,User_U-16653,Active,2023-01-04 14:00:00
U-16654,User_U-16654,Active,2023-01-27 14:00:00
U-16655,User_U-16655,Active,2023-01-26 14:00:00
U-16656,User_U-16656,Active,2023-01-23 14:00:00
U-16658,User_U-16658,Active,2023-01-02 14:00:00
U-16660,User_U-16660,Active,2023-01-20 14:00:00
U-16661,User_U-16661,Active,2023-01-22 14:00:00
U-16662,User_U-16662,Active,2023-01-20 14:00:00
U-16665,User_U-16665,Active,2023-01-16 14:00:00
U-16666,User_U-16666,Active,2023-01-27 14:00:00
U-16667,User_U-16667,Active,2023-01-26 14:00:00
U-16668,User_U-16668,Active,2023-01-08 14:00:00
U-16670,User_U-16670,Active,2023-01-02 14:00:00
U-16672,User_U-16672,Active,2023-01-02 14:00:00
U-16674,User_U-16674,Active,2023-01-27 14:00:00
U-16676,User_U-16676,Active,2023-01-05 14:00:00
U-16678,User_U-16678,Active,2023-01-11 14:00:00
U-16679,User_U-16679,Active,2023-01-10 14:00:00
U-16681,User_U-16681,Active,2023-01-18 14:00:00
U-16682,User_U-16682,Active,2023-01-13 14:00:00
U-16683,User_U-16683,Active,2023-01-11 14:00:00
U-16684,User_U-16684,Active,2023-01-15 14:00:00
U-16685,User_U-16685,Active,2023-01-27 14:00:00
U-16687,User_U-16687,Active,2023-01-21 14:00:00
U-16690,User_U-16690,Active,2023-01-02 14:00:00
U-16691,User_U-16691,Active,2023-01-18 14:00:00
U-16692,User_U-16692,Active,2023-01-07 14:00:00
U-16695,User_U-16695,Active,2023-01-07 14:00:00
U-16696,User_U-16696,Active,2023-01-08 14:00:00
U-16698,User_U-16698,Active,2023-01-24 14:00:00
U-16700,User_U-16700,Active,2023-01-06 14:00:00
U-16703,User_U-16703,Active,2023-01-14 14:00:00
U-16704,User_U-16704,Active,2023-01-02 14:00:00
U-16705,User_U-16705,Active,2023-01-10 14:00:00
U-16708,User_U-16708,Active,2023-01-18 14:00:00
U-16711,User_U-16711,Active,2023-01-13 14:00:00
U-16712,User_U-16712,Active,2023-01-23 14:00:00
U-16713,User_U-16713,Active,2023-01-10 14:00:00
U-16714,User_U-16714,Active,2023-01-14 14:00:00
U-16716,User_U-16716,Active,2023-01-04 14:00:00
U-16718,User_U-16718,Active,2023-01-29 14:00:00
U-16719,User_U-16719,Active,2023-01-20 14:00:00
U-16720,User_U-16720,Active,2023-01-09 14:00:00
U-16723,User_U-16723,Active,2023-01-26 14:00:00
U-16724,User_U-16724,Active,2023-01-23 14:00:00
U-16725,User_U-16725,Active,2023-01-14 14:00:00
U-16726,User_U-16726,Active,2023-01-22 14:00:00
U-16727,User_U-16727,Active,2023-01-30 14:00:00
U-16731,User_U-16731,Active,2023-01-09 14:00:00
U-16733,User_U-16733,Active,2023-01-08 14:00:00
U-16737,User_U-16737,Active,2023-01-09 14:00:00
U-16742,User_U-16742,Active,2023-01-17 14:00:00
U-16743,User_U-16743,Active,2023-01-30 14:00:00
U-16744,User_U-16744,Active,2023-01-04 14:00:00
U-16747,User_U-16747,Active,2023-01-12 14:00:00
U-16748,User_U-16748,Active,2023-01-22 14:00:00
U-16749,User_U-16749,Active,2023-01-11 14:00:00
U-16750,User_U-16750,Active,2023-01-29 14:00:00
U-16752,User_U-16752,Active,2023-01-25 14:00:00
U-16754,User_U-16754,Active,2023-01-22 14:00:00
U-16756,User_U-16756,Active,2023-01-18 14:00:00
U-16758,User_U-16758,Active,2023-01-05 14:00:00
U-16759,User_U-16759,Active,2023-01-11 14:00:00
U-16760,User_U-16760,Active,2023-01-29 14:00:00
U-16762,User_U-16762,Active,2023-01-21 14:00:00
U-16763,User_U-16763,Active,2023-01-20 14:00:00
U-16764,User_U-16764,Active,2023-01-19 14:00:00
U-16765,User_U-16765,Active,2023-01-16 14:00:00
U-16769,User_U-16769,Active,2023-01-11 14:00:00
U-16770,User_U-16770,Active,2023-01-26 14:00:00
U-16771,User_U-16771,Active,2023-01-25 14:00:00
U-16772,User_U-16772,Active,2023-01-13 14:00:00
U-16778,User_U-16778,Active,2023-01-16 14:00:00
U-16781,User_U-16781,Active,2023-01-19 14:00:00
U-16782,User_U-16782,Active,2023-01-30 14:00:00
U-16784,User_U-16784,Active,2023-01-25 14:00:00
U-16785,User_U-16785,Active,2023-01-22 14:00:00
U-16787,User_U-16787,Active,2023-01-27 14:00:00
U-16789,User_U-16789,Active,2023-01-12 14:00:00
U-16790,User_U-16790,Active,2023-01-22 14:00:00
U-16792,User_U-16792,Active,2023-01-27 14:00:00
U-16793,User_U-16793,Active,2023-01-28 14:00:00
U-16796,User_U-16796,Active,2023-01-02 14:00:00
U-16797,User_U-16797,Active,2023-01-24 14:00:00
U-16800,User_U-16800,Active,2023-01-06 14:00:00
U-16801,User_U-16801,Active,2023-01-06 14:00:00
U-16802,User_U-16802,Active,2023-01-15 14:00:00
U-16804,User_U-16804,Active,2023-01-22 14:00:00
U-16805,User_U-16805,Active,2023-01-22 14:00:00
U-16806,User_U-16806,Active,2023-01-03 14:00:00
U-16809,User_U-16809,Active,2023-01-18 14:00:00
U-16810,User_U-16810,Active,2023-01-26 14:00:00
U-16811,User_U-16811,Active,2023-01-16 14:00:00
U-16812,User_U-16812,Active,2023-01-28 14:00:00
U-16814,User_U-16814,Active,2023-01-27 14:00:00
U-16815,User_U-16815,Active,2023-01-11 14:00:00
U-16817,User_U-16817,Active,2023-01-21 14:00:00
U-16818,User_U-16818,Active,2023-01-07 14:00:00
U-16819,User_U-16819,Active,2023-01-13 14:00:00
U-16823,User_U-16823,Active,2023-01-23 14:00:00
U-16824,User_U-16824,Active,2023-01-06 14:00:00
U-16825,User_U-16825,Active,2023-01-19 14:00:00
U-16826,User_U-16826,Active,2023-01-23 14:00:00
U-16827,User_U-16827,Active,2023-01-07 14:00:00
U-16828,User_U-16828,Active,2023-01-20 14:00:00
U-16831,User_U-16831,Active,2023-01-12 14:00:00
U-16832,User_U-16832,Active,2023-01-04 14:00:00
U-16833,User_U-16833,Active,2023-01-19 14:00:00
U-16836,User_U-16836,Active,2023-01-27 14:00:00
U-16838,User_U-16838,Active,2023-01-25 14:00:00
U-16839,User_U-16839,Active,2023-01-06 14:00:00
U-16840,User_U-16840,Active,2023-01-13 14:00:00
U-16843,User_U-16843,Active,2023-01-24 14:00:00
U-16844,User_U-16844,Active,2023-01-23 14:00:00
U-16845,User_U-16845,Active,2023-01-21 14:00:00
U-16846,User_U-16846,Active,2023-01-29 14:00:00
U-16847,User_U-16847,Active,2023-01-26 14:00:00
U-16848,User_U-16848,Active,2023-01-04 14:00:00
U-16849,User_U-16849,Active,2023-01-12 14:00:00
U-16850,User_U-16850,Active,2023-01-08 14:00:00
U-16851,User_U-16851,Active,2023-01-20 14:00:00
U-16855,User_U-16855,Active,2023-01-20 14:00:00
U-16858,User_U-16858,Active,2023-01-02 14:00:00
U-16859,User_U-16859,Active,2023-01-07 14:00:00
U-16861,User_U-16861,Active,2023-01-14 14:00:00
U-16867,User_U-16867,Active,2023-01-16 14:00:00
U-16871,User_U-16871,Active,2023-01-07 14:00:00
U-16873,User_U-16873,Active,2023-01-23 14:00:00
U-16874,User_U-16874,Active,2023-01-26 14:00:00
U-16875,User_U-16875,Active,2023-01-26 14:00:00
U-16878,User_U-16878,Active,2023-01-09 14:00:00
U-16882,User_U-16882,Active,2023-01-10 14:00:00
U-16883,User_U-16883,Active,2023-01-21 14:00:00
U-16884,User_U-16884,Active,2023-01-06 14:00:00
U-16887,User_U-16887,Active,2023-01-06 14:00:00
U-16888,User_U-16888,Active,2023-01-08 14:00:00
U-16889,User_U-16889,Active,2023-01-20 14:00:00
U-16893,User_U-16893,Active,2023-01-23 14:00:00
U-16894,User_U-16894,Active,2023-01-07 14:00:00
U-16896,User_U-16896,Active,2023-01-05 14:00:00
U-16898,User_U-16898,Active,2023-01-15 14:00:00
U-16899,User_U-16899,Active,2023-01-21 14:00:00
U-16901,User_U-16901,Active,2023-01-21 14:00:00
U-16903,User_U-16903,Active,2023-01-05 14:00:00
U-16904,User_U-16904,Active,2023-01-17 14:00:00
U-16905,User_U-16905,Active,2023-01-21 14:00:00
U-16906,User_U-16906,Active,2023-01-10 14:00:00
U-16907,User_U-16907,Active,2023-01-04 14:00:00
U-16909,User_U-16909,Active,2023-01-05 14:00:00
U-16910,User_U-16910,Active,2023-01-18 14:00:00
U-16912,User_U-16912,Active,2023-01-29 14:00:00
U-16913,User_U-16913,Active,2023-01-09 14:00:00
U-16914,User_U-16914,Active,2023-01-23 14:00:00
U-16915,User_U-16915,Active,2023-01-28 14:00:00
U-16916,User_U-16916,Active,2023-01-19 14:00:00
U-16921,User_U-16921,Active,2023-01-10 14:00:00
U-16922,User_U-16922,Active,2023-01-04 14:00:00
U-16926,User_U-16926,Active,2023-01-17 14:00:00
U-16928,User_U-16928,Active,2023-01-13 14:00:00
U-16929,User_U-16929,Active,2023-01-11 14:00:00
U-16930,User_U-16930,Active,2023-01-25 14:00:00
U-16931,User_U-16931,Active,2023-01-20 14:00:00
U-16933,User_U-16933,Active,2023-01-13 14:00:00
U-16935,User_U-16935,Active,2023-01-09 14:00:00
U-16936,User_U-16936,Active,2023-01-16 14:00:00
U-16937,User_U-16937,Active,2023-01-20 14:00:00
U-16941,User_U-16941,Active,2023-01-18 14:00:00
U-16942,User_U-16942,Active,2023-01-08 14:00:00
U-16944,User_U-16944,Active,2023-01-13 14:00:00
U-16945,User_U-16945,Active,2023-01-09 14:00:00
U-16946,User_U-16946,Active,2023-01-21 14:00:00
U-16948,User_U-16948,Active,2023-01-06 14:00:00
U-16952,User_U-16952,Active,2023-01-12 14:00:00
U-16953,User_U-16953,Active,2023-01-26 14:00:00
U-16956,User_U-16956,Active,2023-01-27 14:00:00
U-16957,User_U-16957,Active,2023-01-22 14:00:00
U-16960,User_U-16960,Active,2023-01-05 14:00:00
U-16962,User_U-16962,Active,2023-01-06 14:00:00
U-16963,User_U-16963,Active,2023-01-30 14:00:00
U-16965,User_U-16965,Active,2023-01-05 14:00:00
U-16966,User_U-16966,Active,2023-01-15 14:00:00
U-16967,User_U-16967,Active,2023-01-13 14:00:00
U-16969,User_U-16969,Active,2023-01-12 14:00:00
U-16970,User_U-16970,Active,2023-01-27 14:00:00
U-16972,User_U-16972,Active,2023-01-02 14:00:00
U-16973,User_U-16973,Active,2023-01-29 14:00:00
U-16974,User_U-16974,Active,2023-01-28 14:00:00
U-16976,User_U-16976,Active,2023-01-19 14:00:00
U-16977,User_U-16977,Active,2023-01-29 14:00:00
U-16978,User_U-16978,Active,2023-01-03 14:00:00
U-16979,User_U-16979,Active,2023-01-28 14:00:00
U-16980,User_U-16980,Active,2023-01-10 14:00:00
U-16985,User_U-16985,Active,2023-01-21 14:00:00
U-16986,User_U-16986,Active,2023-01-15 14:00:00
U-16989,User_U-16989,Active,2023-01-28 14:00:00
U-16990,User_U-16990,Active,2023-01-15 14:00:00
U-16998,User_U-16998,Active,2023-01-20 14:00:00
U-16999,User_U-16999,Active,2023-01-18 14:00:00
U-17001,User_U-17001,Active,2023-01-29 14:00:00
U-17003,User_U-17003,Active,2023-01-09 14:00:00
U-17004,User_U-17004,Active,2023-01-22 14:00:00
U-17007,User_U-17007,Active,2023-01-07 14:00:00
U-17008,User_U-17008,Active,2023-01-09 14:00:00
U-17013,User_U-17013,Active,2023-01-25 14:00:00
U-17015,User_U-17015,Active,2023-01-15 14:00:00
U-17017,User_U-17017,Active,2023-01-12 14:00:00
U-17019,User_U-17019,Active,2023-01-19 14:00:00
U-17020,User_U-17020,Active,2023-01-21 14:00:00
U-17021,User_U-17021,Active,2023-01-30 14:00:00
U-17023,User_U-17023,Active,2023-01-21 14:00:00
U-17024,User_U-17024,Active,2023-01-17 14:00:00
U-17025,User_U-17025,Active,2023-01-29 14:00:00
U-17026,User_U-17026,Active,2023-01-20 14:00:00
U-17028,User_U-17028,Active,2023-01-10 14:00:00
U-17029,User_U-17029,Active,2023-01-19 14:00:00
U-17032,User_U-17032,Active,2023-01-30 14:00:00
U-17033,User_U-17033,Active,2023-01-11 14:00:00
U-17038,User_U-17038,Active,2023-01-08 14:00:00
U-17039,User_U-17039,Active,2023-01-25 14:00:00
U-17041,User_U-17041,Active,2023-01-03 14:00:00
U-17042,User_U-17042,Active,2023-01-03 14:00:00
U-17043,User_U-17043,Active,2023-01-03 14:00:00
U-17044,User_U-17044,Active,2023-01-13 14:00:00
U-17047,User_U-17047,Active,2023-01-13 14:00:00
U-17049,User_U-17049,Active,2023-01-12 14:00:00
U-17051,User_U-17051,Active,2023-01-17 14:00:00
U-17052,User_U-17052,Active,2023-01-03 14:00:00
U-17053,User_U-17053,Active,2023-01-03 14:00:00
U-17055,User_U-17055,Active,2023-01-09 14:00:00
U-17057,User_U-17057,Active,2023-01-21 14:00:00
U-17058,User_U-17058,Active,2023-01-27 14:00:00
U-17059,User_U-17059,Active,2023-01-05 14:00:00
U-17060,User_U-17060,Active,2023-01-25 14:00:00
U-17061,User_U-17061,Active,2023-01-24 14:00:00
U-17063,User_U-17063,Active,2023-01-23 14:00:00
U-17065,User_U-17065,Active,2023-01-22 14:00:00
U-17066,User_U-17066,Active,2023-01-17 14:00:00
U-17067,User_U-17067,Active,2023-01-17 14:00:00
U-17069,User_U-17069,Active,2023-01-03 14:00:00
U-17070,User_U-17070,Active,2023-01-24 14:00:00
U-17071,User_U-17071,Active,2023-01-27 14:00:00
U-17072,User_U-17072,Active,2023-01-28 14:00:00
U-17073,User_U-17073,Active,2023-01-16 14:00:00
U-17076,User_U-17076,Active,2023-01-22 14:00:00
U-17077,User_U-17077,Active,2023-01-16 14:00:00
U-17078,User_U-17078,Active,2023-01-15 14:00:00
U-17082,User_U-17082,Active,2023-01-02 14:00:00
U-17083,User_U-17083,Active,2023-01-12 14:00:00
U-17084,User_U-17084,Active,2023-01-20 14:00:00
U-17085,User_U-17085,Active,2023-01-11 14:00:00
U-17088,User_U-17088,Active,2023-01-28 14:00:00
U-17093,User_U-17093,Active,2023-01-29 14:00:00
U-17094,User_U-17094,Active,2023-01-22 14:00:00
U-17097,User_U-17097,Active,2023-01-25 14:00:00
U-17098,User_U-17098,Active,2023-01-02 14:00:00
U-17100,User_U-17100,Active,2023-01-20 14:00:00
U-17103,User_U-17103,Active,2023-01-18 14:00:00
U-17104,User_U-17104,Active,2023-01-03 14:00:00
U-17106,User_U-17106,Active,2023-01-16 14:00:00
U-17107,User_U-17107,Active,2023-01-12 14:00:00
U-17109,User_U-17109,Active,2023-01-16 14:00:00
U-17110,User_U-17110,Active,2023-01-13 14:00:00
U-17111,User_U-17111,Active,2023-01-15 14:00:00
U-17112,User_U-17112,Active,2023-01-11 14:00:00
U-17115,User_U-17115,Active,2023-01-22 14:00:00
U-17116,User_U-17116,Active,2023-01-27 14:00:00
U-17117,User_U-17117,Active,2023-01-16 14:00:00
U-17119,User_U-17119,Active,2023-01-21 14:00:00
U-17121,User_U-17121,Active,2023-01-02 14:00:00
U-17122,User_U-17122,Active,2023-01-23 14:00:00
U-17123,User_U-17123,Active,2023-01-09 14:00:00
U-17126,User_U-17126,Active,2023-01-07 14:00:00
U-17129,User_U-17129,Active,2023-01-23 14:00:00
U-17134,User_U-17134,Active,2023-01-16 14:00:00
U-17135,User_U-17135,Active,2023-01-07 14:00:00
U-17136,User_U-17136,Active,2023-01-28 14:00:00
U-17138,User_U-17138,Active,2023-01-25 14:00:00
U-17140,User_U-17140,Active,2023-01-05 14:00:00
U-17141,User_U-17141,Active,2023-01-09 14:00:00
U-17142,User_U-17142,Active,2023-01-02 14:00:00
U-17143,User_U-17143,Active,2023-01-02 14:00:00
U-17144,User_U-17144,Active,2023-01-07 14:00:00
U-17145,User_U-17145,Active,2023-01-06 14:00:00
U-17147,User_U-17147,Active,2023-01-06 14:00:00
U-17148,User_U-17148,Active,2023-01-07 14:00:00
U-17149,User_U-17149,Active,2023-01-10 14:00:00
U-17151,User_U-17151,Active,2023-01-17 14:00:00
U-17153,User_U-17153,Active,2023-01-13 14:00:00
U-17154,User_U-17154,Active,2023-01-07 14:00:00
U-17155,User_U-17155,Active,2023-01-09 14:00:00
U-17157,User_U-17157,Active,2023-01-07 14:00:00
U-17159,User_U-17159,Active,2023-01-18 14:00:00
U-17160,User_U-17160,Active,2023-01-05 14:00:00
U-17166,User_U-17166,Active,2023-01-21 14:00:00
U-17169,User_U-17169,Active,2023-01-17 14:00:00
U-17172,User_U-17172,Active,2023-01-04 14:00:00
U-17173,User_U-17173,Active,2023-01-28 14:00:00
U-17174,User_U-17174,Active,2023-01-24 14:00:00
U-17176,User_U-17176,Active,2023-01-12 14:00:00
U-17177,User_U-17177,Active,2023-01-16 14:00:00
U-17179,User_U-17179,Active,2023-01-22 14:00:00
U-17181,User_U-17181,Active,2023-01-26 14:00:00
U-17182,User_U-17182,Active,2023-01-26 14:00:00
U-17185,User_U-17185,Active,2023-01-13 14:00:00
U-17186,User_U-17186,Active,2023-01-27 14:00:00
U-17187,User_U-17187,Active,2023-01-02 14:00:00
U-17188,User_U-17188,Active,2023-01-19 14:00:00
U-17192,User_U-17192,Active,2023-01-24 14:00:00
U-17193,User_U-17193,Active,2023-01-13 14:00:00
U-17194,User_U-17194,Active,2023-01-08 14:00:00
U-17196,User_U-17196,Active,2023-01-11 14:00:00
U-17197,User_U-17197,Active,2023-01-17 14:00:00
U-17202,User_U-17202,Active,2023-01-22 14:00:00
U-17203,User_U-17203,Active,2023-01-14 14:00:00
U-17205,User_U-17205,Active,2023-01-23 14:00:00
U-17206,User_U-17206,Active,2023-01-17 14:00:00
U-17209,User_U-17209,Active,2023-01-05 14:00:00
U-17211,User_U-17211,Active,2023-01-02 14:00:00
U-17212,User_U-17212,Active,2023-01-13 14:00:00
U-17213,User_U-17213,Active,2023-01-17 14:00:00
U-17214,User_U-17214,Active,2023-01-10 14:00:00
U-17218,User_U-17218,Active,2023-01-12 14:00:00
U-17219,User_U-17219,Active,2023-01-13 14:00:00
U-17221,User_U-17221,Active,2023-01-25 14:00:00
U-17223,User_U-17223,Active,2023-01-09 14:00:00
U-17226,User_U-17226,Active,2023-01-07 14:00:00
U-17228,User_U-17228,Active,2023-01-10 14:00:00
U-17229,User_U-17229,Active,2023-01-16 14:00:00
U-17230,User_U-17230,Active,2023-01-02 14:00:00
U-17231,User_U-17231,Active,2023-01-25 14:00:00
U-17232,User_U-17232,Active,2023-01-13 14:00:00
U-17234,User_U-17234,Active,2023-01-28 14:00:00
U-17236,User_U-17236,Active,2023-01-15 14:00:00
U-17238,User_U-17238,Active,2023-01-22 14:00:00
U-17240,User_U-17240,Active,2023-01-08 14:00:00
U-17241,User_U-17241,Active,2023-01-15 14:00:00
U-17243,User_U-17243,Active,2023-01-15 14:00:00
U-17245,User_U-17245,Active,2023-01-26 14:00:00
U-17246,User_U-17246,Active,2023-01-23 14:00:00
U-17247,User_U-17247,Active,2023-01-05 14:00:00
U-17248,User_U-17248,Active,2023-01-10 14:00:00
U-17249,User_U-17249,Active,2023-01-24 14:00:00
U-17251,User_U-17251,Active,2023-01-09 14:00:00
U-17252,User_U-17252,Active,2023-01-21 14:00:00
U-17253,User_U-17253,Active,2023-01-16 14:00:00
U-17254,User_U-17254,Active,2023-01-15 14:00:00
U-17258,User_U-17258,Active,2023-01-10 14:00:00
U-17260,User_U-17260,Active,2023-01-07 14:00:00
U-17261,User_U-17261,Active,2023-01-07 14:00:00
U-17262,User_U-17262,Active,2023-01-30 14:00:00
U-17263,User_U-17263,Active,2023-01-12 14:00:00
U-17265,User_U-17265,Active,2023-01-10 14:00:00
U-17266,User_U-17266,Active,2023-01-19 14:00:00
U-17267,User_U-17267,Active,2023-01-27 14:00:00
U-17273,User_U-17273,Active,2023-01-27 14:00:00
U-17275,User_U-17275,Active,2023-01-11 14:00:00
U-17276,User_U-17276,Active,2023-01-08 14:00:00
U-17277,User_U-17277,Active,2023-01-05 14:00:00
U-17278,User_U-17278,Active,2023-01-04 14:00:00
U-17279,User_U-17279,Active,2023-01-04 14:00:00
U-17280,User_U-17280,Active,2023-01-30 14:00:00
U-17282,User_U-17282,Active,2023-01-14 14:00:00
U-17286,User_U-17286,Active,2023-01-12 14:00:00
U-17289,User_U-17289,Active,2023-01-18 14:00:00
U-17292,User_U-17292,Active,2023-01-04 14:00:00
U-17293,User_U-17293,Active,2023-01-11 14:00:00
U-17297,User_U-17297,Active,2023-01-14 14:00:00
U-17298,User_U-17298,Active,2023-01-10 14:00:00
U-17299,User_U-17299,Active,2023-01-21 14:00:00
U-17302,User_U-17302,Active,2023-01-15 14:00:00
U-17304,User_U-17304,Active,2023-01-14 14:00:00
U-17305,User_U-17305,Active,2023-01-07 14:00:00
U-17306,User_U-17306,Active,2023-01-08 14:00:00
U-17312,User_U-17312,Active,2023-01-10 14:00:00
U-17313,User_U-17313,Active,2023-01-12 14:00:00
U-17315,User_U-17315,Active,2023-01-21 14:00:00
U-17317,User_U-17317,Active,2023-01-16 14:00:00
U-17320,User_U-17320,Active,2023-01-09 14:00:00
U-17321,User_U-17321,Active,2023-01-25 14:00:00
U-17322,User_U-17322,Active,2023-01-13 14:00:00
U-17324,User_U-17324,Active,2023-01-20 14:00:00
U-17325,User_U-17325,Active,2023-01-19 14:00:00
U-17326,User_U-17326,Active,2023-01-16 14:00:00
U-17327,User_U-17327,Active,2023-01-14 14:00:00
U-17328,User_U-17328,Active,2023-01-10 14:00:00
U-17329,User_U-17329,Active,2023-01-02 14:00:00
U-17330,User_U-17330,Active,2023-01-27 14:00:00
U-17331,User_U-17331,Active,2023-01-13 14:00:00
U-17332,User_U-17332,Active,2023-01-30 14:00:00
U-17336,User_U-17336,Active,2023-01-18 14:00:00
U-17337,User_U-17337,Active,2023-01-04 14:00:00
U-17339,User_U-17339,Active,2023-01-18 14:00:00
U-17340,User_U-17340,Active,2023-01-23 14:00:00
U-17343,User_U-17343,Active,2023-01-28 14:00:00
U-17344,User_U-17344,Active,2023-01-08 14:00:00
U-17345,User_U-17345,Active,2023-01-10 14:00:00
U-17346,User_U-17346,Active,2023-01-25 14:00:00
U-17347,User_U-17347,Active,2023-01-30 14:00:00
U-17348,User_U-17348,Active,2023-01-02 14:00:00
U-17350,User_U-17350,Active,2023-01-22 14:00:00
U-17352,User_U-17352,Active,2023-01-28 14:00:00
U-17354,User_U-17354,Active,2023-01-02 14:00:00
U-17355,User_U-17355,Active,2023-01-07 14:00:00
U-17356,User_U-17356,Active,2023-01-18 14:00:00
U-17357,User_U-17357,Active,2023-01-08 14:00:00
U-17361,User_U-17361,Active,2023-01-10 14:00:00
U-17363,User_U-17363,Active,2023-01-09 14:00:00
U-17364,User_U-17364,Active,2023-01-22 14:00:00
U-17365,User_U-17365,Active,2023-01-02 14:00:00
U-17366,User_U-17366,Active,2023-01-20 14:00:00
U-17367,User_U-17367,Active,2023-01-19 14:00:00
U-17369,User_U-17369,Active,2023-01-12 14:00:00
U-17370,User_U-17370,Active,2023-01-17 14:00:00
U-17372,User_U-17372,Active,2023-01-02 14:00:00
U-17375,User_U-17375,Active,2023-01-16 14:00:00
U-17380,User_U-17380,Active,2023-01-09 14:00:00
U-17381,User_U-17381,Active,2023-01-23 14:00:00
U-17385,User_U-17385,Active,2023-01-11 14:00:00
U-17387,User_U-17387,Active,2023-01-29 14:00:00
U-17389,User_U-17389,Active,2023-01-10 14:00:00
U-17390,User_U-17390,Active,2023-01-10 14:00:00
U-17394,User_U-17394,Active,2023-01-03 14:00:00
U-17395,User_U-17395,Active,2023-01-05 14:00:00
U-17396,User_U-17396,Active,2023-01-05 14:00:00
U-17399,User_U-17399,Active,2023-01-23 14:00:00
U-17404,User_U-17404,Active,2023-01-21 14:00:00
U-17405,User_U-17405,Active,2023-01-22 14:00:00
U-17406,User_U-17406,Active,2023-01-14 14:00:00
U-17407,User_U-17407,Active,2023-01-14 14:00:00
U-17408,User_U-17408,Active,2023-01-12 14:00:00
U-17411,User_U-17411,Active,2023-01-05 14:00:00
U-17412,User_U-17412,Active,2023-01-12 14:00:00
U-17413,User_U-17413,Active,2023-01-04 14:00:00
U-17414,User_U-17414,Active,2023-01-23 14:00:00
U-17417,User_U-17417,Active,2023-01-16 14:00:00
U-17418,User_U-17418,Active,2023-01-16 14:00:00
U-17419,User_U-17419,Active,2023-01-15 14:00:00
U-17421,User_U-17421,Active,2023-01-21 14:00:00
U-17422,User_U-17422,Active,2023-01-20 14:00:00
U-17423,User_U-17423,Active,2023-01-07 14:00:00
U-17424,User_U-17424,Active,2023-01-12 14:00:00
U-17425,User_U-17425,Active,2023-01-28 14:00:00
U-17426,User_U-17426,Active,2023-01-28 14:00:00
U-17427,User_U-17427,Active,2023-01-06 14:00:00
U-17428,User_U-17428,Active,2023-01-26 14:00:00
U-17429,User_U-17429,Active,2023-01-22 14:00:00
U-17430,User_U-17430,Active,2023-01-28 14:00:00
U-17431,User_U-17431,Active,2023-01-10 14:00:00
U-17432,User_U-17432,Active,2023-01-20 14:00:00
U-17440,User_U-17440,Active,2023-01-25 14:00:00
U-17442,User_U-17442,Active,2023-01-27 14:00:00
U-17444,User_U-17444,Active,2023-01-30 14:00:00
U-17446,User_U-17446,Active,2023-01-09 14:00:00
U-17447,User_U-17447,Active,2023-01-12 14:00:00
U-17448,User_U-17448,Active,2023-01-25 14:00:00
U-17449,User_U-17449,Active,2023-01-11 14:00:00
U-17451,User_U-17451,Active,2023-01-27 14:00:00
U-17453,User_U-17453,Active,2023-01-02 14:00:00
U-17455,User_U-17455,Active,2023-01-28 14:00:00
U-17458,User_U-17458,Active,2023-01-19 14:00:00
U-17461,User_U-17461,Active,2023-01-15 14:00:00
U-17465,User_U-17465,Active,2023-01-10 14:00:00
U-17466,User_U-17466,Active,2023-01-15 14:00:00
U-17467,User_U-17467,Active,2023-01-28 14:00:00
U-17468,User_U-17468,Active,2023-01-20 14:00:00
U-17469,User_U-17469,Active,2023-01-05 14:00:00
U-17470,User_U-17470,Active,2023-01-27 14:00:00
U-17474,User_U-17474,Active,2023-01-08 14:00:00
U-17476,User_U-17476,Active,2023-01-09 14:00:00
U-17477,User_U-17477,Active,2023-01-21 14:00:00
U-17478,User_U-17478,Active,2023-01-22 14:00:00
U-17479,User_U-17479,Active,2023-01-24 14:00:00
U-17481,User_U-17481,Active,2023-01-30 14:00:00
U-17484,User_U-17484,Active,2023-01-23 14:00:00
U-17486,User_U-17486,Active,2023-01-15 14:00:00
U-17487,User_U-17487,Active,2023-01-23 14:00:00
U-17488,User_U-17488,Active,2023-01-27 14:00:00
U-17490,User_U-17490,Active,2023-01-16 14:00:00
U-17492,User_U-17492,Active,2023-01-08 14:00:00
U-17493,User_U-17493,Active,2023-01-06 14:00:00
U-17494,User_U-17494,Active,2023-01-12 14:00:00
U-17497,User_U-17497,Active,2023-01-22 14:00:00
U-17498,User_U-17498,Active,2023-01-06 14:00:00
U-17500,User_U-17500,Active,2023-01-27 14:00:00
U-17501,User_U-17501,Active,2023-01-20 14:00:00
U-17502,User_U-17502,Active,2023-01-06 14:00:00
U-17503,User_U-17503,Active,2023-01-07 14:00:00
U-17508,User_U-17508,Active,2023-01-29 14:00:00
U-17509,User_U-17509,Active,2023-01-28 14:00:00
U-17511,User_U-17511,Active,2023-01-05 14:00:00
U-17514,User_U-17514,Active,2023-01-28 14:00:00
U-17515,User_U-17515,Active,2023-01-25 14:00:00
U-17516,User_U-17516,Active,2023-01-21 14:00:00
U-17518,User_U-17518,Active,2023-01-11 14:00:00
U-17519,User_U-17519,Active,2023-01-13 14:00:00
U-17520,User_U-17520,Active,2023-01-11 14:00:00
U-17521,User_U-17521,Active,2023-01-22 14:00:00
U-17522,User_U-17522,Active,2023-01-12 14:00:00
U-17523,User_U-17523,Active,2023-01-04 14:00:00
U-17524,User_U-17524,Active,2023-01-23 14:00:00
U-17525,User_U-17525,Active,2023-01-24 14:00:00
U-17526,User_U-17526,Active,2023-01-28 14:00:00
U-17527,User_U-17527,Active,2023-01-30 14:00:00
U-17528,User_U-17528,Active,2023-01-12 14:00:00
U-17529,User_U-17529,Active,2023-01-12 14:00:00
U-17530,User_U-17530,Active,2023-01-26 14:00:00
U-17531,User_U-17531,Active,2023-01-13 14:00:00
U-17532,User_U-17532,Active,2023-01-11 14:00:00
U-17533,User_U-17533,Active,2023-01-24 14:00:00
U-17534,User_U-17534,Active,2023-01-03 14:00:00
U-17536,User_U-17536,Active,2023-01-22 14:00:00
U-17537,User_U-17537,Active,2023-01-30 14:00:00
U-17539,User_U-17539,Active,2023-01-18 14:00:00
U-17540,User_U-17540,Active,2023-01-08 14:00:00
U-17543,User_U-17543,Active,2023-01-29 14:00:00
U-17546,User_U-17546,Active,2023-01-27 14:00:00
U-17547,User_U-17547,Active,2023-01-13 14:00:00
U-17549,User_U-17549,Active,2023-01-23 14:00:00
U-17551,User_U-17551,Active,2023-01-30 14:00:00
U-17552,User_U-17552,Active,2023-01-06 14:00:00
U-17553,User_U-17553,Active,2023-01-04 14:00:00
U-17555,User_U-17555,Active,2023-01-13 14:00:00
U-17556,User_U-17556,Active,2023-01-12 14:00:00
U-17557,User_U-17557,Active,2023-01-05 14:00:00
U-17558,User_U-17558,Active,2023-01-10 14:00:00
U-17559,User_U-17559,Active,2023-01-06 14:00:00
U-17560,User_U-17560,Active,2023-01-24 14:00:00
U-17561,User_U-17561,Active,2023-01-24 14:00:00
U-17562,User_U-17562,Active,2023-01-18 14:00:00
U-17565,User_U-17565,Active,2023-01-14 14:00:00
U-17566,User_U-17566,Active,2023-01-21 14:00:00
U-17567,User_U-17567,Active,2023-01-12 14:00:00
U-17568,User_U-17568,Active,2023-01-11 14:00:00
U-17569,User_U-17569,Active,2023-01-06 14:00:00
U-17570,User_U-17570,Active,2023-01-21 14:00:00
U-17571,User_U-17571,Active,2023-01-22 14:00:00
U-17575,User_U-17575,Active,2023-01-02 14:00:00
U-17576,User_U-17576,Active,2023-01-08 14:00:00
U-17582,User_U-17582,Active,2023-01-11 14:00:00
U-17583,User_U-17583,Active,2023-01-12 14:00:00
U-17587,User_U-17587,Active,2023-01-16 14:00:00
U-17588,User_U-17588,Active,2023-01-07 14:00:00
U-17589,User_U-17589,Active,2023-01-12 14:00:00
U-17591,User_U-17591,Active,2023-01-19 14:00:00
U-17593,User_U-17593,Active,2023-01-09 14:00:00
U-17594,User_U-17594,Active,2023-01-30 14:00:00
U-17595,User_U-17595,Active,2023-01-02 14:00:00
U-17601,User_U-17601,Active,2023-01-03 14:00:00
U-17602,User_U-17602,Active,2023-01-19 14:00:00
U-17603,User_U-17603,Active,2023-01-03 14:00:00
U-17605,User_U-17605,Active,2023-01-19 14:00:00
U-17607,User_U-17607,Active,2023-01-15 14:00:00
U-17608,User_U-17608,Active,2023-01-29 14:00:00
U-17609,User_U-17609,Active,2023-01-13 14:00:00
U-17610,User_U-17610,Active,2023-01-26 14:00:00
U-17611,User_U-17611,Active,2023-01-23 14:00:00
U-17613,User_U-17613,Active,2023-01-19 14:00:00
U-17614,User_U-17614,Active,2023-01-05 14:00:00
U-17615,User_U-17615,Active,2023-01-22 14:00:00
U-17616,User_U-17616,Active,2023-01-09 14:00:00
U-17617,User_U-17617,Active,2023-01-03 14:00:00
U-17620,User_U-17620,Active,2023-01-21 14:00:00
U-17621,User_U-17621,Active,2023-01-05 14:00:00
U-17623,User_U-17623,Active,2023-01-30 14:00:00
U-17624,User_U-17624,Active,2023-01-16 14:00:00
U-17626,User_U-17626,Active,2023-01-11 14:00:00
U-17630,User_U-17630,Active,2023-01-29 14:00:00
U-17631,User_U-17631,Active,2023-01-30 14:00:00
U-17633,User_U-17633,Active,2023-01-10 14:00:00
U-17634,User_U-17634,Active,2023-01-28 14:00:00
U-17635,User_U-17635,Active,2023-01-23 14:00:00
U-17636,User_U-17636,Active,2023-01-07 14:00:00
U-17637,User_U-17637,Active,2023-01-06 14:00:00
U-17638,User_U-17638,Active,2023-01-02 14:00:00
U-17641,User_U-17641,Active,2023-01-27 14:00:00
U-17642,User_U-17642,Active,2023-01-15 14:00:00
U-17643,User_U-17643,Active,2023-01-12 14:00:00
U-17647,User_U-17647,Active,2023-01-30 14:00:00
U-17648,User_U-17648,Active,2023-01-19 14:00:00
U-17649,User_U-17649,Active,2023-01-20 14:00:00
U-17653,User_U-17653,Active,2023-01-14 14:00:00
U-17654,User_U-17654,Active,2023-01-25 14:00:00
U-17655,User_U-17655,Active,2023-01-07 14:00:00
U-17656,User_U-17656,Active,2023-01-15 14:00:00
U-17657,User_U-17657,Active,2023-01-23 14:00:00
U-17658,User_U-17658,Active,2023-01-23 14:00:00
U-17659,User_U-17659,Active,2023-01-29 14:00:00
U-17660,User_U-17660,Active,2023-01-03 14:00:00
U-17661,User_U-17661,Active,2023-01-30 14:00:00
U-17663,User_U-17663,Active,2023-01-16 14:00:00
U-17665,User_U-17665,Active,2023-01-21 14:00:00
U-17666,User_U-17666,Active,2023-01-08 14:00:00
U-17667,User_U-17667,Active,2023-01-18 14:00:00
U-17668,User_U-17668,Active,2023-01-26 14:00:00
U-17669,User_U-17669,Active,2023-01-15 14:00:00
U-17670,User_U-17670,Active,2023-01-05 14:00:00
U-17672,User_U-17672,Active,2023-01-26 14:00:00
U-17673,User_U-17673,Active,2023-01-16 14:00:00
U-17675,User_U-17675,Active,2023-01-27 14:00:00
U-17679,User_U-17679,Active,2023-01-24 14:00:00
U-17683,User_U-17683,Active,2023-01-13 14:00:00
U-17685,User_U-17685,Active,2023-01-18 14:00:00
U-17686,User_U-17686,Active,2023-01-04 14:00:00
U-17687,User_U-17687,Active,2023-01-05 14:00:00
U-17689,User_U-17689,Active,2023-01-27 14:00:00
U-17690,User_U-17690,Active,2023-01-10 14:00:00
U-17693,User_U-17693,Active,2023-01-21 14:00:00
U-17694,User_U-17694,Active,2023-01-28 14:00:00
U-17695,User_U-17695,Active,2023-01-30 14:00:00
U-17698,User_U-17698,Active,2023-01-06 14:00:00
U-17701,User_U-17701,Active,2023-01-23 14:00:00
U-17702,User_U-17702,Active,2023-01-16 14:00:00
U-17706,User_U-17706,Active,2023-01-27 14:00:00
U-17707,User_U-17707,Active,2023-01-25 14:00:00
U-17708,User_U-17708,Active,2023-01-03 14:00:00
U-17709,User_U-17709,Active,2023-01-03 14:00:00
U-17712,User_U-17712,Active,2023-01-25 14:00:00
U-17714,User_U-17714,Active,2023-01-04 14:00:00
U-17715,User_U-17715,Active,2023-01-22 14:00:00
U-17717,User_U-17717,Active,2023-01-27 14:00:00
U-17718,User_U-17718,Active,2023-01-26 14:00:00
U-17719,User_U-17719,Active,2023-01-24 14:00:00
U-17720,User_U-17720,Active,2023-01-19 14:00:00
U-17723,User_U-17723,Active,2023-01-27 14:00:00
U-17724,User_U-17724,Active,2023-01-05 14:00:00
U-17725,User_U-17725,Active,2023-01-12 14:00:00
U-17726,User_U-17726,Active,2023-01-19 14:00:00
U-17728,User_U-17728,Active,2023-01-15 14:00:00
U-17731,User_U-17731,Active,2023-01-14 14:00:00
U-17732,User_U-17732,Active,2023-01-07 14:00:00
U-17733,User_U-17733,Active,2023-01-05 14:00:00
U-17735,User_U-17735,Active,2023-01-07 14:00:00
U-17738,User_U-17738,Active,2023-01-26 14:00:00
U-17740,User_U-17740,Active,2023-01-18 14:00:00
U-17741,User_U-17741,Active,2023-01-30 14:00:00
U-17743,User_U-17743,Active,2023-01-28 14:00:00
U-17744,User_U-17744,Active,2023-01-20 14:00:00
U-17747,User_U-17747,Active,2023-01-23 14:00:00
U-17748,User_U-17748,Active,2023-01-30 14:00:00
U-17752,User_U-17752,Active,2023-01-02 14:00:00
U-17756,User_U-17756,Active,2023-01-27 14:00:00
U-17758,User_U-17758,Active,2023-01-05 14:00:00
U-17759,User_U-17759,Active,2023-01-26 14:00:00
U-17760,User_U-17760,Active,2023-01-11 14:00:00
U-17761,User_U-17761,Active,2023-01-23 14:00:00
U-17762,User_U-17762,Active,2023-01-24 14:00:00
U-17763,User_U-17763,Active,2023-01-14 14:00:00
U-17764,User_U-17764,Active,2023-01-05 14:00:00
U-17766,User_U-17766,Active,2023-01-13 14:00:00
U-17768,User_U-17768,Active,2023-01-28 14:00:00
U-17769,User_U-17769,Active,2023-01-28 14:00:00
U-17770,User_U-17770,Active,2023-01-26 14:00:00
U-17772,User_U-17772,Active,2023-01-03 14:00:00
U-17773,User_U-17773,Active,2023-01-30 14:00:00
U-17774,User_U-17774,Active,2023-01-12 14:00:00
U-17775,User_U-17775,Active,2023-01-03 14:00:00
U-17776,User_U-17776,Active,2023-01-05 14:00:00
U-17778,User_U-17778,Active,2023-01-30 14:00:00
U-17782,User_U-17782,Active,2023-01-07 14:00:00
U-17787,User_U-17787,Active,2023-01-21 14:00:00
U-17794,User_U-17794,Active,2023-01-22 14:00:00
U-17795,User_U-17795,Active,2023-01-03 14:00:00
U-17796,User_U-17796,Active,2023-01-16 14:00:00
U-17797,User_U-17797,Active,2023-01-23 14:00:00
U-17798,User_U-17798,Active,2023-01-20 14:00:00
U-17800,User_U-17800,Active,2023-01-14 14:00:00
U-17802,User_U-17802,Active,2023-01-29 14:00:00
U-17805,User_U-17805,Active,2023-01-23 14:00:00
U-17806,User_U-17806,Active,2023-01-28 14:00:00
U-17808,User_U-17808,Active,2023-01-14 14:00:00
U-17812,User_U-17812,Active,2023-01-25 14:00:00
U-17813,User_U-17813,Active,2023-01-15 14:00:00
U-17815,User_U-17815,Active,2023-01-18 14:00:00
U-17816,User_U-17816,Active,2023-01-15 14:00:00
U-17817,User_U-17817,Active,2023-01-17 14:00:00
U-17820,User_U-17820,Active,2023-01-18 14:00:00
U-17823,User_U-17823,Active,2023-01-27 14:00:00
U-17826,User_U-17826,Active,2023-01-18 14:00:00
U-17827,User_U-17827,Active,2023-01-10 14:00:00
U-17829,User_U-17829,Active,2023-01-24 14:00:00
U-17831,User_U-17831,Active,2023-01-16 14:00:00
U-17833,User_U-17833,Active,2023-01-12 14:00:00
U-17835,User_U-17835,Active,2023-01-30 14:00:00
U-17836,User_U-17836,Active,2023-01-28 14:00:00
U-17839,User_U-17839,Active,2023-01-11 14:00:00
U-17844,User_U-17844,Active,2023-01-07 14:00:00
U-17848,User_U-17848,Active,2023-01-28 14:00:00
U-17849,User_U-17849,Active,2023-01-21 14:00:00
U-17850,User_U-17850,Active,2023-01-26 14:00:00
U-17851,User_U-17851,Active,2023-01-22 14:00:00
U-17853,User_U-17853,Active,2023-01-17 14:00:00
U-17854,User_U-17854,Active,2023-01-29 14:00:00
U-17855,User_U-17855,Active,2023-01-24 14:00:00
U-17858,User_U-17858,Active,2023-01-02 14:00:00
U-17859,User_U-17859,Active,2023-01-22 14:00:00
U-17861,User_U-17861,Active,2023-01-23 14:00:00
U-17862,User_U-17862,Active,2023-01-04 14:00:00
U-17863,User_U-17863,Active,2023-01-27 14:00:00
U-17864,User_U-17864,Active,2023-01-05 14:00:00
U-17865,User_U-17865,Active,2023-01-24 14:00:00
U-17866,User_U-17866,Active,2023-01-18 14:00:00
U-17868,User_U-17868,Active,2023-01-12 14:00:00
U-17869,User_U-17869,Active,2023-01-04 14:00:00
U-17870,User_U-17870,Active,2023-01-18 14:00:00
U-17871,User_U-17871,Active,2023-01-02 14:00:00
U-17872,User_U-17872,Active,2023-01-22 14:00:00
U-17875,User_U-17875,Active,2023-01-18 14:00:00
U-17876,User_U-17876,Active,2023-01-26 14:00:00
U-17877,User_U-17877,Active,2023-01-21 14:00:00
U-17878,User_U-17878,Active,2023-01-10 14:00:00
U-17879,User_U-17879,Active,2023-01-18 14:00:00
U-17883,User_U-17883,Active,2023-01-20 14:00:00
U-17890,User_U-17890,Active,2023-01-08 14:00:00
U-17891,User_U-17891,Active,2023-01-07 14:00:00
U-17894,User_U-17894,Active,2023-01-03 14:00:00
U-17895,User_U-17895,Active,2023-01-04 14:00:00
U-17896,User_U-17896,Active,2023-01-09 14:00:00
U-17898,User_U-17898,Active,2023-01-06 14:00:00
U-17899,User_U-17899,Active,2023-01-27 14:00:00
U-17900,User_U-17900,Active,2023-01-30 14:00:00
U-17902,User_U-17902,Active,2023-01-02 14:00:00
U-17903,User_U-17903,Active,2023-01-04 14:00:00
U-17906,User_U-17906,Active,2023-01-17 14:00:00
U-17907,User_U-17907,Active,2023-01-14 14:00:00
U-17914,User_U-17914,Active,2023-01-07 14:00:00
U-17915,User_U-17915,Active,2023-01-22 14:00:00
U-17916,User_U-17916,Active,2023-01-23 14:00:00
U-17918,User_U-17918,Active,2023-01-20 14:00:00
U-17919,User_U-17919,Active,2023-01-07 14:00:00
U-17921,User_U-17921,Active,2023-01-17 14:00:00
U-17923,User_U-17923,Active,2023-01-30 14:00:00
U-17924,User_U-17924,Active,2023-01-22 14:00:00
U-17925,User_U-17925,Active,2023-01-18 14:00:00
U-17927,User_U-17927,Active,2023-01-16 14:00:00
U-17928,User_U-17928,Active,2023-01-03 14:00:00
U-17929,User_U-17929,Active,2023-01-09 14:00:00
U-17932,User_U-17932,Active,2023-01-17 14:00:00
U-17936,User_U-17936,Active,2023-01-24 14:00:00
U-17937,User_U-17937,Active,2023-01-02 14:00:00
U-17938,User_U-17938,Active,2023-01-03 14:00:00
U-17939,User_U-17939,Active,2023-01-17 14:00:00
U-17940,User_U-17940,Active,2023-01-18 14:00:00
U-17941,User_U-17941,Active,2023-01-22 14:00:00
U-17942,User_U-17942,Active,2023-01-05 14:00:00
U-17943,User_U-17943,Active,2023-01-03 14:00:00
U-17944,User_U-17944,Active,2023-01-12 14:00:00
U-17946,User_U-17946,Active,2023-01-30 14:00:00
U-17949,User_U-17949,Active,2023-01-16 14:00:00
U-17954,User_U-17954,Active,2023-01-13 14:00:00
U-17955,User_U-17955,Active,2023-01-17 14:00:00
U-17957,User_U-17957,Active,2023-01-09 14:00:00
U-17959,User_U-17959,Active,2023-01-03 14:00:00
U-17960,User_U-17960,Active,2023-01-05 14:00:00
U-17961,User_U-17961,Active,2023-01-05 14:00:00
U-17962,User_U-17962,Active,2023-01-12 14:00:00
U-17964,User_U-17964,Active,2023-01-15 14:00:00
U-17966,User_U-17966,Active,2023-01-15 14:00:00
U-17968,User_U-17968,Active,2023-01-08 14:00:00
U-17969,User_U-17969,Active,2023-01-11 14:00:00
U-17971,User_U-17971,Active,2023-01-17 14:00:00
U-17973,User_U-17973,Active,2023-01-27 14:00:00
U-17977,User_U-17977,Active,2023-01-11 14:00:00
U-17981,User_U-17981,Active,2023-01-15 14:00:00
U-17983,User_U-17983,Active,2023-01-24 14:00:00
U-17988,User_U-17988,Active,2023-01-06 14:00:00
U-17991,User_U-17991,Active,2023-01-17 14:00:00
U-17992,User_U-17992,Active,2023-01-21 14:00:00
U-17993,User_U-17993,Active,2023-01-12 14:00:00
U-17994,User_U-17994,Active,2023-01-29 14:00:00
U-17997,User_U-17997,Active,2023-01-12 14:00:00
U-17998,User_U-17998,Active,2023-01-20 14:00:00
U-17999,User_U-17999,Active,2023-01-12 14:00:00
U-18000,User_U-18000,Active,2023-01-08 14:00:00
U-18002,User_U-18002,Active,2023-01-18 14:00:00
U-18007,User_U-18007,Active,2023-01-27 14:00:00
U-18008,User_U-18008,Active,2023-01-05 14:00:00
U-18009,User_U-18009,Active,2023-01-14 14:00:00
U-18010,User_U-18010,Active,2023-01-17 14:00:00
U-18011,User_U-18011,Active,2023-01-03 14:00:00
U-18012,User_U-18012,Active,2023-01-17 14:00:00
U-18014,User_U-18014,Active,2023-01-28 14:00:00
U-18017,User_U-18017,Active,2023-01-11 14:00:00
U-18020,User_U-18020,Active,2023-01-30 14:00:00
U-18026,User_U-18026,Active,2023-01-26 14:00:00
U-18027,User_U-18027,Active,2023-01-15 14:00:00
U-18029,User_U-18029,Active,2023-01-26 14:00:00
U-18031,User_U-18031,Active,2023-01-16 14:00:00
U-18032,User_U-18032,Active,2023-01-14 14:00:00
U-18034,User_U-18034,Active,2023-01-16 14:00:00
U-18036,User_U-18036,Active,2023-01-26 14:00:00
U-18037,User_U-18037,Active,2023-01-04 14:00:00
U-18038,User_U-18038,Active,2023-01-23 14:00:00
U-18039,User_U-18039,Active,2023-01-26 14:00:00
U-18040,User_U-18040,Active,2023-01-17 14:00:00
U-18041,User_U-18041,Active,2023-01-12 14:00:00
U-18042,User_U-18042,Active,2023-01-14 14:00:00
U-18046,User_U-18046,Active,2023-01-16 14:00:00
U-18048,User_U-18048,Active,2023-01-24 14:00:00
U-18049,User_U-18049,Active,2023-01-24 14:00:00
U-18050,User_U-18050,Active,2023-01-30 14:00:00
U-18053,User_U-18053,Active,2023-01-17 14:00:00
U-18054,User_U-18054,Active,2023-01-05 14:00:00
U-18057,User_U-18057,Active,2023-01-21 14:00:00
U-18060,User_U-18060,Active,2023-01-06 14:00:00
U-18062,User_U-18062,Active,2023-01-21 14:00:00
U-18064,User_U-18064,Active,2023-01-10 14:00:00
U-18066,User_U-18066,Active,2023-01-10 14:00:00
U-18067,User_U-18067,Active,2023-01-22 14:00:00
U-18069,User_U-18069,Active,2023-01-11 14:00:00
U-18070,User_U-18070,Active,2023-01-08 14:00:00
U-18071,User_U-18071,Active,2023-01-15 14:00:00
U-18072,User_U-18072,Active,2023-01-04 14:00:00
U-18073,User_U-18073,Active,2023-01-29 14:00:00
U-18074,User_U-18074,Active,2023-01-13 14:00:00
U-18076,User_U-18076,Active,2023-01-08 14:00:00
U-18077,User_U-18077,Active,2023-01-29 14:00:00
U-18078,User_U-18078,Active,2023-01-27 14:00:00
U-18080,User_U-18080,Active,2023-01-10 14:00:00
U-18081,User_U-18081,Active,2023-01-19 14:00:00
U-18082,User_U-18082,Active,2023-01-20 14:00:00
U-18088,User_U-18088,Active,2023-01-18 14:00:00
U-18091,User_U-18091,Active,2023-01-24 14:00:00
U-18092,User_U-18092,Active,2023-01-03 14:00:00
U-18094,User_U-18094,Active,2023-01-08 14:00:00
U-18095,User_U-18095,Active,2023-01-16 14:00:00
U-18097,User_U-18097,Active,2023-01-21 14:00:00
U-18098,User_U-18098,Active,2023-01-18 14:00:00
U-18101,User_U-18101,Active,2023-01-11 14:00:00
U-18102,User_U-18102,Active,2023-01-26 14:00:00
U-18103,User_U-18103,Active,2023-01-30 14:00:00
U-18104,User_U-18104,Active,2023-01-15 14:00:00
U-18105,User_U-18105,Active,2023-01-25 14:00:00
U-18106,User_U-18106,Active,2023-01-23 14:00:00
U-18107,User_U-18107,Active,2023-01-22 14:00:00
U-18109,User_U-18109,Active,2023-01-27 14:00:00
U-18110,User_U-18110,Active,2023-01-20 14:00:00
U-18112,User_U-18112,Active,2023-01-09 14:00:00
U-18113,User_U-18113,Active,2023-01-05 14:00:00
U-18114,User_U-18114,Active,2023-01-22 14:00:00
U-18115,User_U-18115,Active,2023-01-14 14:00:00
U-18116,User_U-18116,Active,2023-01-05 14:00:00
U-18118,User_U-18118,Active,2023-01-03 14:00:00
U-18119,User_U-18119,Active,2023-01-11 14:00:00
U-18120,User_U-18120,Active,2023-01-29 14:00:00
U-18124,User_U-18124,Active,2023-01-29 14:00:00
U-18127,User_U-18127,Active,2023-01-08 14:00:00
U-18128,User_U-18128,Active,2023-01-16 14:00:00
U-18130,User_U-18130,Active,2023-01-25 14:00:00
U-18132,User_U-18132,Active,2023-01-09 14:00:00
U-18135,User_U-18135,Active,2023-01-18 14:00:00
U-18136,User_U-18136,Active,2023-01-09 14:00:00
U-18138,User_U-18138,Active,2023-01-14 14:00:00
U-18144,User_U-18144,Active,2023-01-12 14:00:00
U-18146,User_U-18146,Active,2023-01-03 14:00:00
U-18150,User_U-18150,Active,2023-01-25 14:00:00
U-18151,User_U-18151,Active,2023-01-04 14:00:00
U-18155,User_U-18155,Active,2023-01-21 14:00:00
U-18158,User_U-18158,Active,2023-01-21 14:00:00
U-18160,User_U-18160,Active,2023-01-10 14:00:00
U-18161,User_U-18161,Active,2023-01-29 14:00:00
U-18162,User_U-18162,Active,2023-01-20 14:00:00
U-18163,User_U-18163,Active,2023-01-12 14:00:00
U-18164,User_U-18164,Active,2023-01-17 14:00:00
U-18165,User_U-18165,Active,2023-01-25 14:00:00
U-18167,User_U-18167,Active,2023-01-23 14:00:00
U-18168,User_U-18168,Active,2023-01-07 14:00:00
U-18169,User_U-18169,Active,2023-01-13 14:00:00
U-18171,User_U-18171,Active,2023-01-27 14:00:00
U-18172,User_U-18172,Active,2023-01-12 14:00:00
U-18178,User_U-18178,Active,2023-01-07 14:00:00
U-18179,User_U-18179,Active,2023-01-12 14:00:00
U-18180,User_U-18180,Active,2023-01-28 14:00:00
U-18181,User_U-18181,Active,2023-01-08 14:00:00
U-18182,User_U-18182,Active,2023-01-30 14:00:00
U-18183,User_U-18183,Active,2023-01-22 14:00:00
U-18184,User_U-18184,Active,2023-01-25 14:00:00
U-18185,User_U-18185,Active,2023-01-29 14:00:00
U-18189,User_U-18189,Active,2023-01-20 14:00:00
U-18191,User_U-18191,Active,2023-01-10 14:00:00
U-18192,User_U-18192,Active,2023-01-23 14:00:00
U-18193,User_U-18193,Active,2023-01-09 14:00:00
U-18195,User_U-18195,Active,2023-01-06 14:00:00
U-18196,User_U-18196,Active,2023-01-15 14:00:00
U-18198,User_U-18198,Active,2023-01-08 14:00:00
U-18201,User_U-18201,Active,2023-01-09 14:00:00
U-18202,User_U-18202,Active,2023-01-24 14:00:00
U-18204,User_U-18204,Active,2023-01-15 14:00:00
U-18205,User_U-18205,Active,2023-01-07 14:00:00
U-18207,User_U-18207,Active,2023-01-15 14:00:00
U-18208,User_U-18208,Active,2023-01-12 14:00:00
U-18211,User_U-18211,Active,2023-01-13 14:00:00
U-18212,User_U-18212,Active,2023-01-03 14:00:00
U-18213,User_U-18213,Active,2023-01-10 14:00:00
U-18214,User_U-18214,Active,2023-01-18 14:00:00
U-18215,User_U-18215,Active,2023-01-22 14:00:00
U-18219,User_U-18219,Active,2023-01-19 14:00:00
U-18220,User_U-18220,Active,2023-01-20 14:00:00
U-18221,User_U-18221,Active,2023-01-23 14:00:00
U-18225,User_U-18225,Active,2023-01-22 14:00:00
U-18228,User_U-18228,Active,2023-01-18 14:00:00
U-18229,User_U-18229,Active,2023-01-23 14:00:00
U-18231,User_U-18231,Active,2023-01-14 14:00:00
U-18233,User_U-18233,Active,2023-01-25 14:00:00
U-18234,User_U-18234,Active,2023-01-06 14:00:00
U-18235,User_U-18235,Active,2023-01-10 14:00:00
U-18238,User_U-18238,Active,2023-01-06 14:00:00
U-18239,User_U-18239,Active,2023-01-27 14:00:00
U-18242,User_U-18242,Active,2023-01-08 14:00:00
U-18243,User_U-18243,Active,2023-01-26 14:00:00
U-18244,User_U-18244,Active,2023-01-10 14:00:00
U-18245,User_U-18245,Active,2023-01-02 14:00:00
U-18252,User_U-18252,Active,2023-01-26 14:00:00
U-18256,User_U-18256,Active,2023-01-15 14:00:00
U-18257,User_U-18257,Active,2023-01-19 14:00:00
U-18260,User_U-18260,Active,2023-01-08 14:00:00
U-18261,User_U-18261,Active,2023-01-16 14:00:00
U-18265,User_U-18265,Active,2023-01-18 14:00:00
U-18266,User_U-18266,Active,2023-01-02 14:00:00
U-18267,User_U-18267,Active,2023-01-16 14:00:00
U-18270,User_U-18270,Active,2023-01-08 14:00:00
U-18271,User_U-18271,Active,2023-01-12 14:00:00
U-18272,User_U-18272,Active,2023-01-11 14:00:00
U-18273,User_U-18273,Active,2023-01-22 14:00:00
U-18275,User_U-18275,Active,2023-01-25 14:00:00
U-18277,User_U-18277,Active,2023-01-29 14:00:00
U-18279,User_U-18279,Active,2023-01-12 14:00:00
U-18280,User_U-18280,Active,2023-01-24 14:00:00
U-18281,User_U-18281,Active,2023-01-22 14:00:00
U-18282,User_U-18282,Active,2023-01-10 14:00:00
U-18284,User_U-18284,Active,2023-01-16 14:00:00
U-18286,User_U-18286,Active,2023-01-04 14:00:00
U-18288,User_U-18288,Active,2023-01-13 14:00:00
U-18290,User_U-18290,Active,2023-01-26 14:00:00
U-18291,User_U-18291,Active,2023-01-10 14:00:00
U-18293,User_U-18293,Active,2023-01-08 14:00:00
U-18294,User_U-18294,Active,2023-01-26 14:00:00
U-18296,User_U-18296,Active,2023-01-06 14:00:00
U-18298,User_U-18298,Active,2023-01-21 14:00:00
U-18299,User_U-18299,Active,2023-01-14 14:00:00
U-18300,User_U-18300,Active,2023-01-12 14:00:00
U-18302,User_U-18302,Active,2023-01-04 14:00:00
U-18304,User_U-18304,Active,2023-01-28 14:00:00
U-18305,User_U-18305,Active,2023-01-23 14:00:00
U-18307,User_U-18307,Active,2023-01-07 14:00:00
U-18309,User_U-18309,Active,2023-01-12 14:00:00
U-18310,User_U-18310,Active,2023-01-21 14:00:00
U-18312,User_U-18312,Active,2023-01-21 14:00:00
U-18314,User_U-18314,Active,2023-01-20 14:00:00
U-18316,User_U-18316,Active,2023-01-02 14:00:00
U-18318,User_U-18318,Active,2023-01-02 14:00:00
U-18320,User_U-18320,Active,2023-01-11 14:00:00
U-18321,User_U-18321,Active,2023-01-09 14:00:00
U-18322,User_U-18322,Active,2023-01-08 14:00:00
U-18323,User_U-18323,Active,2023-01-04 14:00:00
U-18325,User_U-18325,Active,2023-01-05 14:00:00
U-18326,User_U-18326,Active,2023-01-17 14:00:00
U-18330,User_U-18330,Active,2023-01-24 14:00:00
U-18331,User_U-18331,Active,2023-01-03 14:00:00
U-18332,User_U-18332,Active,2023-01-06 14:00:00
U-18335,User_U-18335,Active,2023-01-16 14:00:00
U-18338,User_U-18338,Active,2023-01-08 14:00:00
U-18339,User_U-18339,Active,2023-01-22 14:00:00
U-18340,User_U-18340,Active,2023-01-23 14:00:00
U-18341,User_U-18341,Active,2023-01-20 14:00:00
U-18344,User_U-18344,Active,2023-01-30 14:00:00
U-18345,User_U-18345,Active,2023-01-07 14:00:00
U-18346,User_U-18346,Active,2023-01-28 14:00:00
U-18348,User_U-18348,Active,2023-01-29 14:00:00
U-18350,User_U-18350,Active,2023-01-18 14:00:00
U-18351,User_U-18351,Active,2023-01-10 14:00:00
U-18352,User_U-18352,Active,2023-01-20 14:00:00
U-18354,User_U-18354,Active,2023-01-25 14:00:00
U-18357,User_U-18357,Active,2023-01-08 14:00:00
U-18358,User_U-18358,Active,2023-01-24 14:00:00
U-18360,User_U-18360,Active,2023-01-18 14:00:00
U-18363,User_U-18363,Active,2023-01-19 14:00:00
U-18365,User_U-18365,Active,2023-01-14 14:00:00
U-18366,User_U-18366,Active,2023-01-30 14:00:00
U-18369,User_U-18369,Active,2023-01-07 14:00:00
U-18370,User_U-18370,Active,2023-01-22 14:00:00
U-18372,User_U-18372,Active,2023-01-29 14:00:00
U-18374,User_U-18374,Active,2023-01-13 14:00:00
U-18375,User_U-18375,Active,2023-01-20 14:00:00
U-18377,User_U-18377,Active,2023-01-15 14:00:00
U-18381,User_U-18381,Active,2023-01-06 14:00:00
U-18383,User_U-18383,Active,2023-01-26 14:00:00
U-18384,User_U-18384,Active,2023-01-04 14:00:00
U-18385,User_U-18385,Active,2023-01-19 14:00:00
U-18386,User_U-18386,Active,2023-01-19 14:00:00
U-18387,User_U-18387,Active,2023-01-21 14:00:00
U-18389,User_U-18389,Active,2023-01-04 14:00:00
U-18390,User_U-18390,Active,2023-01-22 14:00:00
U-18392,User_U-18392,Active,2023-01-28 14:00:00
U-18393,User_U-18393,Active,2023-01-30 14:00:00
U-18394,User_U-18394,Active,2023-01-19 14:00:00
U-18395,User_U-18395,Active,2023-01-18 14:00:00
U-18396,User_U-18396,Active,2023-01-30 14:00:00
U-18397,User_U-18397,Active,2023-01-19 14:00:00
U-18398,User_U-18398,Active,2023-01-24 14:00:00
U-18400,User_U-18400,Active,2023-01-19 14:00:00
U-18401,User_U-18401,Active,2023-01-12 14:00:00
U-18405,User_U-18405,Active,2023-01-15 14:00:00
U-18406,User_U-18406,Active,2023-01-25 14:00:00
U-18408,User_U-18408,Active,2023-01-04 14:00:00
U-18409,User_U-18409,Active,2023-01-19 14:00:00
U-18410,User_U-18410,Active,2023-01-13 14:00:00
U-18411,User_U-18411,Active,2023-01-18 14:00:00
U-18412,User_U-18412,Active,2023-01-04 14:00:00
U-18413,User_U-18413,Active,2023-01-05 14:00:00
U-18414,User_U-18414,Active,2023-01-05 14:00:00
U-18415,User_U-18415,Active,2023-01-09 14:00:00
U-18416,User_U-18416,Active,2023-01-14 14:00:00
U-18417,User_U-18417,Active,2023-01-06 14:00:00
U-18420,User_U-18420,Active,2023-01-15 14:00:00
U-18422,User_U-18422,Active,2023-01-20 14:00:00
U-18423,User_U-18423,Active,2023-01-15 14:00:00
U-18425,User_U-18425,Active,2023-01-11 14:00:00
U-18429,User_U-18429,Active,2023-01-12 14:00:00
U-18430,User_U-18430,Active,2023-01-02 14:00:00
U-18434,User_U-18434,Active,2023-01-05 14:00:00
U-18436,User_U-18436,Active,2023-01-03 14:00:00
U-18437,User_U-18437,Active,2023-01-03 14:00:00
U-18438,User_U-18438,Active,2023-01-13 14:00:00
U-18442,User_U-18442,Active,2023-01-23 14:00:00
U-18443,User_U-18443,Active,2023-01-09 14:00:00
U-18445,User_U-18445,Active,2023-01-07 14:00:00
U-18447,User_U-18447,Active,2023-01-15 14:00:00
U-18450,User_U-18450,Active,2023-01-25 14:00:00
U-18451,User_U-18451,Active,2023-01-11 14:00:00
U-18453,User_U-18453,Active,2023-01-02 14:00:00
U-18455,User_U-18455,Active,2023-01-07 14:00:00
U-18458,User_U-18458,Active,2023-01-12 14:00:00
U-18459,User_U-18459,Active,2023-01-09 14:00:00
U-18461,User_U-18461,Active,2023-01-02 14:00:00
U-18463,User_U-18463,Active,2023-01-04 14:00:00
U-18466,User_U-18466,Active,2023-01-06 14:00:00
U-18468,User_U-18468,Active,2023-01-05 14:00:00
U-18471,User_U-18471,Active,2023-01-26 14:00:00
U-18473,User_U-18473,Active,2023-01-10 14:00:00
U-18475,User_U-18475,Active,2023-01-19 14:00:00
U-18477,User_U-18477,Active,2023-01-02 14:00:00
U-18478,User_U-18478,Active,2023-01-25 14:00:00
U-18479,User_U-18479,Active,2023-01-13 14:00:00
U-18481,User_U-18481,Active,2023-01-05 14:00:00
U-18483,User_U-18483,Active,2023-01-04 14:00:00
U-18484,User_U-18484,Active,2023-01-16 14:00:00
U-18486,User_U-18486,Active,2023-01-17 14:00:00
U-18491,User_U-18491,Active,2023-01-20 14:00:00
U-18492,User_U-18492,Active,2023-01-20 14:00:00
U-18493,User_U-18493,Active,2023-01-18 14:00:00
U-18494,User_U-18494,Active,2023-01-18 14:00:00
U-18496,User_U-18496,Active,2023-01-29 14:00:00
U-18497,User_U-18497,Active,2023-01-27 14:00:00
U-18498,User_U-18498,Active,2023-01-09 14:00:00
U-18500,User_U-18500,Active,2023-01-14 14:00:00
U-18502,User_U-18502,Active,2023-01-10 14:00:00
U-18507,User_U-18507,Active,2023-01-06 14:00:00
U-18511,User_U-18511,Active,2023-01-09 14:00:00
U-18513,User_U-18513,Active,2023-01-24 14:00:00
U-18517,User_U-18517,Active,2023-01-04 14:00:00
U-18518,User_U-18518,Active,2023-01-21 14:00:00
U-18519,User_U-18519,Active,2023-01-04 14:00:00
U-18521,User_U-18521,Active,2023-01-07 14:00:00
U-18522,User_U-18522,Active,2023-01-11 14:00:00
U-18523,User_U-18523,Active,2023-01-16 14:00:00
U-18525,User_U-18525,Active,2023-01-20 14:00:00
U-18528,User_U-18528,Active,2023-01-12 14:00:00
U-18530,User_U-18530,Active,2023-01-09 14:00:00
U-18531,User_U-18531,Active,2023-01-02 14:00:00
U-18532,User_U-18532,Active,2023-01-09 14:00:00
U-18534,User_U-18534,Active,2023-01-03 14:00:00
U-18537,User_U-18537,Active,2023-01-28 14:00:00
U-18539,User_U-18539,Active,2023-01-29 14:00:00
U-18540,User_U-18540,Active,2023-01-14 14:00:00
U-18541,User_U-18541,Active,2023-01-23 14:00:00
U-18543,User_U-18543,Active,2023-01-16 14:00:00
U-18546,User_U-18546,Active,2023-01-27 14:00:00
U-18553,User_U-18553,Active,2023-01-28 14:00:00
U-18555,User_U-18555,Active,2023-01-09 14:00:00
U-18557,User_U-18557,Active,2023-01-02 14:00:00
U-18559,User_U-18559,Active,2023-01-06 14:00:00
U-18560,User_U-18560,Active,2023-01-29 14:00:00
U-18562,User_U-18562,Active,2023-01-27 14:00:00
U-18564,User_U-18564,Active,2023-01-09 14:00:00
U-18566,User_U-18566,Active,2023-01-15 14:00:00
U-18568,User_U-18568,Active,2023-01-04 14:00:00
U-18569,User_U-18569,Active,2023-01-24 14:00:00
U-18572,User_U-18572,Active,2023-01-07 14:00:00
U-18573,User_U-18573,Active,2023-01-20 14:00:00
U-18575,User_U-18575,Active,2023-01-04 14:00:00
U-18577,User_U-18577,Active,2023-01-02 14:00:00
U-18579,User_U-18579,Active,2023-01-04 14:00:00
U-18580,User_U-18580,Active,2023-01-25 14:00:00
U-18581,User_U-18581,Active,2023-01-13 14:00:00
U-18583,User_U-18583,Active,2023-01-24 14:00:00
U-18584,User_U-18584,Active,2023-01-11 14:00:00
U-18585,User_U-18585,Active,2023-01-03 14:00:00
U-18586,User_U-18586,Active,2023-01-20 14:00:00
U-18587,User_U-18587,Active,2023-01-11 14:00:00
U-18588,User_U-18588,Active,2023-01-15 14:00:00
U-18589,User_U-18589,Active,2023-01-03 14:00:00
U-18590,User_U-18590,Active,2023-01-20 14:00:00
U-18591,User_U-18591,Active,2023-01-02 14:00:00
U-18592,User_U-18592,Active,2023-01-07 14:00:00
U-18593,User_U-18593,Active,2023-01-15 14:00:00
U-18595,User_U-18595,Active,2023-01-02 14:00:00
U-18596,User_U-18596,Active,2023-01-10 14:00:00
U-18599,User_U-18599,Active,2023-01-14 14:00:00
U-18603,User_U-18603,Active,2023-01-11 14:00:00
U-18604,User_U-18604,Active,2023-01-09 14:00:00
U-18605,User_U-18605,Active,2023-01-03 14:00:00
U-18607,User_U-18607,Active,2023-01-25 14:00:00
U-18608,User_U-18608,Active,2023-01-20 14:00:00
U-18609,User_U-18609,Active,2023-01-09 14:00:00
U-18611,User_U-18611,Active,2023-01-12 14:00:00
U-18612,User_U-18612,Active,2023-01-29 14:00:00
U-18613,User_U-18613,Active,2023-01-21 14:00:00
U-18614,User_U-18614,Active,2023-01-15 14:00:00
U-18615,User_U-18615,Active,2023-01-19 14:00:00
U-18616,User_U-18616,Active,2023-01-02 14:00:00
U-18617,User_U-18617,Active,2023-01-14 14:00:00
U-18618,User_U-18618,Active,2023-01-20 14:00:00
U-18623,User_U-18623,Active,2023-01-08 14:00:00
U-18625,User_U-18625,Active,2023-01-07 14:00:00
U-18626,User_U-18626,Active,2023-01-06 14:00:00
U-18627,User_U-18627,Active,2023-01-26 14:00:00
U-18629,User_U-18629,Active,2023-01-21 14:00:00
U-18632,User_U-18632,Active,2023-01-05 14:00:00
U-18636,User_U-18636,Active,2023-01-28 14:00:00
U-18639,User_U-18639,Active,2023-01-24 14:00:00
U-18640,User_U-18640,Active,2023-01-21 14:00:00
U-18644,User_U-18644,Active,2023-01-10 14:00:00
U-18645,User_U-18645,Active,2023-01-29 14:00:00
U-18647,User_U-18647,Active,2023-01-30 14:00:00
U-18648,User_U-18648,Active,2023-01-16 14:00:00
U-18650,User_U-18650,Active,2023-01-02 14:00:00
U-18653,User_U-18653,Active,2023-01-29 14:00:00
U-18655,User_U-18655,Active,2023-01-23 14:00:00
U-18657,User_U-18657,Active,2023-01-17 14:00:00
U-18658,User_U-18658,Active,2023-01-21 14:00:00
U-18660,User_U-18660,Active,2023-01-22 14:00:00
U-18661,User_U-18661,Active,2023-01-20 14:00:00
U-18663,User_U-18663,Active,2023-01-23 14:00:00
U-18665,User_U-18665,Active,2023-01-08 14:00:00
U-18666,User_U-18666,Active,2023-01-17 14:00:00
U-18667,User_U-18667,Active,2023-01-22 14:00:00
U-18668,User_U-18668,Active,2023-01-29 14:00:00
U-18669,User_U-18669,Active,2023-01-17 14:00:00
U-18670,User_U-18670,Active,2023-01-22 14:00:00
U-18671,User_U-18671,Active,2023-01-29 14:00:00
U-18672,User_U-18672,Active,2023-01-17 14:00:00
U-18674,User_U-18674,Active,2023-01-25 14:00:00
U-18677,User_U-18677,Active,2023-01-17 14:00:00
U-18678,User_U-18678,Active,2023-01-02 14:00:00
U-18679,User_U-18679,Active,2023-01-30 14:00:00
U-18685,User_U-18685,Active,2023-01-04 14:00:00
U-18686,User_U-18686,Active,2023-01-09 14:00:00
U-18688,User_U-18688,Active,2023-01-19 14:00:00
U-18690,User_U-18690,Active,2023-01-03 14:00:00
U-18691,User_U-18691,Active,2023-01-16 14:00:00
U-18693,User_U-18693,Active,2023-01-17 14:00:00
U-18694,User_U-18694,Active,2023-01-11 14:00:00
U-18697,User_U-18697,Active,2023-01-17 14:00:00
U-18698,User_U-18698,Active,2023-01-06 14:00:00
U-18699,User_U-18699,Active,2023-01-04 14:00:00
U-18702,User_U-18702,Active,2023-01-25 14:00:00
U-18704,User_U-18704,Active,2023-01-15 14:00:00
U-18706,User_U-18706,Active,2023-01-26 14:00:00
U-18709,User_U-18709,Active,2023-01-23 14:00:00
U-18710,User_U-18710,Active,2023-01-16 14:00:00
U-18711,User_U-18711,Active,2023-01-26 14:00:00
U-18712,User_U-18712,Active,2023-01-20 14:00:00
U-18713,User_U-18713,Active,2023-01-10 14:00:00
U-18714,User_U-18714,Active,2023-01-23 14:00:00
U-18716,User_U-18716,Active,2023-01-04 14:00:00
U-18720,User_U-18720,Active,2023-01-10 14:00:00
U-18724,User_U-18724,Active,2023-01-24 14:00:00
U-18725,User_U-18725,Active,2023-01-04 14:00:00
U-18728,User_U-18728,Active,2023-01-06 14:00:00
U-18729,User_U-18729,Active,2023-01-24 14:00:00
U-18732,User_U-18732,Active,2023-01-23 14:00:00
U-18733,User_U-18733,Active,2023-01-30 14:00:00
U-18736,User_U-18736,Active,2023-01-09 14:00:00
U-18737,User_U-18737,Active,2023-01-10 14:00:00
U-18738,User_U-18738,Active,2023-01-05 14:00:00
U-18741,User_U-18741,Active,2023-01-10 14:00:00
U-18744,User_U-18744,Active,2023-01-03 14:00:00
U-18745,User_U-18745,Active,2023-01-18 14:00:00
U-18746,User_U-18746,Active,2023-01-11 14:00:00
U-18748,User_U-18748,Active,2023-01-24 14:00:00
U-18750,User_U-18750,Active,2023-01-26 14:00:00
U-18751,User_U-18751,Active,2023-01-25 14:00:00
U-18753,User_U-18753,Active,2023-01-13 14:00:00
U-18755,User_U-18755,Active,2023-01-05 14:00:00
U-18756,User_U-18756,Active,2023-01-13 14:00:00
U-18757,User_U-18757,Active,2023-01-29 14:00:00
U-18758,User_U-18758,Active,2023-01-29 14:00:00
U-18759,User_U-18759,Active,2023-01-14 14:00:00
U-18762,User_U-18762,Active,2023-01-14 14:00:00
U-18767,User_U-18767,Active,2023-01-08 14:00:00
U-18768,User_U-18768,Active,2023-01-18 14:00:00
U-18772,User_U-18772,Active,2023-01-26 14:00:00
U-18776,User_U-18776,Active,2023-01-28 14:00:00
U-18777,User_U-18777,Active,2023-01-25 14:00:00
U-18779,User_U-18779,Active,2023-01-04 14:00:00
U-18780,User_U-18780,Active,2023-01-03 14:00:00
U-18782,User_U-18782,Active,2023-01-12 14:00:00
U-18783,User_U-18783,Active,2023-01-27 14:00:00
U-18785,User_U-18785,Active,2023-01-18 14:00:00
U-18787,User_U-18787,Active,2023-01-27 14:00:00
U-18794,User_U-18794,Active,2023-01-26 14:00:00
U-18795,User_U-18795,Active,2023-01-03 14:00:00
U-18796,User_U-18796,Active,2023-01-03 14:00:00
U-18798,User_U-18798,Active,2023-01-06 14:00:00
U-18799,User_U-18799,Active,2023-01-22 14:00:00
U-18800,User_U-18800,Active,2023-01-18 14:00:00
U-18802,User_U-18802,Active,2023-01-06 14:00:00
U-18803,User_U-18803,Active,2023-01-15 14:00:00
U-18804,User_U-18804,Active,2023-01-29 14:00:00
U-18805,User_U-18805,Active,2023-01-23 14:00:00
U-18808,User_U-18808,Active,2023-01-14 14:00:00
U-18811,User_U-18811,Active,2023-01-20 14:00:00
U-18812,User_U-18812,Active,2023-01-14 14:00:00
U-18817,User_U-18817,Active,2023-01-19 14:00:00
U-18818,User_U-18818,Active,2023-01-09 14:00:00
U-18819,User_U-18819,Active,2023-01-13 14:00:00
U-18820,User_U-18820,Active,2023-01-09 14:00:00
U-18821,User_U-18821,Active,2023-01-18 14:00:00
U-18823,User_U-18823,Active,2023-01-28 14:00:00
U-18826,User_U-18826,Active,2023-01-29 14:00:00
U-18827,User_U-18827,Active,2023-01-20 14:00:00
U-18828,User_U-18828,Active,2023-01-13 14:00:00
U-18829,User_U-18829,Active,2023-01-17 14:00:00
U-18830,User_U-18830,Active,2023-01-26 14:00:00
U-18832,User_U-18832,Active,2023-01-29 14:00:00
U-18835,User_U-18835,Active,2023-01-26 14:00:00
U-18837,User_U-18837,Active,2023-01-02 14:00:00
U-18838,User_U-18838,Active,2023-01-16 14:00:00
U-18840,User_U-18840,Active,2023-01-29 14:00:00
U-18841,User_U-18841,Active,2023-01-09 14:00:00
U-18842,User_U-18842,Active,2023-01-20 14:00:00
U-18844,User_U-18844,Active,2023-01-11 14:00:00
U-18845,User_U-18845,Active,2023-01-12 14:00:00
U-18846,User_U-18846,Active,2023-01-22 14:00:00
U-18847,User_U-18847,Active,2023-01-14 14:00:00
U-18849,User_U-18849,Active,2023-01-05 14:00:00
U-18852,User_U-18852,Active,2023-01-03 14:00:00
U-18855,User_U-18855,Active,2023-01-17 14:00:00
U-18856,User_U-18856,Active,2023-01-28 14:00:00
U-18858,User_U-18858,Active,2023-01-29 14:00:00
U-18862,User_U-18862,Active,2023-01-02 14:00:00
U-18864,User_U-18864,Active,2023-01-12 14:00:00
U-18865,User_U-18865,Active,2023-01-23 14:00:00
U-18866,User_U-18866,Active,2023-01-30 14:00:00
U-18867,User_U-18867,Active,2023-01-27 14:00:00
U-18868,User_U-18868,Active,2023-01-16 14:00:00
U-18869,User_U-18869,Active,2023-01-23 14:00:00
U-18870,User_U-18870,Active,2023-01-11 14:00:00
U-18872,User_U-18872,Active,2023-01-14 14:00:00
U-18873,User_U-18873,Active,2023-01-12 14:00:00
U-18875,User_U-18875,Active,2023-01-30 14:00:00
U-18876,User_U-18876,Active,2023-01-10 14:00:00
U-18878,User_U-18878,Active,2023-01-02 14:00:00
U-18880,User_U-18880,Active,2023-01-30 14:00:00
U-18882,User_U-18882,Active,2023-01-29 14:00:00
U-18883,User_U-18883,Active,2023-01-30 14:00:00
U-18884,User_U-18884,Active,2023-01-20 14:00:00
U-18885,User_U-18885,Active,2023-01-12 14:00:00
U-18886,User_U-18886,Active,2023-01-25 14:00:00
U-18887,User_U-18887,Active,2023-01-28 14:00:00
U-18888,User_U-18888,Active,2023-01-14 14:00:00
U-18889,User_U-18889,Active,2023-01-09 14:00:00
U-18892,User_U-18892,Active,2023-01-13 14:00:00
U-18896,User_U-18896,Active,2023-01-25 14:00:00
U-18899,User_U-18899,Active,2023-01-03 14:00:00
U-18900,User_U-18900,Active,2023-01-04 14:00:00
U-18902,User_U-18902,Active,2023-01-05 14:00:00
U-18905,User_U-18905,Active,2023-01-26 14:00:00
U-18906,User_U-18906,Active,2023-01-19 14:00:00
U-18907,User_U-18907,Active,2023-01-27 14:00:00
U-18908,User_U-18908,Active,2023-01-10 14:00:00
U-18912,User_U-18912,Active,2023-01-20 14:00:00
U-18913,User_U-18913,Active,2023-01-14 14:00:00
U-18914,User_U-18914,Active,2023-01-05 14:00:00
U-18915,User_U-18915,Active,2023-01-16 14:00:00
U-18916,User_U-18916,Active,2023-01-28 14:00:00
U-18917,User_U-18917,Active,2023-01-22 14:00:00
U-18919,User_U-18919,Active,2023-01-26 14:00:00
U-18923,User_U-18923,Active,2023-01-27 14:00:00
U-18925,User_U-18925,Active,2023-01-20 14:00:00
U-18927,User_U-18927,Active,2023-01-16 14:00:00
U-18929,User_U-18929,Active,2023-01-06 14:00:00
U-18934,User_U-18934,Active,2023-01-10 14:00:00
U-18936,User_U-18936,Active,2023-01-24 14:00:00
U-18938,User_U-18938,Active,2023-01-05 14:00:00
U-18941,User_U-18941,Active,2023-01-19 14:00:00
U-18943,User_U-18943,Active,2023-01-03 14:00:00
U-18944,User_U-18944,Active,2023-01-07 14:00:00
U-18945,User_U-18945,Active,2023-01-05 14:00:00
U-18946,User_U-18946,Active,2023-01-19 14:00:00
U-18949,User_U-18949,Active,2023-01-25 14:00:00
U-18952,User_U-18952,Active,2023-01-24 14:00:00
U-18953,User_U-18953,Active,2023-01-13 14:00:00
U-18957,User_U-18957,Active,2023-01-11 14:00:00
U-18959,User_U-18959,Active,2023-01-25 14:00:00
U-18964,User_U-18964,Active,2023-01-24 14:00:00
U-18966,User_U-18966,Active,2023-01-23 14:00:00
U-18967,User_U-18967,Active,2023-01-12 14:00:00
U-18969,User_U-18969,Active,2023-01-26 14:00:00
U-18970,User_U-18970,Active,2023-01-25 14:00:00
U-18971,User_U-18971,Active,2023-01-19 14:00:00
U-18972,User_U-18972,Active,2023-01-17 14:00:00
U-18973,User_U-18973,Active,2023-01-10 14:00:00
U-18974,User_U-18974,Active,2023-01-13 14:00:00
U-18975,User_U-18975,Active,2023-01-09 14:00:00
U-18976,User_U-18976,Active,2023-01-14 14:00:00
U-18977,User_U-18977,Active,2023-01-10 14:00:00
U-18982,User_U-18982,Active,2023-01-18 14:00:00
U-18984,User_U-18984,Active,2023-01-03 14:00:00
U-18986,User_U-18986,Active,2023-01-29 14:00:00
U-18987,User_U-18987,Active,2023-01-29 14:00:00
U-18989,User_U-18989,Active,2023-01-03 14:00:00
U-18991,User_U-18991,Active,2023-01-13 14:00:00
U-18993,User_U-18993,Active,2023-01-07 14:00:00
U-18994,User_U-18994,Active,2023-01-19 14:00:00
U-18995,User_U-18995,Active,2023-01-30 14:00:00
U-18996,User_U-18996,Active,2023-01-22 14:00:00
U-19000,User_U-19000,Active,2023-01-20 14:00:00
U-19001,User_U-19001,Active,2023-01-13 14:00:00
U-19002,User_U-19002,Active,2023-01-17 14:00:00
U-19004,User_U-19004,Active,2023-01-03 14:00:00
U-19005,User_U-19005,Active,2023-01-02 14:00:00
U-19006,User_U-19006,Active,2023-01-30 14:00:00
U-19009,User_U-19009,Active,2023-01-15 14:00:00
U-19010,User_U-19010,Active,2023-01-18 14:00:00
U-19012,User_U-19012,Active,2023-01-30 14:00:00
U-19014,User_U-19014,Active,2023-01-12 14:00:00
U-19015,User_U-19015,Active,2023-01-17 14:00:00
U-19016,User_U-19016,Active,2023-01-02 14:00:00
U-19018,User_U-19018,Active,2023-01-19 14:00:00
U-19020,User_U-19020,Active,2023-01-19 14:00:00
U-19021,User_U-19021,Active,2023-01-10 14:00:00
U-19022,User_U-19022,Active,2023-01-11 14:00:00
U-19025,User_U-19025,Active,2023-01-27 14:00:00
U-19026,User_U-19026,Active,2023-01-26 14:00:00
U-19029,User_U-19029,Active,2023-01-17 14:00:00
U-19030,User_U-19030,Active,2023-01-18 14:00:00
U-19031,User_U-19031,Active,2023-01-11 14:00:00
U-19033,User_U-19033,Active,2023-01-30 14:00:00
U-19035,User_U-19035,Active,2023-01-14 14:00:00
U-19036,User_U-19036,Active,2023-01-15 14:00:00
U-19038,User_U-19038,Active,2023-01-08 14:00:00
U-19039,User_U-19039,Active,2023-01-02 14:00:00
U-19043,User_U-19043,Active,2023-01-02 14:00:00
U-19045,User_U-19045,Active,2023-01-23 14:00:00
U-19046,User_U-19046,Active,2023-01-10 14:00:00
U-19047,User_U-19047,Active,2023-01-08 14:00:00
U-19048,User_U-19048,Active,2023-01-13 14:00:00
U-19049,User_U-19049,Active,2023-01-09 14:00:00
U-19051,User_U-19051,Active,2023-01-23 14:00:00
U-19053,User_U-19053,Active,2023-01-21 14:00:00
U-19054,User_U-19054,Active,2023-01-04 14:00:00
U-19055,User_U-19055,Active,2023-01-29 14:00:00
U-19056,User_U-19056,Active,2023-01-11 14:00:00
U-19057,User_U-19057,Active,2023-01-08 14:00:00
U-19058,User_U-19058,Active,2023-01-29 14:00:00
U-19059,User_U-19059,Active,2023-01-25 14:00:00
U-19061,User_U-19061,Active,2023-01-26 14:00:00
U-19062,User_U-19062,Active,2023-01-22 14:00:00
U-19063,User_U-19063,Active,2023-01-29 14:00:00
U-19065,User_U-19065,Active,2023-01-14 14:00:00
U-19067,User_U-19067,Active,2023-01-11 14:00:00
U-19068,User_U-19068,Active,2023-01-27 14:00:00
U-19069,User_U-19069,Active,2023-01-24 14:00:00
U-19071,User_U-19071,Active,2023-01-13 14:00:00
U-19073,User_U-19073,Active,2023-01-08 14:00:00
U-19074,User_U-19074,Active,2023-01-30 14:00:00
U-19075,User_U-19075,Active,2023-01-21 14:00:00
U-19076,User_U-19076,Active,2023-01-29 14:00:00
U-19077,User_U-19077,Active,2023-01-21 14:00:00
U-19079,User_U-19079,Active,2023-01-07 14:00:00
U-19081,User_U-19081,Active,2023-01-29 14:00:00
U-19082,User_U-19082,Active,2023-01-22 14:00:00
U-19083,User_U-19083,Active,2023-01-28 14:00:00
U-19084,User_U-19084,Active,2023-01-16 14:00:00
U-19087,User_U-19087,Active,2023-01-22 14:00:00
U-19088,User_U-19088,Active,2023-01-27 14:00:00
U-19089,User_U-19089,Active,2023-01-25 14:00:00
U-19090,User_U-19090,Active,2023-01-09 14:00:00
U-19093,User_U-19093,Active,2023-01-15 14:00:00
U-19094,User_U-19094,Active,2023-01-27 14:00:00
U-19095,User_U-19095,Active,2023-01-05 14:00:00
U-19096,User_U-19096,Active,2023-01-13 14:00:00
U-19100,User_U-19100,Active,2023-01-16 14:00:00
U-19101,User_U-19101,Active,2023-01-08 14:00:00
U-19102,User_U-19102,Active,2023-01-08 14:00:00
U-19103,User_U-19103,Active,2023-01-13 14:00:00
U-19105,User_U-19105,Active,2023-01-28 14:00:00
U-19108,User_U-19108,Active,2023-01-13 14:00:00
U-19109,User_U-19109,Active,2023-01-27 14:00:00
U-19110,User_U-19110,Active,2023-01-15 14:00:00
U-19111,User_U-19111,Active,2023-01-07 14:00:00
U-19113,User_U-19113,Active,2023-01-05 14:00:00
U-19114,User_U-19114,Active,2023-01-17 14:00:00
U-19117,User_U-19117,Active,2023-01-17 14:00:00
U-19119,User_U-19119,Active,2023-01-10 14:00:00
U-19120,User_U-19120,Active,2023-01-28 14:00:00
U-19121,User_U-19121,Active,2023-01-22 14:00:00
U-19122,User_U-19122,Active,2023-01-20 14:00:00
U-19125,User_U-19125,Active,2023-01-25 14:00:00
U-19130,User_U-19130,Active,2023-01-24 14:00:00
U-19131,User_U-19131,Active,2023-01-16 14:00:00
U-19132,User_U-19132,Active,2023-01-15 14:00:00
U-19135,User_U-19135,Active,2023-01-30 14:00:00
U-19136,User_U-19136,Active,2023-01-05 14:00:00
U-19137,User_U-19137,Active,2023-01-05 14:00:00
U-19138,User_U-19138,Active,2023-01-29 14:00:00
U-19139,User_U-19139,Active,2023-01-07 14:00:00
U-19140,User_U-19140,Active,2023-01-30 14:00:00
U-19141,User_U-19141,Active,2023-01-21 14:00:00
U-19143,User_U-19143,Active,2023-01-22 14:00:00
U-19144,User_U-19144,Active,2023-01-11 14:00:00
U-19146,User_U-19146,Active,2023-01-07 14:00:00
U-19147,User_U-19147,Active,2023-01-27 14:00:00
U-19148,User_U-19148,Active,2023-01-21 14:00:00
U-19151,User_U-19151,Active,2023-01-21 14:00:00
U-19154,User_U-19154,Active,2023-01-19 14:00:00
U-19156,User_U-19156,Active,2023-01-25 14:00:00
U-19157,User_U-19157,Active,2023-01-10 14:00:00
U-19158,User_U-19158,Active,2023-01-23 14:00:00
U-19159,User_U-19159,Active,2023-01-18 14:00:00
U-19161,User_U-19161,Active,2023-01-27 14:00:00
U-19162,User_U-19162,Active,2023-01-20 14:00:00
U-19164,User_U-19164,Active,2023-01-29 14:00:00
U-19165,User_U-19165,Active,2023-01-20 14:00:00
U-19167,User_U-19167,Active,2023-01-28 14:00:00
U-19169,User_U-19169,Active,2023-01-02 14:00:00
U-19170,User_U-19170,Active,2023-01-14 14:00:00
U-19171,User_U-19171,Active,2023-01-06 14:00:00
U-19173,User_U-19173,Active,2023-01-20 14:00:00
U-19174,User_U-19174,Active,2023-01-06 14:00:00
U-19175,User_U-19175,Active,2023-01-02 14:00:00
U-19177,User_U-19177,Active,2023-01-14 14:00:00
U-19179,User_U-19179,Active,2023-01-28 14:00:00
U-19180,User_U-19180,Active,2023-01-22 14:00:00
U-19181,User_U-19181,Active,2023-01-04 14:00:00
U-19182,User_U-19182,Active,2023-01-15 14:00:00
U-19184,User_U-19184,Active,2023-01-11 14:00:00
U-19186,User_U-19186,Active,2023-01-03 14:00:00
U-19187,User_U-19187,Active,2023-01-23 14:00:00
U-19188,User_U-19188,Active,2023-01-02 14:00:00
U-19189,User_U-19189,Active,2023-01-23 14:00:00
U-19190,User_U-19190,Active,2023-01-11 14:00:00
U-19191,User_U-19191,Active,2023-01-17 14:00:00
U-19193,User_U-19193,Active,2023-01-13 14:00:00
U-19194,User_U-19194,Active,2023-01-05 14:00:00
U-19196,User_U-19196,Active,2023-01-18 14:00:00
U-19197,User_U-19197,Active,2023-01-26 14:00:00
U-19199,User_U-19199,Active,2023-01-09 14:00:00
U-19200,User_U-19200,Active,2023-01-23 14:00:00
U-19208,User_U-19208,Active,2023-01-07 14:00:00
U-19211,User_U-19211,Active,2023-01-30 14:00:00
U-19212,User_U-19212,Active,2023-01-16 14:00:00
U-19213,User_U-19213,Active,2023-01-16 14:00:00
U-19215,User_U-19215,Active,2023-01-06 14:00:00
U-19216,User_U-19216,Active,2023-01-19 14:00:00
U-19217,User_U-19217,Active,2023-01-06 14:00:00
U-19218,User_U-19218,Active,2023-01-26 14:00:00
U-19221,User_U-19221,Active,2023-01-25 14:00:00
U-19224,User_U-19224,Active,2023-01-06 14:00:00
U-19225,User_U-19225,Active,2023-01-25 14:00:00
U-19230,User_U-19230,Active,2023-01-21 14:00:00
U-19232,User_U-19232,Active,2023-01-27 14:00:00
U-19233,User_U-19233,Active,2023-01-12 14:00:00
U-19234,User_U-19234,Active,2023-01-25 14:00:00
U-19236,User_U-19236,Active,2023-01-02 14:00:00
U-19237,User_U-19237,Active,2023-01-14 14:00:00
U-19241,User_U-19241,Active,2023-01-24 14:00:00
U-19242,User_U-19242,Active,2023-01-07 14:00:00
U-19243,User_U-19243,Active,2023-01-09 14:00:00
U-19248,User_U-19248,Active,2023-01-05 14:00:00
U-19249,User_U-19249,Active,2023-01-09 14:00:00
U-19250,User_U-19250,Active,2023-01-28 14:00:00
U-19253,User_U-19253,Active,2023-01-07 14:00:00
U-19254,User_U-19254,Active,2023-01-17 14:00:00
U-19255,User_U-19255,Active,2023-01-15 14:00:00
U-19256,User_U-19256,Active,2023-01-04 14:00:00
U-19260,User_U-19260,Active,2023-01-05 14:00:00
U-19263,User_U-19263,Active,2023-01-14 14:00:00
U-19268,User_U-19268,Active,2023-01-05 14:00:00
U-19270,User_U-19270,Active,2023-01-25 14:00:00
U-19271,User_U-19271,Active,2023-01-24 14:00:00
U-19272,User_U-19272,Active,2023-01-21 14:00:00
U-19275,User_U-19275,Active,2023-01-03 14:00:00
U-19276,User_U-19276,Active,2023-01-03 14:00:00
U-19277,User_U-19277,Active,2023-01-18 14:00:00
U-19278,User_U-19278,Active,2023-01-09 14:00:00
U-19279,User_U-19279,Active,2023-01-09 14:00:00
U-19280,User_U-19280,Active,2023-01-23 14:00:00
U-19283,User_U-19283,Active,2023-01-10 14:00:00
U-19286,User_U-19286,Active,2023-01-27 14:00:00
U-19287,User_U-19287,Active,2023-01-06 14:00:00
U-19288,User_U-19288,Active,2023-01-05 14:00:00
U-19289,User_U-19289,Active,2023-01-06 14:00:00
U-19290,User_U-19290,Active,2023-01-30 14:00:00
U-19291,User_U-19291,Active,2023-01-21 14:00:00
U-19292,User_U-19292,Active,2023-01-10 14:00:00
U-19293,User_U-19293,Active,2023-01-12 14:00:00
U-19294,User_U-19294,Active,2023-01-17 14:00:00
U-19295,User_U-19295,Active,2023-01-24 14:00:00
U-19297,User_U-19297,Active,2023-01-12 14:00:00
U-19298,User_U-19298,Active,2023-01-27 14:00:00
U-19299,User_U-19299,Active,2023-01-21 14:00:00
U-19300,User_U-19300,Active,2023-01-02 14:00:00
U-19302,User_U-19302,Active,2023-01-25 14:00:00
U-19304,User_U-19304,Active,2023-01-12 14:00:00
U-19305,User_U-19305,Active,2023-01-05 14:00:00
U-19306,User_U-19306,Active,2023-01-21 14:00:00
U-19309,User_U-19309,Active,2023-01-25 14:00:00
U-19310,User_U-19310,Active,2023-01-24 14:00:00
U-19312,User_U-19312,Active,2023-01-16 14:00:00
U-19314,User_U-19314,Active,2023-01-06 14:00:00
U-19315,User_U-19315,Active,2023-01-30 14:00:00
U-19316,User_U-19316,Active,2023-01-03 14:00:00
U-19319,User_U-19319,Active,2023-01-29 14:00:00
U-19321,User_U-19321,Active,2023-01-16 14:00:00
U-19322,User_U-19322,Active,2023-01-03 14:00:00
U-19326,User_U-19326,Active,2023-01-10 14:00:00
U-19327,User_U-19327,Active,2023-01-08 14:00:00
U-19329,User_U-19329,Active,2023-01-13 14:00:00
U-19331,User_U-19331,Active,2023-01-09 14:00:00
U-19335,User_U-19335,Active,2023-01-21 14:00:00
U-19336,User_U-19336,Active,2023-01-24 14:00:00
U-19338,User_U-19338,Active,2023-01-29 14:00:00
U-19345,User_U-19345,Active,2023-01-14 14:00:00
U-19346,User_U-19346,Active,2023-01-26 14:00:00
U-19347,User_U-19347,Active,2023-01-24 14:00:00
U-19349,User_U-19349,Active,2023-01-07 14:00:00
U-19350,User_U-19350,Active,2023-01-29 14:00:00
U-19351,User_U-19351,Active,2023-01-30 14:00:00
U-19352,User_U-19352,Active,2023-01-25 14:00:00
U-19354,User_U-19354,Active,2023-01-14 14:00:00
U-19355,User_U-19355,Active,2023-01-05 14:00:00
U-19357,User_U-19357,Active,2023-01-09 14:00:00
U-19359,User_U-19359,Active,2023-01-15 14:00:00
U-19361,User_U-19361,Active,2023-01-18 14:00:00
U-19362,User_U-19362,Active,2023-01-05 14:00:00
U-19363,User_U-19363,Active,2023-01-22 14:00:00
U-19365,User_U-19365,Active,2023-01-03 14:00:00
U-19366,User_U-19366,Active,2023-01-08 14:00:00
U-19367,User_U-19367,Active,2023-01-05 14:00:00
U-19368,User_U-19368,Active,2023-01-23 14:00:00
U-19370,User_U-19370,Active,2023-01-11 14:00:00
U-19376,User_U-19376,Active,2023-01-16 14:00:00
U-19377,User_U-19377,Active,2023-01-28 14:00:00
U-19379,User_U-19379,Active,2023-01-02 14:00:00
U-19380,User_U-19380,Active,2023-01-27 14:00:00
U-19381,User_U-19381,Active,2023-01-05 14:00:00
U-19383,User_U-19383,Active,2023-01-27 14:00:00
U-19385,User_U-19385,Active,2023-01-27 14:00:00
U-19386,User_U-19386,Active,2023-01-22 14:00:00
U-19387,User_U-19387,Active,2023-01-17 14:00:00
U-19389,User_U-19389,Active,2023-01-18 14:00:00
U-19390,User_U-19390,Active,2023-01-28 14:00:00
U-19393,User_U-19393,Active,2023-01-06 14:00:00
U-19394,User_U-19394,Active,2023-01-11 14:00:00
U-19395,User_U-19395,Active,2023-01-20 14:00:00
U-19397,User_U-19397,Active,2023-01-22 14:00:00
U-19400,User_U-19400,Active,2023-01-29 14:00:00
U-19403,User_U-19403,Active,2023-01-02 14:00:00
U-19404,User_U-19404,Active,2023-01-30 14:00:00
U-19406,User_U-19406,Active,2023-01-27 14:00:00
U-19407,User_U-19407,Active,2023-01-11 14:00:00
U-19408,User_U-19408,Active,2023-01-08 14:00:00
U-19409,User_U-19409,Active,2023-01-10 14:00:00
U-19410,User_U-19410,Active,2023-01-24 14:00:00
U-19412,User_U-19412,Active,2023-01-24 14:00:00
U-19413,User_U-19413,Active,2023-01-16 14:00:00
U-19414,User_U-19414,Active,2023-01-26 14:00:00
U-19415,User_U-19415,Active,2023-01-28 14:00:00
U-19417,User_U-19417,Active,2023-01-17 14:00:00
U-19419,User_U-19419,Active,2023-01-04 14:00:00
U-19421,User_U-19421,Active,2023-01-13 14:00:00
U-19423,User_U-19423,Active,2023-01-25 14:00:00
U-19424,User_U-19424,Active,2023-01-04 14:00:00
U-19425,User_U-19425,Active,2023-01-15 14:00:00
U-19426,User_U-19426,Active,2023-01-18 14:00:00
U-19428,User_U-19428,Active,2023-01-10 14:00:00
U-19431,User_U-19431,Active,2023-01-03 14:00:00
U-19440,User_U-19440,Active,2023-01-02 14:00:00
U-19441,User_U-19441,Active,2023-01-19 14:00:00
U-19442,User_U-19442,Active,2023-01-05 14:00:00
U-19443,User_U-19443,Active,2023-01-14 14:00:00
U-19446,User_U-19446,Active,2023-01-15 14:00:00
U-19449,User_U-19449,Active,2023-01-29 14:00:00
U-19452,User_U-19452,Active,2023-01-26 14:00:00
U-19456,User_U-19456,Active,2023-01-04 14:00:00
U-19457,User_U-19457,Active,2023-01-23 14:00:00
U-19459,User_U-19459,Active,2023-01-07 14:00:00
U-19461,User_U-19461,Active,2023-01-04 14:00:00
U-19462,User_U-19462,Active,2023-01-21 14:00:00
U-19463,User_U-19463,Active,2023-01-10 14:00:00
U-19464,User_U-19464,Active,2023-01-20 14:00:00
U-19466,User_U-19466,Active,2023-01-15 14:00:00
U-19469,User_U-19469,Active,2023-01-15 14:00:00
U-19470,User_U-19470,Active,2023-01-07 14:00:00
U-19471,User_U-19471,Active,2023-01-02 14:00:00
U-19472,User_U-19472,Active,2023-01-15 14:00:00
U-19473,User_U-19473,Active,2023-01-11 14:00:00
U-19474,User_U-19474,Active,2023-01-30 14:00:00
U-19476,User_U-19476,Active,2023-01-20 14:00:00
U-19482,User_U-19482,Active,2023-01-15 14:00:00
U-19484,User_U-19484,Active,2023-01-11 14:00:00
U-19485,User_U-19485,Active,2023-01-03 14:00:00
U-19486,User_U-19486,Active,2023-01-13 14:00:00
U-19487,User_U-19487,Active,2023-01-25 14:00:00
U-19488,User_U-19488,Active,2023-01-10 14:00:00
U-19491,User_U-19491,Active,2023-01-30 14:00:00
U-19493,User_U-19493,Active,2023-01-26 14:00:00
U-19495,User_U-19495,Active,2023-01-14 14:00:00
U-19497,User_U-19497,Active,2023-01-04 14:00:00
U-19498,User_U-19498,Active,2023-01-29 14:00:00
U-19499,User_U-19499,Active,2023-01-16 14:00:00
U-19506,User_U-19506,Active,2023-01-13 14:00:00
U-19508,User_U-19508,Active,2023-01-18 14:00:00
U-19509,User_U-19509,Active,2023-01-15 14:00:00
U-19511,User_U-19511,Active,2023-01-14 14:00:00
U-19513,User_U-19513,Active,2023-01-19 14:00:00
U-19515,User_U-19515,Active,2023-01-02 14:00:00
U-19519,User_U-19519,Active,2023-01-22 14:00:00
U-19520,User_U-19520,Active,2023-01-08 14:00:00
U-19522,User_U-19522,Active,2023-01-04 14:00:00
U-19523,User_U-19523,Active,2023-01-30 14:00:00
U-19524,User_U-19524,Active,2023-01-11 14:00:00
U-19526,User_U-19526,Active,2023-01-28 14:00:00
U-19527,User_U-19527,Active,2023-01-20 14:00:00
U-19529,User_U-19529,Active,2023-01-03 14:00:00
U-19532,User_U-19532,Active,2023-01-18 14:00:00
U-19533,User_U-19533,Active,2023-01-18 14:00:00
U-19534,User_U-19534,Active,2023-01-03 14:00:00
U-19535,User_U-19535,Active,2023-01-22 14:00:00
U-19539,User_U-19539,Active,2023-01-07 14:00:00
U-19542,User_U-19542,Active,2023-01-09 14:00:00
U-19543,User_U-19543,Active,2023-01-05 14:00:00
U-19544,User_U-19544,Active,2023-01-25 14:00:00
U-19545,User_U-19545,Active,2023-01-27 14:00:00
U-19546,User_U-19546,Active,2023-01-22 14:00:00
U-19547,User_U-19547,Active,2023-01-30 14:00:00
U-19549,User_U-19549,Active,2023-01-18 14:00:00
U-19550,User_U-19550,Active,2023-01-07 14:00:00
U-19556,User_U-19556,Active,2023-01-23 14:00:00
U-19557,User_U-19557,Active,2023-01-04 14:00:00
U-19558,User_U-19558,Active,2023-01-02 14:00:00
U-19562,User_U-19562,Active,2023-01-28 14:00:00
U-19563,User_U-19563,Active,2023-01-10 14:00:00
U-19564,User_U-19564,Active,2023-01-04 14:00:00
U-19565,User_U-19565,Active,2023-01-26 14:00:00
U-19567,User_U-19567,Active,2023-01-04 14:00:00
U-19569,User_U-19569,Active,2023-01-27 14:00:00
U-19573,User_U-19573,Active,2023-01-24 14:00:00
U-19575,User_U-19575,Active,2023-01-25 14:00:00
U-19576,User_U-19576,Active,2023-01-14 14:00:00
U-19581,User_U-19581,Active,2023-01-02 14:00:00
U-19583,User_U-19583,Active,2023-01-30 14:00:00
U-19584,User_U-19584,Active,2023-01-27 14:00:00
U-19585,User_U-19585,Active,2023-01-24 14:00:00
U-19586,User_U-19586,Active,2023-01-10 14:00:00
U-19591,User_U-19591,Active,2023-01-05 14:00:00
U-19592,User_U-19592,Active,2023-01-09 14:00:00
U-19593,User_U-19593,Active,2023-01-12 14:00:00
U-19594,User_U-19594,Active,2023-01-20 14:00:00
U-19595,User_U-19595,Active,2023-01-19 14:00:00
U-19596,User_U-19596,Active,2023-01-07 14:00:00
U-19599,User_U-19599,Active,2023-01-18 14:00:00
U-19603,User_U-19603,Active,2023-01-09 14:00:00
U-19605,User_U-19605,Active,2023-01-23 14:00:00
U-19606,User_U-19606,Active,2023-01-14 14:00:00
U-19607,User_U-19607,Active,2023-01-13 14:00:00
U-19608,User_U-19608,Active,2023-01-05 14:00:00
U-19609,User_U-19609,Active,2023-01-04 14:00:00
U-19610,User_U-19610,Active,2023-01-07 14:00:00
U-19611,User_U-19611,Active,2023-01-27 14:00:00
U-19613,User_U-19613,Active,2023-01-19 14:00:00
U-19615,User_U-19615,Active,2023-01-08 14:00:00
U-19616,User_U-19616,Active,2023-01-14 14:00:00
U-19617,User_U-19617,Active,2023-01-23 14:00:00
U-19618,User_U-19618,Active,2023-01-04 14:00:00
U-19619,User_U-19619,Active,2023-01-24 14:00:00
U-19620,User_U-19620,Active,2023-01-12 14:00:00
U-19623,User_U-19623,Active,2023-01-06 14:00:00
U-19628,User_U-19628,Active,2023-01-15 14:00:00
U-19629,User_U-19629,Active,2023-01-12 14:00:00
U-19630,User_U-19630,Active,2023-01-11 14:00:00
U-19631,User_U-19631,Active,2023-01-09 14:00:00
U-19634,User_U-19634,Active,2023-01-02 14:00:00
U-19637,User_U-19637,Active,2023-01-10 14:00:00
U-19639,User_U-19639,Active,2023-01-15 14:00:00
U-19641,User_U-19641,Active,2023-01-20 14:00:00
U-19644,User_U-19644,Active,2023-01-24 14:00:00
U-19645,User_U-19645,Active,2023-01-27 14:00:00
U-19646,User_U-19646,Active,2023-01-17 14:00:00
U-19649,User_U-19649,Active,2023-01-09 14:00:00
U-19652,User_U-19652,Active,2023-01-22 14:00:00
U-19653,User_U-19653,Active,2023-01-06 14:00:00
U-19655,User_U-19655,Active,2023-01-14 14:00:00
U-19656,User_U-19656,Active,2023-01-07 14:00:00
U-19657,User_U-19657,Active,2023-01-09 14:00:00
U-19658,User_U-19658,Active,2023-01-22 14:00:00
U-19659,User_U-19659,Active,2023-01-16 14:00:00
U-19660,User_U-19660,Active,2023-01-29 14:00:00
U-19661,User_U-19661,Active,2023-01-09 14:00:00
U-19662,User_U-19662,Active,2023-01-09 14:00:00
U-19665,User_U-19665,Active,2023-01-28 14:00:00
U-19667,User_U-19667,Active,2023-01-12 14:00:00
U-19669,User_U-19669,Active,2023-01-07 14:00:00
U-19670,User_U-19670,Active,2023-01-19 14:00:00
U-19671,User_U-19671,Active,2023-01-29 14:00:00
U-19673,User_U-19673,Active,2023-01-23 14:00:00
U-19675,User_U-19675,Active,2023-01-09 14:00:00
U-19677,User_U-19677,Active,2023-01-30 14:00:00
U-19678,User_U-19678,Active,2023-01-25 14:00:00
U-19680,User_U-19680,Active,2023-01-07 14:00:00
U-19682,User_U-19682,Active,2023-01-12 14:00:00
U-19683,User_U-19683,Active,2023-01-29 14:00:00
U-19684,User_U-19684,Active,2023-01-06 14:00:00
U-19685,User_U-19685,Active,2023-01-13 14:00:00
U-19688,User_U-19688,Active,2023-01-09 14:00:00
U-19690,User_U-19690,Active,2023-01-25 14:00:00
U-19692,User_U-19692,Active,2023-01-27 14:00:00
U-19693,User_U-19693,Active,2023-01-20 14:00:00
U-19694,User_U-19694,Active,2023-01-09 14:00:00
U-19695,User_U-19695,Active,2023-01-24 14:00:00
U-19696,User_U-19696,Active,2023-01-15 14:00:00
U-19698,User_U-19698,Active,2023-01-03 14:00:00
U-19704,User_U-19704,Active,2023-01-20 14:00:00
U-19705,User_U-19705,Active,2023-01-27 14:00:00
U-19707,User_U-19707,Active,2023-01-27 14:00:00
U-19708,User_U-19708,Active,2023-01-27 14:00:00
U-19709,User_U-19709,Active,2023-01-12 14:00:00
U-19711,User_U-19711,Active,2023-01-15 14:00:00
U-19715,User_U-19715,Active,2023-01-29 14:00:00
U-19716,User_U-19716,Active,2023-01-25 14:00:00
U-19718,User_U-19718,Active,2023-01-20 14:00:00
U-19720,User_U-19720,Active,2023-01-19 14:00:00
U-19722,User_U-19722,Active,2023-01-07 14:00:00
U-19728,User_U-19728,Active,2023-01-09 14:00:00
U-19729,User_U-19729,Active,2023-01-06 14:00:00
U-19734,User_U-19734,Active,2023-01-18 14:00:00
U-19738,User_U-19738,Active,2023-01-25 14:00:00
U-19742,User_U-19742,Active,2023-01-23 14:00:00
U-19743,User_U-19743,Active,2023-01-28 14:00:00
U-19744,User_U-19744,Active,2023-01-16 14:00:00
U-19745,User_U-19745,Active,2023-01-06 14:00:00
U-19746,User_U-19746,Active,2023-01-27 14:00:00
U-19748,User_U-19748,Active,2023-01-02 14:00:00
U-19749,User_U-19749,Active,2023-01-17 14:00:00
U-19755,User_U-19755,Active,2023-01-07 14:00:00
U-19756,User_U-19756,Active,2023-01-23 14:00:00
U-19757,User_U-19757,Active,2023-01-28 14:00:00
U-19758,User_U-19758,Active,2023-01-09 14:00:00
U-19760,User_U-19760,Active,2023-01-20 14:00:00
U-19763,User_U-19763,Active,2023-01-22 14:00:00
U-19766,User_U-19766,Active,2023-01-23 14:00:00
U-19771,User_U-19771,Active,2023-01-19 14:00:00
U-19772,User_U-19772,Active,2023-01-02 14:00:00
U-19773,User_U-19773,Active,2023-01-27 14:00:00
U-19775,User_U-19775,Active,2023-01-05 14:00:00
U-19776,User_U-19776,Active,2023-01-15 14:00:00
U-19777,User_U-19777,Active,2023-01-13 14:00:00
U-19778,User_U-19778,Active,2023-01-23 14:00:00
U-19779,User_U-19779,Active,2023-01-26 14:00:00
U-19781,User_U-19781,Active,2023-01-07 14:00:00
U-19784,User_U-19784,Active,2023-01-11 14:00:00
U-19785,User_U-19785,Active,2023-01-23 14:00:00
U-19786,User_U-19786,Active,2023-01-28 14:00:00
U-19790,User_U-19790,Active,2023-01-18 14:00:00
U-19792,User_U-19792,Active,2023-01-19 14:00:00
U-19793,User_U-19793,Active,2023-01-24 14:00:00
U-19795,User_U-19795,Active,2023-01-09 14:00:00
U-19800,User_U-19800,Active,2023-01-27 14:00:00
U-19802,User_U-19802,Active,2023-01-27 14:00:00
U-19803,User_U-19803,Active,2023-01-04 14:00:00
U-19804,User_U-19804,Active,2023-01-16 14:00:00
U-19805,User_U-19805,Active,2023-01-02 14:00:00
U-19810,User_U-19810,Active,2023-01-16 14:00:00
U-19811,User_U-19811,Active,2023-01-12 14:00:00
U-19812,User_U-19812,Active,2023-01-05 14:00:00
U-19813,User_U-19813,Active,2023-01-03 14:00:00
U-19814,User_U-19814,Active,2023-01-03 14:00:00
U-19817,User_U-19817,Active,2023-01-28 14:00:00
U-19818,User_U-19818,Active,2023-01-08 14:00:00
U-19819,User_U-19819,Active,2023-01-03 14:00:00
U-19820,User_U-19820,Active,2023-01-24 14:00:00
U-19822,User_U-19822,Active,2023-01-22 14:00:00
U-19824,User_U-19824,Active,2023-01-09 14:00:00
U-19826,User_U-19826,Active,2023-01-07 14:00:00
U-19828,User_U-19828,Active,2023-01-08 14:00:00
U-19835,User_U-19835,Active,2023-01-26 14:00:00
U-19836,User_U-19836,Active,2023-01-14 14:00:00
U-19838,User_U-19838,Active,2023-01-10 14:00:00
U-19840,User_U-19840,Active,2023-01-11 14:00:00
U-19841,User_U-19841,Active,2023-01-30 14:00:00
U-19842,User_U-19842,Active,2023-01-15 14:00:00
U-19843,User_U-19843,Active,2023-01-10 14:00:00
U-19844,User_U-19844,Active,2023-01-27 14:00:00
U-19848,User_U-19848,Active,2023-01-08 14:00:00
U-19851,User_U-19851,Active,2023-01-20 14:00:00
U-19852,User_U-19852,Active,2023-01-15 14:00:00
U-19853,User_U-19853,Active,2023-01-26 14:00:00
U-19854,User_U-19854,Active,2023-01-16 14:00:00
U-19855,User_U-19855,Active,2023-01-26 14:00:00
U-19856,User_U-19856,Active,2023-01-22 14:00:00
U-19857,User_U-19857,Active,2023-01-02 14:00:00
U-19858,User_U-19858,Active,2023-01-20 14:00:00
U-19859,User_U-19859,Active,2023-01-09 14:00:00
U-19860,User_U-19860,Active,2023-01-08 14:00:00
U-19864,User_U-19864,Active,2023-01-06 14:00:00
U-19865,User_U-19865,Active,2023-01-12 14:00:00
U-19868,User_U-19868,Active,2023-01-20 14:00:00
U-19873,User_U-19873,Active,2023-01-19 14:00:00
U-19874,User_U-19874,Active,2023-01-11 14:00:00
U-19875,User_U-19875,Active,2023-01-17 14:00:00
U-19876,User_U-19876,Active,2023-01-06 14:00:00
U-19878,User_U-19878,Active,2023-01-18 14:00:00
U-19880,User_U-19880,Active,2023-01-20 14:00:00
U-19881,User_U-19881,Active,2023-01-27 14:00:00
U-19882,User_U-19882,Active,2023-01-24 14:00:00
U-19883,User_U-19883,Active,2023-01-28 14:00:00
U-19886,User_U-19886,Active,2023-01-28 14:00:00
U-19888,User_U-19888,Active,2023-01-12 14:00:00
U-19890,User_U-19890,Active,2023-01-22 14:00:00
U-19892,User_U-19892,Active,2023-01-29 14:00:00
U-19893,User_U-19893,Active,2023-01-14 14:00:00
U-19894,User_U-19894,Active,2023-01-20 14:00:00
U-19895,User_U-19895,Active,2023-01-20 14:00:00
U-19896,User_U-19896,Active,2023-01-28 14:00:00
U-19900,User_U-19900,Active,2023-01-19 14:00:00
U-19901,User_U-19901,Active,2023-01-16 14:00:00
U-19903,User_U-19903,Active,2023-01-25 14:00:00
U-19905,User_U-19905,Active,2023-01-28 14:00:00
U-19907,User_U-19907,Active,2023-01-29 14:00:00
U-19908,User_U-19908,Active,2023-01-09 14:00:00
U-19909,User_U-19909,Active,2023-01-17 14:00:00
U-19910,User_U-19910,Active,2023-01-04 14:00:00
U-19913,User_U-19913,Active,2023-01-14 14:00:00
U-19915,User_U-19915,Active,2023-01-04 14:00:00
U-19916,User_U-19916,Active,2023-01-25 14:00:00
U-19917,User_U-19917,Active,2023-01-26 14:00:00
U-19919,User_U-19919,Active,2023-01-12 14:00:00
U-19921,User_U-19921,Active,2023-01-17 14:00:00
U-19924,User_U-19924,Active,2023-01-11 14:00:00
U-19925,User_U-19925,Active,2023-01-27 14:00:00
U-19926,User_U-19926,Active,2023-01-07 14:00:00
U-19927,User_U-19927,Active,2023-01-18 14:00:00
U-19929,User_U-19929,Active,2023-01-28 14:00:00
U-19931,User_U-19931,Active,2023-01-26 14:00:00
U-19932,User_U-19932,Active,2023-01-11 14:00:00
U-19934,User_U-19934,Active,2023-01-19 14:00:00
U-19935,User_U-19935,Active,2023-01-18 14:00:00
U-19937,User_U-19937,Active,2023-01-06 14:00:00
U-19938,User_U-19938,Active,2023-01-25 14:00:00
U-19939,User_U-19939,Active,2023-01-07 14:00:00
U-19940,User_U-19940,Active,2023-01-18 14:00:00
U-19941,User_U-19941,Active,2023-01-20 14:00:00
U-19945,User_U-19945,Active,2023-01-13 14:00:00
U-19946,User_U-19946,Active,2023-01-11 14:00:00
U-19947,User_U-19947,Active,2023-01-27 14:00:00
U-19949,User_U-19949,Active,2023-01-22 14:00:00
U-19951,User_U-19951,Active,2023-01-28 14:00:00
U-19953,User_U-19953,Active,2023-01-21 14:00:00
U-19957,User_U-19957,Active,2023-01-19 14:00:00
U-19960,User_U-19960,Active,2023-01-28 14:00:00
U-19961,User_U-19961,Active,2023-01-28 14:00:00
U-19962,User_U-19962,Active,2023-01-15 14:00:00
U-19965,User_U-19965,Active,2023-01-20 14:00:00
U-19967,User_U-19967,Active,2023-01-28 14:00:00
U-19969,User_U-19969,Active,2023-01-04 14:00:00
U-19971,User_U-19971,Active,2023-01-20 14:00:00
U-19973,User_U-19973,Active,2023-01-11 14:00:00
U-19974,User_U-19974,Active,2023-01-12 14:00:00
U-19976,User_U-19976,Active,2023-01-25 14:00:00
U-19977,User_U-19977,Active,2023-01-10 14:00:00
U-19984,User_U-19984,Active,2023-01-19 14:00:00
U-19985,User_U-19985,Active,2023-01-06 14:00:00
U-19988,User_U-19988,Active,2023-01-23 14:00:00
U-19989,User_U-19989,Active,2023-01-17 14:00:00
U-19990,User_U-19990,Active,2023-01-10 14:00:00
U-19992,User_U-19992,Active,2023-01-30 14:00:00
U-19994,User_U-19994,Active,2023-01-25 14:00:00
U-19996,User_U-19996,Active,2023-01-04 14:00:00
U-19997,User_U-19997,Active,2023-01-24 14:00:00
U-19999,User_U-19999,Active,2023-01-24 14:00:00
U-20003,User_U-20003,Active,2023-01-24 14:00:00
U-20006,User_U-20006,Active,2023-01-20 14:00:00
U-20012,User_U-20012,Active,2023-01-30 14:00:00
U-20014,User_U-20014,Active,2023-01-08 14:00:00
U-20018,User_U-20018,Active,2023-01-22 14:00:00
U-20019,User_U-20019,Active,2023-01-16 14:00:00
U-20020,User_U-20020,Active,2023-01-28 14:00:00
U-20022,User_U-20022,Active,2023-01-15 14:00:00
U-20023,User_U-20023,Active,2023-01-27 14:00:00
U-20026,User_U-20026,Active,2023-01-03 14:00:00
U-20030,User_U-20030,Active,2023-01-06 14:00:00
U-20031,User_U-20031,Active,2023-01-19 14:00:00
U-20034,User_U-20034,Active,2023-01-27 14:00:00
U-20035,User_U-20035,Active,2023-01-15 14:00:00
U-20038,User_U-20038,Active,2023-01-12 14:00:00
U-20039,User_U-20039,Active,2023-01-06 14:00:00
U-20040,User_U-20040,Active,2023-01-19 14:00:00
U-20044,User_U-20044,Active,2023-01-19 14:00:00
U-20046,User_U-20046,Active,2023-01-15 14:00:00
U-20048,User_U-20048,Active,2023-01-04 14:00:00
U-20049,User_U-20049,Active,2023-01-22 14:00:00
U-20050,User_U-20050,Active,2023-01-21 14:00:00
U-20052,User_U-20052,Active,2023-01-29 14:00:00
U-20053,User_U-20053,Active,2023-01-14 14:00:00
U-20057,User_U-20057,Active,2023-01-15 14:00:00
U-20058,User_U-20058,Active,2023-01-20 14:00:00
U-20059,User_U-20059,Active,2023-01-19 14:00:00
U-20060,User_U-20060,Active,2023-01-18 14:00:00
U-20062,User_U-20062,Active,2023-01-25 14:00:00
U-20063,User_U-20063,Active,2023-01-08 14:00:00
U-20066,User_U-20066,Active,2023-01-28 14:00:00
U-20067,User_U-20067,Active,2023-01-28 14:00:00
U-20068,User_U-20068,Active,2023-01-27 14:00:00
U-20072,User_U-20072,Active,2023-01-30 14:00:00
U-20073,User_U-20073,Active,2023-01-04 14:00:00
U-20074,User_U-20074,Active,2023-01-03 14:00:00
U-20075,User_U-20075,Active,2023-01-20 14:00:00
U-20078,User_U-20078,Active,2023-01-03 14:00:00
U-20079,User_U-20079,Active,2023-01-16 14:00:00
U-20081,User_U-20081,Active,2023-01-09 14:00:00
U-20082,User_U-20082,Active,2023-01-19 14:00:00
U-20084,User_U-20084,Active,2023-01-04 14:00:00
U-20086,User_U-20086,Active,2023-01-28 14:00:00
U-20088,User_U-20088,Active,2023-01-03 14:00:00
U-20090,User_U-20090,Active,2023-01-16 14:00:00
U-20093,User_U-20093,Active,2023-01-11 14:00:00
U-20096,User_U-20096,Active,2023-01-21 14:00:00
U-20097,User_U-20097,Active,2023-01-25 14:00:00
U-20099,User_U-20099,Active,2023-01-10 14:00:00
U-20100,User_U-20100,Active,2023-01-06 14:00:00
U-20101,User_U-20101,Active,2023-01-03 14:00:00
U-20105,User_U-20105,Active,2023-01-16 14:00:00
U-20106,User_U-20106,Active,2023-01-26 14:00:00
U-20107,User_U-20107,Active,2023-01-06 14:00:00
U-20108,User_U-20108,Active,2023-01-29 14:00:00
U-20110,User_U-20110,Active,2023-01-16 14:00:00
U-20112,User_U-20112,Active,2023-01-12 14:00:00
U-20113,User_U-20113,Active,2023-01-10 14:00:00
U-20114,User_U-20114,Active,2023-01-28 14:00:00
U-20116,User_U-20116,Active,2023-01-25 14:00:00
U-20117,User_U-20117,Active,2023-01-20 14:00:00
U-20118,User_U-20118,Active,2023-01-24 14:00:00
U-20119,User_U-20119,Active,2023-01-21 14:00:00
U-20121,User_U-20121,Active,2023-01-30 14:00:00
U-20122,User_U-20122,Active,2023-01-25 14:00:00
U-20123,User_U-20123,Active,2023-01-25 14:00:00
U-20124,User_U-20124,Active,2023-01-22 14:00:00
U-20125,User_U-20125,Active,2023-01-29 14:00:00
U-20126,User_U-20126,Active,2023-01-05 14:00:00
U-20132,User_U-20132,Active,2023-01-14 14:00:00
U-20136,User_U-20136,Active,2023-01-24 14:00:00
U-20139,User_U-20139,Active,2023-01-11 14:00:00
U-20140,User_U-20140,Active,2023-01-11 14:00:00
U-20141,User_U-20141,Active,2023-01-14 14:00:00
U-20144,User_U-20144,Active,2023-01-02 14:00:00
U-20145,User_U-20145,Active,2023-01-20 14:00:00
U-20146,User_U-20146,Active,2023-01-25 14:00:00
U-20148,User_U-20148,Active,2023-01-19 14:00:00
U-20150,User_U-20150,Active,2023-01-11 14:00:00
U-20151,User_U-20151,Active,2023-01-04 14:00:00
U-20152,User_U-20152,Active,2023-01-13 14:00:00
U-20153,User_U-20153,Active,2023-01-10 14:00:00
U-20155,User_U-20155,Active,2023-01-14 14:00:00
U-20156,User_U-20156,Active,2023-01-13 14:00:00
U-20159,User_U-20159,Active,2023-01-24 14:00:00
U-20160,User_U-20160,Active,2023-01-09 14:00:00
U-20163,User_U-20163,Active,2023-01-29 14:00:00
U-20164,User_U-20164,Active,2023-01-24 14:00:00
U-20170,User_U-20170,Active,2023-01-22 14:00:00
U-20171,User_U-20171,Active,2023-01-24 14:00:00
U-20172,User_U-20172,Active,2023-01-20 14:00:00
U-20173,User_U-20173,Active,2023-01-13 14:00:00
U-20174,User_U-20174,Active,2023-01-30 14:00:00
U-20178,User_U-20178,Active,2023-01-27 14:00:00
U-20179,User_U-20179,Active,2023-01-16 14:00:00
U-20180,User_U-20180,Active,2023-01-18 14:00:00
U-20181,User_U-20181,Active,2023-01-02 14:00:00
U-20182,User_U-20182,Active,2023-01-22 14:00:00
U-20183,User_U-20183,Active,2023-01-04 14:00:00
U-20184,User_U-20184,Active,2023-01-25 14:00:00
U-20186,User_U-20186,Active,2023-01-30 14:00:00
U-20187,User_U-20187,Active,2023-01-12 14:00:00
U-20190,User_U-20190,Active,2023-01-25 14:00:00
U-20192,User_U-20192,Active,2023-01-26 14:00:00
U-20194,User_U-20194,Active,2023-01-28 14:00:00
U-20195,User_U-20195,Active,2023-01-11 14:00:00
U-20198,User_U-20198,Active,2023-01-27 14:00:00
U-20201,User_U-20201,Active,2023-01-16 14:00:00
U-20202,User_U-20202,Active,2023-01-14 14:00:00
U-20203,User_U-20203,Active,2023-01-24 14:00:00
U-20206,User_U-20206,Active,2023-01-18 14:00:00
U-20207,User_U-20207,Active,2023-01-19 14:00:00
U-20208,User_U-20208,Active,2023-01-17 14:00:00
U-20209,User_U-20209,Active,2023-01-28 14:00:00
U-20210,User_U-20210,Active,2023-01-26 14:00:00
U-20213,User_U-20213,Active,2023-01-10 14:00:00
U-20215,User_U-20215,Active,2023-01-25 14:00:00
U-20216,User_U-20216,Active,2023-01-05 14:00:00
U-20217,User_U-20217,Active,2023-01-29 14:00:00
U-20218,User_U-20218,Active,2023-01-30 14:00:00
U-20220,User_U-20220,Active,2023-01-08 14:00:00
U-20222,User_U-20222,Active,2023-01-11 14:00:00
U-20223,User_U-20223,Active,2023-01-13 14:00:00
U-20224,User_U-20224,Active,2023-01-20 14:00:00
U-20226,User_U-20226,Active,2023-01-11 14:00:00
U-20227,User_U-20227,Active,2023-01-08 14:00:00
U-20230,User_U-20230,Active,2023-01-02 14:00:00
U-20232,User_U-20232,Active,2023-01-30 14:00:00
U-20234,User_U-20234,Active,2023-01-17 14:00:00
U-20235,User_U-20235,Active,2023-01-24 14:00:00
U-20236,User_U-20236,Active,2023-01-28 14:00:00
U-20237,User_U-20237,Active,2023-01-10 14:00:00
U-20239,User_U-20239,Active,2023-01-26 14:00:00
U-20243,User_U-20243,Active,2023-01-10 14:00:00
U-20244,User_U-20244,Active,2023-01-06 14:00:00
U-20245,User_U-20245,Active,2023-01-20 14:00:00
U-20247,User_U-20247,Active,2023-01-28 14:00:00
U-20251,User_U-20251,Active,2023-01-06 14:00:00
U-20252,User_U-20252,Active,2023-01-24 14:00:00
U-20254,User_U-20254,Active,2023-01-13 14:00:00
U-20255,User_U-20255,Active,2023-01-04 14:00:00
U-20256,User_U-20256,Active,2023-01-18 14:00:00
U-20259,User_U-20259,Active,2023-01-26 14:00:00
U-20261,User_U-20261,Active,2023-01-16 14:00:00
U-20262,User_U-20262,Active,2023-01-07 14:00:00
U-20263,User_U-20263,Active,2023-01-20 14:00:00
U-20264,User_U-20264,Active,2023-01-06 14:00:00
U-20265,User_U-20265,Active,2023-01-27 14:00:00
U-20267,User_U-20267,Active,2023-01-26 14:00:00
U-20268,User_U-20268,Active,2023-01-13 14:00:00
U-20269,User_U-20269,Active,2023-01-15 14:00:00
U-20270,User_U-20270,Active,2023-01-14 14:00:00
U-20271,User_U-20271,Active,2023-01-10 14:00:00
U-20272,User_U-20272,Active,2023-01-16 14:00:00
U-20273,User_U-20273,Active,2023-01-09 14:00:00
U-20274,User_U-20274,Active,2023-01-13 14:00:00
U-20277,User_U-20277,Active,2023-01-27 14:00:00
U-20280,User_U-20280,Active,2023-01-27 14:00:00
U-20286,User_U-20286,Active,2023-01-08 14:00:00
U-20288,User_U-20288,Active,2023-01-11 14:00:00
U-20290,User_U-20290,Active,2023-01-18 14:00:00
U-20293,User_U-20293,Active,2023-01-25 14:00:00
U-20296,User_U-20296,Active,2023-01-29 14:00:00
U-20297,User_U-20297,Active,2023-01-11 14:00:00
U-20298,User_U-20298,Active,2023-01-19 14:00:00
U-20300,User_U-20300,Active,2023-01-16 14:00:00
U-20301,User_U-20301,Active,2023-01-11 14:00:00
U-20303,User_U-20303,Active,2023-01-20 14:00:00
U-20304,User_U-20304,Active,2023-01-03 14:00:00
U-20306,User_U-20306,Active,2023-01-20 14:00:00
U-20311,User_U-20311,Active,2023-01-15 14:00:00
U-20312,User_U-20312,Active,2023-01-08 14:00:00
U-20314,User_U-20314,Active,2023-01-29 14:00:00
U-20316,User_U-20316,Active,2023-01-21 14:00:00
U-20317,User_U-20317,Active,2023-01-25 14:00:00
U-20319,User_U-20319,Active,2023-01-22 14:00:00
U-20322,User_U-20322,Active,2023-01-13 14:00:00
U-20324,User_U-20324,Active,2023-01-10 14:00:00
U-20325,User_U-20325,Active,2023-01-26 14:00:00
U-20326,User_U-20326,Active,2023-01-30 14:00:00
U-20329,User_U-20329,Active,2023-01-13 14:00:00
U-20332,User_U-20332,Active,2023-01-13 14:00:00
U-20333,User_U-20333,Active,2023-01-26 14:00:00
U-20334,User_U-20334,Active,2023-01-19 14:00:00
U-20343,User_U-20343,Active,2023-01-11 14:00:00
U-20344,User_U-20344,Active,2023-01-02 14:00:00
U-20348,User_U-20348,Active,2023-01-14 14:00:00
U-20349,User_U-20349,Active,2023-01-02 14:00:00
U-20350,User_U-20350,Active,2023-01-24 14:00:00
U-20352,User_U-20352,Active,2023-01-27 14:00:00
U-20353,User_U-20353,Active,2023-01-13 14:00:00
U-20354,User_U-20354,Active,2023-01-03 14:00:00
U-20355,User_U-20355,Active,2023-01-12 14:00:00
U-20357,User_U-20357,Active,2023-01-14 14:00:00
U-20358,User_U-20358,Active,2023-01-08 14:00:00
U-20359,User_U-20359,Active,2023-01-21 14:00:00
U-20361,User_U-20361,Active,2023-01-29 14:00:00
U-20362,User_U-20362,Active,2023-01-27 14:00:00
U-20363,User_U-20363,Active,2023-01-07 14:00:00
U-20364,User_U-20364,Active,2023-01-29 14:00:00
U-20365,User_U-20365,Active,2023-01-18 14:00:00
U-20366,User_U-20366,Active,2023-01-23 14:00:00
U-20367,User_U-20367,Active,2023-01-21 14:00:00
U-20369,User_U-20369,Active,2023-01-04 14:00:00
U-20370,User_U-20370,Active,2023-01-19 14:00:00
U-20371,User_U-20371,Active,2023-01-06 14:00:00
U-20372,User_U-20372,Active,2023-01-09 14:00:00
U-20373,User_U-20373,Active,2023-01-27 14:00:00
U-20375,User_U-20375,Active,2023-01-05 14:00:00
U-20376,User_U-20376,Active,2023-01-27 14:00:00
U-20377,User_U-20377,Active,2023-01-29 14:00:00
U-20381,User_U-20381,Active,2023-01-16 14:00:00
U-20384,User_U-20384,Active,2023-01-27 14:00:00
U-20387,User_U-20387,Active,2023-01-13 14:00:00
U-20389,User_U-20389,Active,2023-01-20 14:00:00
U-20390,User_U-20390,Active,2023-01-07 14:00:00
U-20392,User_U-20392,Active,2023-01-08 14:00:00
U-20393,User_U-20393,Active,2023-01-10 14:00:00
U-20396,User_U-20396,Active,2023-01-12 14:00:00
U-20398,User_U-20398,Active,2023-01-22 14:00:00
U-20400,User_U-20400,Active,2023-01-24 14:00:00
U-20405,User_U-20405,Active,2023-01-28 14:00:00
U-20406,User_U-20406,Active,2023-01-22 14:00:00
U-20408,User_U-20408,Active,2023-01-14 14:00:00
U-20409,User_U-20409,Active,2023-01-24 14:00:00
U-20410,User_U-20410,Active,2023-01-30 14:00:00
U-20412,User_U-20412,Active,2023-01-27 14:00:00
U-20413,User_U-20413,Active,2023-01-21 14:00:00
U-20414,User_U-20414,Active,2023-01-23 14:00:00
U-20415,User_U-20415,Active,2023-01-25 14:00:00
U-20416,User_U-20416,Active,2023-01-26 14:00:00
U-20421,User_U-20421,Active,2023-01-22 14:00:00
U-20422,User_U-20422,Active,2023-01-28 14:00:00
U-20423,User_U-20423,Active,2023-01-05 14:00:00
U-20424,User_U-20424,Active,2023-01-18 14:00:00
U-20426,User_U-20426,Active,2023-01-06 14:00:00
U-20428,User_U-20428,Active,2023-01-21 14:00:00
U-20430,User_U-20430,Active,2023-01-13 14:00:00
U-20432,User_U-20432,Active,2023-01-05 14:00:00
U-20433,User_U-20433,Active,2023-01-06 14:00:00
U-20434,User_U-20434,Active,2023-01-11 14:00:00
U-20436,User_U-20436,Active,2023-01-23 14:00:00
U-20440,User_U-20440,Active,2023-01-30 14:00:00
U-20441,User_U-20441,Active,2023-01-29 14:00:00
U-20442,User_U-20442,Active,2023-01-09 14:00:00
U-20443,User_U-20443,Active,2023-01-18 14:00:00
U-20445,User_U-20445,Active,2023-01-06 14:00:00
U-20446,User_U-20446,Active,2023-01-20 14:00:00
U-20447,User_U-20447,Active,2023-01-27 14:00:00
U-20448,User_U-20448,Active,2023-01-23 14:00:00
U-20449,User_U-20449,Active,2023-01-28 14:00:00
U-20451,User_U-20451,Active,2023-01-07 14:00:00
U-20452,User_U-20452,Active,2023-01-18 14:00:00
U-20456,User_U-20456,Active,2023-01-27 14:00:00
U-20458,User_U-20458,Active,2023-01-02 14:00:00
U-20462,User_U-20462,Active,2023-01-24 14:00:00
U-20463,User_U-20463,Active,2023-01-10 14:00:00
U-20464,User_U-20464,Active,2023-01-16 14:00:00
U-20467,User_U-20467,Active,2023-01-18 14:00:00
U-20468,User_U-20468,Active,2023-01-29 14:00:00
U-20469,User_U-20469,Active,2023-01-29 14:00:00
U-20472,User_U-20472,Active,2023-01-13 14:00:00
U-20475,User_U-20475,Active,2023-01-05 14:00:00
U-20478,User_U-20478,Active,2023-01-28 14:00:00
U-20479,User_U-20479,Active,2023-01-27 14:00:00
U-20480,User_U-20480,Active,2023-01-27 14:00:00
U-20481,User_U-20481,Active,2023-01-24 14:00:00
U-20482,User_U-20482,Active,2023-01-26 14:00:00
U-20484,User_U-20484,Active,2023-01-16 14:00:00
U-20486,User_U-20486,Active,2023-01-03 14:00:00
U-20487,User_U-20487,Active,2023-01-06 14:00:00
U-20488,User_U-20488,Active,2023-01-16 14:00:00
U-20490,User_U-20490,Active,2023-01-10 14:00:00
U-20491,User_U-20491,Active,2023-01-22 14:00:00
U-20493,User_U-20493,Active,2023-01-06 14:00:00
U-20495,User_U-20495,Active,2023-01-30 14:00:00
U-20496,User_U-20496,Active,2023-01-21 14:00:00
U-20497,User_U-20497,Active,2023-01-27 14:00:00
U-20498,User_U-20498,Active,2023-01-29 14:00:00
U-20499,User_U-20499,Active,2023-01-23 14:00:00
U-20501,User_U-20501,Active,2023-01-24 14:00:00
U-20502,User_U-20502,Active,2023-01-29 14:00:00
U-20503,User_U-20503,Active,2023-01-14 14:00:00
U-20504,User_U-20504,Active,2023-01-23 14:00:00
U-20506,User_U-20506,Active,2023-01-11 14:00:00
U-20507,User_U-20507,Active,2023-01-04 14:00:00
U-20508,User_U-20508,Active,2023-01-02 14:00:00
U-20510,User_U-20510,Active,2023-01-27 14:00:00
U-20511,User_U-20511,Active,2023-01-17 14:00:00
U-20513,User_U-20513,Active,2023-01-19 14:00:00
U-20514,User_U-20514,Active,2023-01-08 14:00:00
U-20515,User_U-20515,Active,2023-01-28 14:00:00
U-20516,User_U-20516,Active,2023-01-26 14:00:00
U-20517,User_U-20517,Active,2023-01-02 14:00:00
U-20518,User_U-20518,Active,2023-01-26 14:00:00
U-20519,User_U-20519,Active,2023-01-10 14:00:00
U-20520,User_U-20520,Active,2023-01-29 14:00:00
U-20521,User_U-20521,Active,2023-01-17 14:00:00
U-20524,User_U-20524,Active,2023-01-08 14:00:00
U-20526,User_U-20526,Active,2023-01-24 14:00:00
U-20527,User_U-20527,Active,2023-01-04 14:00:00
U-20528,User_U-20528,Active,2023-01-16 14:00:00
U-20529,User_U-20529,Active,2023-01-20 14:00:00
U-20530,User_U-20530,Active,2023-01-07 14:00:00
U-20532,User_U-20532,Active,2023-01-27 14:00:00
U-20533,User_U-20533,Active,2023-01-28 14:00:00
U-20534,User_U-20534,Active,2023-01-26 14:00:00
U-20536,User_U-20536,Active,2023-01-10 14:00:00
U-20537,User_U-20537,Active,2023-01-22 14:00:00
U-20539,User_U-20539,Active,2023-01-30 14:00:00
U-20547,User_U-20547,Active,2023-01-15 14:00:00
U-20548,User_U-20548,Active,2023-01-02 14:00:00
U-20549,User_U-20549,Active,2023-01-18 14:00:00
U-20551,User_U-20551,Active,2023-01-27 14:00:00
U-20554,User_U-20554,Active,2023-01-04 14:00:00
U-20557,User_U-20557,Active,2023-01-29 14:00:00
U-20558,User_U-20558,Active,2023-01-16 14:00:00
U-20561,User_U-20561,Active,2023-01-06 14:00:00
U-20565,User_U-20565,Active,2023-01-20 14:00:00
U-20566,User_U-20566,Active,2023-01-20 14:00:00
U-20568,User_U-20568,Active,2023-01-28 14:00:00
U-20571,User_U-20571,Active,2023-01-18 14:00:00
U-20572,User_U-20572,Active,2023-01-22 14:00:00
U-20573,User_U-20573,Active,2023-01-16 14:00:00
U-20576,User_U-20576,Active,2023-01-08 14:00:00
U-20577,User_U-20577,Active,2023-01-13 14:00:00
U-20578,User_U-20578,Active,2023-01-02 14:00:00
U-20580,User_U-20580,Active,2023-01-18 14:00:00
U-20581,User_U-20581,Active,2023-01-19 14:00:00
U-20582,User_U-20582,Active,2023-01-02 14:00:00
U-20585,User_U-20585,Active,2023-01-25 14:00:00
U-20587,User_U-20587,Active,2023-01-12 14:00:00
U-20588,User_U-20588,Active,2023-01-29 14:00:00
U-20589,User_U-20589,Active,2023-01-08 14:00:00
U-20593,User_U-20593,Active,2023-01-24 14:00:00
U-20594,User_U-20594,Active,2023-01-17 14:00:00
U-20595,User_U-20595,Active,2023-01-26 14:00:00
U-20596,User_U-20596,Active,2023-01-18 14:00:00
U-20598,User_U-20598,Active,2023-01-09 14:00:00
U-20599,User_U-20599,Active,2023-01-10 14:00:00
U-20602,User_U-20602,Active,2023-01-26 14:00:00
U-20603,User_U-20603,Active,2023-01-23 14:00:00
U-20604,User_U-20604,Active,2023-01-16 14:00:00
U-20605,User_U-20605,Active,2023-01-20 14:00:00
U-20606,User_U-20606,Active,2023-01-18 14:00:00
U-20608,User_U-20608,Active,2023-01-05 14:00:00
U-20609,User_U-20609,Active,2023-01-04 14:00:00
U-20610,User_U-20610,Active,2023-01-26 14:00:00
U-20611,User_U-20611,Active,2023-01-12 14:00:00
U-20612,User_U-20612,Active,2023-01-06 14:00:00
U-20613,User_U-20613,Active,2023-01-12 14:00:00
U-20615,User_U-20615,Active,2023-01-13 14:00:00
U-20616,User_U-20616,Active,2023-01-18 14:00:00
U-20618,User_U-20618,Active,2023-01-21 14:00:00
U-20623,User_U-20623,Active,2023-01-20 14:00:00
U-20625,User_U-20625,Active,2023-01-19 14:00:00
U-20626,User_U-20626,Active,2023-01-10 14:00:00
U-20627,User_U-20627,Active,2023-01-25 14:00:00
U-20631,User_U-20631,Active,2023-01-27 14:00:00
U-20632,User_U-20632,Active,2023-01-28 14:00:00
U-20633,User_U-20633,Active,2023-01-02 14:00:00
U-20635,User_U-20635,Active,2023-01-15 14:00:00
U-20636,User_U-20636,Active,2023-01-11 14:00:00
U-20638,User_U-20638,Active,2023-01-29 14:00:00
U-20640,User_U-20640,Active,2023-01-17 14:00:00
U-20642,User_U-20642,Active,2023-01-22 14:00:00
U-20643,User_U-20643,Active,2023-01-24 14:00:00
U-20644,User_U-20644,Active,2023-01-07 14:00:00
U-20645,User_U-20645,Active,2023-01-21 14:00:00
U-20649,User_U-20649,Active,2023-01-17 14:00:00
U-20650,User_U-20650,Active,2023-01-15 14:00:00
U-20654,User_U-20654,Active,2023-01-29 14:00:00
U-20655,User_U-20655,Active,2023-01-03 14:00:00
U-20659,User_U-20659,Active,2023-01-15 14:00:00
U-20662,User_U-20662,Active,2023-01-02 14:00:00
U-20664,User_U-20664,Active,2023-01-11 14:00:00
U-20666,User_U-20666,Active,2023-01-25 14:00:00
U-20667,User_U-20667,Active,2023-01-12 14:00:00
U-20668,User_U-20668,Active,2023-01-27 14:00:00
U-20669,User_U-20669,Active,2023-01-24 14:00:00
U-20671,User_U-20671,Active,2023-01-06 14:00:00
U-20674,User_U-20674,Active,2023-01-09 14:00:00
U-20675,User_U-20675,Active,2023-01-17 14:00:00
U-20676,User_U-20676,Active,2023-01-09 14:00:00
U-20677,User_U-20677,Active,2023-01-26 14:00:00
U-20679,User_U-20679,Active,2023-01-23 14:00:00
U-20680,User_U-20680,Active,2023-01-07 14:00:00
U-20681,User_U-20681,Active,2023-01-05 14:00:00
U-20682,User_U-20682,Active,2023-01-07 14:00:00
U-20683,User_U-20683,Active,2023-01-09 14:00:00
U-20684,User_U-20684,Active,2023-01-14 14:00:00
U-20686,User_U-20686,Active,2023-01-29 14:00:00
U-20690,User_U-20690,Active,2023-01-04 14:00:00
U-20694,User_U-20694,Active,2023-01-23 14:00:00
U-20697,User_U-20697,Active,2023-01-07 14:00:00
U-20698,User_U-20698,Active,2023-01-10 14:00:00
U-20700,User_U-20700,Active,2023-01-19 14:00:00
U-20701,User_U-20701,Active,2023-01-23 14:00:00
U-20702,User_U-20702,Active,2023-01-15 14:00:00
U-20704,User_U-20704,Active,2023-01-27 14:00:00
U-20705,User_U-20705,Active,2023-01-07 14:00:00
U-20706,User_U-20706,Active,2023-01-07 14:00:00
U-20707,User_U-20707,Active,2023-01-03 14:00:00
U-20708,User_U-20708,Active,2023-01-25 14:00:00
U-20710,User_U-20710,Active,2023-01-13 14:00:00
U-20711,User_U-20711,Active,2023-01-15 14:00:00
U-20714,User_U-20714,Active,2023-01-09 14:00:00
U-20716,User_U-20716,Active,2023-01-06 14:00:00
U-20717,User_U-20717,Active,2023-01-20 14:00:00
U-20719,User_U-20719,Active,2023-01-03 14:00:00
U-20721,User_U-20721,Active,2023-01-06 14:00:00
U-20724,User_U-20724,Active,2023-01-03 14:00:00
U-20726,User_U-20726,Active,2023-01-08 14:00:00
U-20731,User_U-20731,Active,2023-01-16 14:00:00
U-20732,User_U-20732,Active,2023-01-23 14:00:00
U-20733,User_U-20733,Active,2023-01-03 14:00:00
U-20734,User_U-20734,Active,2023-01-14 14:00:00
U-20735,User_U-20735,Active,2023-01-22 14:00:00
U-20736,User_U-20736,Active,2023-01-03 14:00:00
U-20737,User_U-20737,Active,2023-01-16 14:00:00
U-20739,User_U-20739,Active,2023-01-26 14:00:00
U-20740,User_U-20740,Active,2023-01-11 14:00:00
U-20742,User_U-20742,Active,2023-01-16 14:00:00
U-20743,User_U-20743,Active,2023-01-10 14:00:00
U-20744,User_U-20744,Active,2023-01-18 14:00:00
U-20745,User_U-20745,Active,2023-01-27 14:00:00
U-20746,User_U-20746,Active,2023-01-10 14:00:00
U-20747,User_U-20747,Active,2023-01-17 14:00:00
U-20748,User_U-20748,Active,2023-01-30 14:00:00
U-20751,User_U-20751,Active,2023-01-11 14:00:00
U-20752,User_U-20752,Active,2023-01-03 14:00:00
U-20753,User_U-20753,Active,2023-01-27 14:00:00
U-20754,User_U-20754,Active,2023-01-14 14:00:00
U-20756,User_U-20756,Active,2023-01-29 14:00:00
U-20759,User_U-20759,Active,2023-01-16 14:00:00
U-20760,User_U-20760,Active,2023-01-15 14:00:00
U-20761,User_U-20761,Active,2023-01-11 14:00:00
U-20762,User_U-20762,Active,2023-01-04 14:00:00
U-20763,User_U-20763,Active,2023-01-22 14:00:00
U-20765,User_U-20765,Active,2023-01-18 14:00:00
U-20767,User_U-20767,Active,2023-01-06 14:00:00
U-20770,User_U-20770,Active,2023-01-15 14:00:00
U-20772,User_U-20772,Active,2023-01-04 14:00:00
U-20773,User_U-20773,Active,2023-01-17 14:00:00
U-20775,User_U-20775,Active,2023-01-02 14:00:00
U-20779,User_U-20779,Active,2023-01-05 14:00:00
U-20781,User_U-20781,Active,2023-01-09 14:00:00
U-20783,User_U-20783,Active,2023-01-18 14:00:00
U-20784,User_U-20784,Active,2023-01-22 14:00:00
U-20786,User_U-20786,Active,2023-01-23 14:00:00
U-20787,User_U-20787,Active,2023-01-12 14:00:00
U-20789,User_U-20789,Active,2023-01-30 14:00:00
U-20790,User_U-20790,Active,2023-01-17 14:00:00
U-20791,User_U-20791,Active,2023-01-30 14:00:00
U-20792,User_U-20792,Active,2023-01-18 14:00:00
U-20796,User_U-20796,Active,2023-01-26 14:00:00
U-20799,User_U-20799,Active,2023-01-19 14:00:00
U-20800,User_U-20800,Active,2023-01-14 14:00:00
U-20805,User_U-20805,Active,2023-01-16 14:00:00
U-20807,User_U-20807,Active,2023-01-30 14:00:00
U-20808,User_U-20808,Active,2023-01-29 14:00:00
U-20811,User_U-20811,Active,2023-01-30 14:00:00
U-20812,User_U-20812,Active,2023-01-29 14:00:00
U-20813,User_U-20813,Active,2023-01-05 14:00:00
U-20815,User_U-20815,Active,2023-01-29 14:00:00
U-20816,User_U-20816,Active,2023-01-22 14:00:00
U-20818,User_U-20818,Active,2023-01-14 14:00:00
U-20819,User_U-20819,Active,2023-01-13 14:00:00
U-20820,User_U-20820,Active,2023-01-07 14:00:00
U-20821,User_U-20821,Active,2023-01-09 14:00:00
U-20822,User_U-20822,Active,2023-01-16 14:00:00
U-20823,User_U-20823,Active,2023-01-03 14:00:00
U-20824,User_U-20824,Active,2023-01-13 14:00:00
U-20826,User_U-20826,Active,2023-01-03 14:00:00
U-20828,User_U-20828,Active,2023-01-14 14:00:00
U-20829,User_U-20829,Active,2023-01-10 14:00:00
U-20832,User_U-20832,Active,2023-01-24 14:00:00
U-20834,User_U-20834,Active,2023-01-09 14:00:00
U-20837,User_U-20837,Active,2023-01-05 14:00:00
U-20838,User_U-20838,Active,2023-01-27 14:00:00
U-20841,User_U-20841,Active,2023-01-07 14:00:00
U-20843,User_U-20843,Active,2023-01-13 14:00:00
U-20844,User_U-20844,Active,2023-01-08 14:00:00
U-20852,User_U-20852,Active,2023-01-10 14:00:00
U-20853,User_U-20853,Active,2023-01-11 14:00:00
U-20855,User_U-20855,Active,2023-01-13 14:00:00
U-20856,User_U-20856,Active,2023-01-10 14:00:00
U-20858,User_U-20858,Active,2023-01-05 14:00:00
U-20859,User_U-20859,Active,2023-01-17 14:00:00
U-20860,User_U-20860,Active,2023-01-13 14:00:00
U-20864,User_U-20864,Active,2023-01-04 14:00:00
U-20865,User_U-20865,Active,2023-01-12 14:00:00
U-20866,User_U-20866,Active,2023-01-16 14:00:00
U-20867,User_U-20867,Active,2023-01-28 14:00:00
U-20869,User_U-20869,Active,2023-01-05 14:00:00
U-20870,User_U-20870,Active,2023-01-17 14:00:00
U-20871,User_U-20871,Active,2023-01-04 14:00:00
U-20873,User_U-20873,Active,2023-01-19 14:00:00
U-20876,User_U-20876,Active,2023-01-11 14:00:00
U-20879,User_U-20879,Active,2023-01-18 14:00:00
U-20882,User_U-20882,Active,2023-01-25 14:00:00
U-20885,User_U-20885,Active,2023-01-15 14:00:00
U-20886,User_U-20886,Active,2023-01-07 14:00:00
U-20887,User_U-20887,Active,2023-01-24 14:00:00
U-20889,User_U-20889,Active,2023-01-19 14:00:00
U-20890,User_U-20890,Active,2023-01-13 14:00:00
U-20892,User_U-20892,Active,2023-01-29 14:00:00
U-20893,User_U-20893,Active,2023-01-22 14:00:00
U-20896,User_U-20896,Active,2023-01-22 14:00:00
U-20897,User_U-20897,Active,2023-01-24 14:00:00
U-20898,User_U-20898,Active,2023-01-28 14:00:00
U-20899,User_U-20899,Active,2023-01-08 14:00:00
U-20902,User_U-20902,Active,2023-01-03 14:00:00
U-20903,User_U-20903,Active,2023-01-28 14:00:00
U-20907,User_U-20907,Active,2023-01-17 14:00:00
U-20908,User_U-20908,Active,2023-01-20 14:00:00
U-20911,User_U-20911,Active,2023-01-19 14:00:00
U-20912,User_U-20912,Active,2023-01-28 14:00:00
U-20913,User_U-20913,Active,2023-01-07 14:00:00
U-20917,User_U-20917,Active,2023-01-15 14:00:00
U-20918,User_U-20918,Active,2023-01-09 14:00:00
U-20919,User_U-20919,Active,2023-01-21 14:00:00
U-20920,User_U-20920,Active,2023-01-07 14:00:00
U-20921,User_U-20921,Active,2023-01-29 14:00:00
U-20922,User_U-20922,Active,2023-01-11 14:00:00
U-20923,User_U-20923,Active,2023-01-26 14:00:00
U-20924,User_U-20924,Active,2023-01-09 14:00:00
U-20925,User_U-20925,Active,2023-01-30 14:00:00
U-20928,User_U-20928,Active,2023-01-23 14:00:00
U-20929,User_U-20929,Active,2023-01-29 14:00:00
U-20930,User_U-20930,Active,2023-01-16 14:00:00
U-20932,User_U-20932,Active,2023-01-20 14:00:00
U-20936,User_U-20936,Active,2023-01-24 14:00:00
U-20937,User_U-20937,Active,2023-01-18 14:00:00
U-20939,User_U-20939,Active,2023-01-03 14:00:00
U-20940,User_U-20940,Active,2023-01-10 14:00:00
U-20943,User_U-20943,Active,2023-01-27 14:00:00
U-20946,User_U-20946,Active,2023-01-18 14:00:00
U-20950,User_U-20950,Active,2023-01-05 14:00:00
U-20952,User_U-20952,Active,2023-01-13 14:00:00
U-20954,User_U-20954,Active,2023-01-19 14:00:00
U-20956,User_U-20956,Active,2023-01-21 14:00:00
U-20957,User_U-20957,Active,2023-01-18 14:00:00
U-20958,User_U-20958,Active,2023-01-11 14:00:00
U-20959,User_U-20959,Active,2023-01-18 14:00:00
U-20960,User_U-20960,Active,2023-01-02 14:00:00
U-20961,User_U-20961,Active,2023-01-06 14:00:00
U-20962,User_U-20962,Active,2023-01-10 14:00:00
U-20964,User_U-20964,Active,2023-01-21 14:00:00
U-20965,User_U-20965,Active,2023-01-26 14:00:00
U-20966,User_U-20966,Active,2023-01-24 14:00:00
U-20967,User_U-20967,Active,2023-01-18 14:00:00
U-20969,User_U-20969,Active,2023-01-26 14:00:00
U-20970,User_U-20970,Active,2023-01-26 14:00:00
U-20972,User_U-20972,Active,2023-01-21 14:00:00
U-20974,User_U-20974,Active,2023-01-09 14:00:00
U-20975,User_U-20975,Active,2023-01-26 14:00:00
U-20976,User_U-20976,Active,2023-01-25 14:00:00
U-20978,User_U-20978,Active,2023-01-06 14:00:00
U-20979,User_U-20979,Active,2023-01-05 14:00:00
U-20980,User_U-20980,Active,2023-01-07 14:00:00
U-20984,User_U-20984,Active,2023-01-11 14:00:00
U-20989,User_U-20989,Active,2023-01-30 14:00:00
U-20995,User_U-20995,Active,2023-01-24 14:00:00
U-20996,User_U-20996,Active,2023-01-19 14:00:00
U-20998,User_U-20998,Active,2023-01-02 14:00:00
U-21000,User_U-21000,Active,2023-01-09 14:00:00
U-21001,User_U-21001,Active,2023-01-05 14:00:00
U-21002,User_U-21002,Active,2023-01-13 14:00:00
U-21008,User_U-21008,Active,2023-01-18 14:00:00
U-21009,User_U-21009,Active,2023-01-17 14:00:00
U-21010,User_U-21010,Active,2023-01-20 14:00:00
U-21012,User_U-21012,Active,2023-01-25 14:00:00
U-21013,User_U-21013,Active,2023-01-26 14:00:00
U-21019,User_U-21019,Active,2023-01-30 14:00:00
U-21022,User_U-21022,Active,2023-01-08 14:00:00
U-21023,User_U-21023,Active,2023-01-21 14:00:00
U-21024,User_U-21024,Active,2023-01-17 14:00:00
U-21028,User_U-21028,Active,2023-01-27 14:00:00
U-21031,User_U-21031,Active,2023-01-08 14:00:00
U-21032,User_U-21032,Active,2023-01-05 14:00:00
U-21035,User_U-21035,Active,2023-01-16 14:00:00
U-21037,User_U-21037,Active,2023-01-24 14:00:00
U-21039,User_U-21039,Active,2023-01-20 14:00:00
U-21040,User_U-21040,Active,2023-01-13 14:00:00
U-21041,User_U-21041,Active,2023-01-20 14:00:00
U-21042,User_U-21042,Active,2023-01-18 14:00:00
U-21043,User_U-21043,Active,2023-01-07 14:00:00
U-21044,User_U-21044,Active,2023-01-03 14:00:00
U-21045,User_U-21045,Active,2023-01-27 14:00:00
U-21046,User_U-21046,Active,2023-01-27 14:00:00
U-21047,User_U-21047,Active,2023-01-30 14:00:00
U-21048,User_U-21048,Active,2023-01-05 14:00:00
U-21049,User_U-21049,Active,2023-01-02 14:00:00
U-21050,User_U-21050,Active,2023-01-07 14:00:00
U-21055,User_U-21055,Active,2023-01-17 14:00:00
U-21056,User_U-21056,Active,2023-01-12 14:00:00
U-21057,User_U-21057,Active,2023-01-22 14:00:00
U-21058,User_U-21058,Active,2023-01-20 14:00:00
U-21059,User_U-21059,Active,2023-01-04 14:00:00
U-21062,User_U-21062,Active,2023-01-03 14:00:00
U-21063,User_U-21063,Active,2023-01-17 14:00:00
U-21065,User_U-21065,Active,2023-01-07 14:00:00
U-21066,User_U-21066,Active,2023-01-27 14:00:00
U-21067,User_U-21067,Active,2023-01-29 14:00:00
U-21069,User_U-21069,Active,2023-01-13 14:00:00
U-21071,User_U-21071,Active,2023-01-21 14:00:00
U-21072,User_U-21072,Active,2023-01-10 14:00:00
U-21073,User_U-21073,Active,2023-01-21 14:00:00
U-21074,User_U-21074,Active,2023-01-12 14:00:00
U-21076,User_U-21076,Active,2023-01-21 14:00:00
U-21081,User_U-21081,Active,2023-01-12 14:00:00
U-21082,User_U-21082,Active,2023-01-26 14:00:00
U-21088,User_U-21088,Active,2023-01-22 14:00:00
U-21089,User_U-21089,Active,2023-01-17 14:00:00
U-21090,User_U-21090,Active,2023-01-04 14:00:00
U-21092,User_U-21092,Active,2023-01-07 14:00:00
U-21094,User_U-21094,Active,2023-01-05 14:00:00
U-21095,User_U-21095,Active,2023-01-20 14:00:00
U-21096,User_U-21096,Active,2023-01-18 14:00:00
U-21098,User_U-21098,Active,2023-01-25 14:00:00
U-21099,User_U-21099,Active,2023-01-12 14:00:00
U-21100,User_U-21100,Active,2023-01-18 14:00:00
U-21101,User_U-21101,Active,2023-01-16 14:00:00
U-21102,User_U-21102,Active,2023-01-14 14:00:00
U-21103,User_U-21103,Active,2023-01-12 14:00:00
U-21109,User_U-21109,Active,2023-01-19 14:00:00
U-21110,User_U-21110,Active,2023-01-14 14:00:00
U-21111,User_U-21111,Active,2023-01-30 14:00:00
U-21113,User_U-21113,Active,2023-01-24 14:00:00
U-21114,User_U-21114,Active,2023-01-03 14:00:00
U-21116,User_U-21116,Active,2023-01-07 14:00:00
U-21119,User_U-21119,Active,2023-01-20 14:00:00
U-21120,User_U-21120,Active,2023-01-05 14:00:00
U-21121,User_U-21121,Active,2023-01-10 14:00:00
U-21122,User_U-21122,Active,2023-01-18 14:00:00
U-21125,User_U-21125,Active,2023-01-07 14:00:00
U-21126,User_U-21126,Active,2023-01-05 14:00:00
U-21128,User_U-21128,Active,2023-01-30 14:00:00
U-21130,User_U-21130,Active,2023-01-07 14:00:00
U-21132,User_U-21132,Active,2023-01-24 14:00:00
U-21133,User_U-21133,Active,2023-01-18 14:00:00
U-21134,User_U-21134,Active,2023-01-29 14:00:00
U-21135,User_U-21135,Active,2023-01-20 14:00:00
U-21138,User_U-21138,Active,2023-01-12 14:00:00
U-21141,User_U-21141,Active,2023-01-18 14:00:00
U-21142,User_U-21142,Active,2023-01-28 14:00:00
U-21143,User_U-21143,Active,2023-01-17 14:00:00
U-21146,User_U-21146,Active,2023-01-06 14:00:00
U-21147,User_U-21147,Active,2023-01-23 14:00:00
U-21148,User_U-21148,Active,2023-01-24 14:00:00
U-21151,User_U-21151,Active,2023-01-29 14:00:00
U-21152,User_U-21152,Active,2023-01-27 14:00:00
U-21154,User_U-21154,Active,2023-01-20 14:00:00
U-21155,User_U-21155,Active,2023-01-28 14:00:00
U-21159,User_U-21159,Active,2023-01-20 14:00:00
U-21162,User_U-21162,Active,2023-01-05 14:00:00
U-21164,User_U-21164,Active,2023-01-09 14:00:00
U-21169,User_U-21169,Active,2023-01-13 14:00:00
U-21170,User_U-21170,Active,2023-01-10 14:00:00
U-21171,User_U-21171,Active,2023-01-06 14:00:00
U-21172,User_U-21172,Active,2023-01-23 14:00:00
U-21173,User_U-21173,Active,2023-01-11 14:00:00
U-21176,User_U-21176,Active,2023-01-26 14:00:00
U-21179,User_U-21179,Active,2023-01-12 14:00:00
U-21181,User_U-21181,Active,2023-01-19 14:00:00
U-21184,User_U-21184,Active,2023-01-19 14:00:00
U-21185,User_U-21185,Active,2023-01-17 14:00:00
U-21190,User_U-21190,Active,2023-01-25 14:00:00
U-21192,User_U-21192,Active,2023-01-10 14:00:00
U-21193,User_U-21193,Active,2023-01-02 14:00:00
U-21195,User_U-21195,Active,2023-01-07 14:00:00
U-21197,User_U-21197,Active,2023-01-21 14:00:00
U-21200,User_U-21200,Active,2023-01-13 14:00:00
U-21201,User_U-21201,Active,2023-01-08 14:00:00
U-21202,User_U-21202,Active,2023-01-05 14:00:00
U-21207,User_U-21207,Active,2023-01-19 14:00:00
U-21208,User_U-21208,Active,2023-01-24 14:00:00
U-21210,User_U-21210,Active,2023-01-16 14:00:00
U-21211,User_U-21211,Active,2023-01-14 14:00:00
U-21212,User_U-21212,Active,2023-01-10 14:00:00
U-21213,User_U-21213,Active,2023-01-04 14:00:00
U-21214,User_U-21214,Active,2023-01-27 14:00:00
U-21215,User_U-21215,Active,2023-01-12 14:00:00
U-21216,User_U-21216,Active,2023-01-02 14:00:00
U-21217,User_U-21217,Active,2023-01-20 14:00:00
U-21220,User_U-21220,Active,2023-01-10 14:00:00
U-21222,User_U-21222,Active,2023-01-02 14:00:00
U-21223,User_U-21223,Active,2023-01-06 14:00:00
U-21226,User_U-21226,Active,2023-01-11 14:00:00
U-21228,User_U-21228,Active,2023-01-15 14:00:00
U-21229,User_U-21229,Active,2023-01-05 14:00:00
U-21230,User_U-21230,Active,2023-01-08 14:00:00
U-21231,User_U-21231,Active,2023-01-06 14:00:00
U-21232,User_U-21232,Active,2023-01-26 14:00:00
U-21233,User_U-21233,Active,2023-01-28 14:00:00
U-21235,User_U-21235,Active,2023-01-06 14:00:00
U-21238,User_U-21238,Active,2023-01-07 14:00:00
U-21239,User_U-21239,Active,2023-01-09 14:00:00
U-21241,User_U-21241,Active,2023-01-28 14:00:00
U-21242,User_U-21242,Active,2023-01-07 14:00:00
U-21247,User_U-21247,Active,2023-01-16 14:00:00
U-21250,User_U-21250,Active,2023-01-17 14:00:00
U-21253,User_U-21253,Active,2023-01-15 14:00:00
U-21258,User_U-21258,Active,2023-01-21 14:00:00
U-21260,User_U-21260,Active,2023-01-08 14:00:00
U-21263,User_U-21263,Active,2023-01-28 14:00:00
U-21266,User_U-21266,Active,2023-01-30 14:00:00
U-21269,User_U-21269,Active,2023-01-10 14:00:00
U-21270,User_U-21270,Active,2023-01-11 14:00:00
U-21271,User_U-21271,Active,2023-01-22 14:00:00
U-21272,User_U-21272,Active,2023-01-22 14:00:00
U-21276,User_U-21276,Active,2023-01-09 14:00:00
U-21277,User_U-21277,Active,2023-01-05 14:00:00
U-21278,User_U-21278,Active,2023-01-10 14:00:00
U-21283,User_U-21283,Active,2023-01-21 14:00:00
U-21284,User_U-21284,Active,2023-01-22 14:00:00
U-21285,User_U-21285,Active,2023-01-19 14:00:00
U-21286,User_U-21286,Active,2023-01-03 14:00:00
U-21287,User_U-21287,Active,2023-01-03 14:00:00
U-21288,User_U-21288,Active,2023-01-28 14:00:00
U-21289,User_U-21289,Active,2023-01-27 14:00:00
U-21291,User_U-21291,Active,2023-01-24 14:00:00
U-21292,User_U-21292,Active,2023-01-09 14:00:00
U-21294,User_U-21294,Active,2023-01-09 14:00:00
U-21295,User_U-21295,Active,2023-01-17 14:00:00
U-21297,User_U-21297,Active,2023-01-04 14:00:00
U-21298,User_U-21298,Active,2023-01-07 14:00:00
U-21299,User_U-21299,Active,2023-01-11 14:00:00
U-21300,User_U-21300,Active,2023-01-19 14:00:00
U-21301,User_U-21301,Active,2023-01-17 14:00:00
U-21303,User_U-21303,Active,2023-01-14 14:00:00
U-21306,User_U-21306,Active,2023-01-26 14:00:00
U-21309,User_U-21309,Active,2023-01-18 14:00:00
U-21310,User_U-21310,Active,2023-01-29 14:00:00
U-21311,User_U-21311,Active,2023-01-05 14:00:00
U-21312,User_U-21312,Active,2023-01-22 14:00:00
U-21313,User_U-21313,Active,2023-01-30 14:00:00
U-21315,User_U-21315,Active,2023-01-28 14:00:00
U-21318,User_U-21318,Active,2023-01-25 14:00:00
U-21319,User_U-21319,Active,2023-01-12 14:00:00
U-21320,User_U-21320,Active,2023-01-10 14:00:00
U-21323,User_U-21323,Active,2023-01-22 14:00:00
U-21324,User_U-21324,Active,2023-01-25 14:00:00
U-21325,User_U-21325,Active,2023-01-05 14:00:00
U-21326,User_U-21326,Active,2023-01-18 14:00:00
U-21328,User_U-21328,Active,2023-01-16 14:00:00
U-21331,User_U-21331,Active,2023-01-06 14:00:00
U-21332,User_U-21332,Active,2023-01-27 14:00:00
U-21334,User_U-21334,Active,2023-01-27 14:00:00
U-21335,User_U-21335,Active,2023-01-10 14:00:00
U-21336,User_U-21336,Active,2023-01-04 14:00:00
U-21337,User_U-21337,Active,2023-01-28 14:00:00
U-21338,User_U-21338,Active,2023-01-20 14:00:00
U-21340,User_U-21340,Active,2023-01-17 14:00:00
U-21341,User_U-21341,Active,2023-01-26 14:00:00
U-21342,User_U-21342,Active,2023-01-19 14:00:00
U-21344,User_U-21344,Active,2023-01-04 14:00:00
U-21345,User_U-21345,Active,2023-01-13 14:00:00
U-21347,User_U-21347,Active,2023-01-04 14:00:00
U-21352,User_U-21352,Active,2023-01-22 14:00:00
U-21356,User_U-21356,Active,2023-01-26 14:00:00
U-21357,User_U-21357,Active,2023-01-06 14:00:00
U-21358,User_U-21358,Active,2023-01-15 14:00:00
U-21359,User_U-21359,Active,2023-01-27 14:00:00
U-21361,User_U-21361,Active,2023-01-19 14:00:00
U-21364,User_U-21364,Active,2023-01-29 14:00:00
U-21366,User_U-21366,Active,2023-01-23 14:00:00
U-21367,User_U-21367,Active,2023-01-12 14:00:00
U-21369,User_U-21369,Active,2023-01-14 14:00:00
U-21374,User_U-21374,Active,2023-01-11 14:00:00
U-21376,User_U-21376,Active,2023-01-05 14:00:00
U-21378,User_U-21378,Active,2023-01-10 14:00:00
U-21379,User_U-21379,Active,2023-01-21 14:00:00
U-21380,User_U-21380,Active,2023-01-03 14:00:00
U-21383,User_U-21383,Active,2023-01-19 14:00:00
U-21384,User_U-21384,Active,2023-01-28 14:00:00
U-21385,User_U-21385,Active,2023-01-22 14:00:00
U-21386,User_U-21386,Active,2023-01-30 14:00:00
U-21387,User_U-21387,Active,2023-01-21 14:00:00
U-21389,User_U-21389,Active,2023-01-19 14:00:00
U-21393,User_U-21393,Active,2023-01-30 14:00:00
U-21394,User_U-21394,Active,2023-01-15 14:00:00
U-21395,User_U-21395,Active,2023-01-29 14:00:00
U-21396,User_U-21396,Active,2023-01-20 14:00:00
U-21397,User_U-21397,Active,2023-01-04 14:00:00
U-21398,User_U-21398,Active,2023-01-14 14:00:00
U-21401,User_U-21401,Active,2023-01-27 14:00:00
U-21406,User_U-21406,Active,2023-01-17 14:00:00
U-21408,User_U-21408,Active,2023-01-15 14:00:00
U-21409,User_U-21409,Active,2023-01-23 14:00:00
U-21410,User_U-21410,Active,2023-01-20 14:00:00
U-21411,User_U-21411,Active,2023-01-20 14:00:00
U-21414,User_U-21414,Active,2023-01-14 14:00:00
U-21416,User_U-21416,Active,2023-01-09 14:00:00
U-21417,User_U-21417,Active,2023-01-19 14:00:00
U-21418,User_U-21418,Active,2023-01-29 14:00:00
U-21419,User_U-21419,Active,2023-01-21 14:00:00
U-21420,User_U-21420,Active,2023-01-15 14:00:00
U-21421,User_U-21421,Active,2023-01-14 14:00:00
U-21423,User_U-21423,Active,2023-01-06 14:00:00
U-21424,User_U-21424,Active,2023-01-14 14:00:00
U-21426,User_U-21426,Active,2023-01-05 14:00:00
U-21427,User_U-21427,Active,2023-01-08 14:00:00
U-21435,User_U-21435,Active,2023-01-24 14:00:00
U-21438,User_U-21438,Active,2023-01-12 14:00:00
U-21440,User_U-21440,Active,2023-01-04 14:00:00
U-21443,User_U-21443,Active,2023-01-06 14:00:00
U-21444,User_U-21444,Active,2023-01-11 14:00:00
U-21447,User_U-21447,Active,2023-01-23 14:00:00
U-21448,User_U-21448,Active,2023-01-11 14:00:00
U-21449,User_U-21449,Active,2023-01-10 14:00:00
U-21451,User_U-21451,Active,2023-01-24 14:00:00
U-21452,User_U-21452,Active,2023-01-08 14:00:00
U-21454,User_U-21454,Active,2023-01-19 14:00:00
U-21455,User_U-21455,Active,2023-01-05 14:00:00
U-21457,User_U-21457,Active,2023-01-13 14:00:00
U-21459,User_U-21459,Active,2023-01-14 14:00:00
U-21462,User_U-21462,Active,2023-01-06 14:00:00
U-21465,User_U-21465,Active,2023-01-20 14:00:00
U-21466,User_U-21466,Active,2023-01-22 14:00:00
U-21468,User_U-21468,Active,2023-01-21 14:00:00
U-21469,User_U-21469,Active,2023-01-11 14:00:00
U-21470,User_U-21470,Active,2023-01-17 14:00:00
U-21472,User_U-21472,Active,2023-01-07 14:00:00
U-21473,User_U-21473,Active,2023-01-17 14:00:00
U-21474,User_U-21474,Active,2023-01-24 14:00:00
U-21479,User_U-21479,Active,2023-01-10 14:00:00
U-21483,User_U-21483,Active,2023-01-16 14:00:00
U-21485,User_U-21485,Active,2023-01-18 14:00:00
U-21486,User_U-21486,Active,2023-01-26 14:00:00
U-21487,User_U-21487,Active,2023-01-08 14:00:00
U-21489,User_U-21489,Active,2023-01-04 14:00:00
U-21490,User_U-21490,Active,2023-01-12 14:00:00
U-21491,User_U-21491,Active,2023-01-28 14:00:00
U-21492,User_U-21492,Active,2023-01-14 14:00:00
U-21493,User_U-21493,Active,2023-01-09 14:00:00
U-21494,User_U-21494,Active,2023-01-18 14:00:00
U-21497,User_U-21497,Active,2023-01-13 14:00:00
U-21498,User_U-21498,Active,2023-01-25 14:00:00
U-21500,User_U-21500,Active,2023-01-02 14:00:00
U-21501,User_U-21501,Active,2023-01-06 14:00:00
U-21502,User_U-21502,Active,2023-01-09 14:00:00
U-21505,User_U-21505,Active,2023-01-20 14:00:00
U-21507,User_U-21507,Active,2023-01-12 14:00:00
U-21508,User_U-21508,Active,2023-01-03 14:00:00
U-21509,User_U-21509,Active,2023-01-08 14:00:00
U-21510,User_U-21510,Active,2023-01-19 14:00:00
U-21511,User_U-21511,Active,2023-01-02 14:00:00
U-21512,User_U-21512,Active,2023-01-26 14:00:00
U-21514,User_U-21514,Active,2023-01-05 14:00:00
U-21516,User_U-21516,Active,2023-01-26 14:00:00
U-21521,User_U-21521,Active,2023-01-06 14:00:00
U-21523,User_U-21523,Active,2023-01-05 14:00:00
U-21525,User_U-21525,Active,2023-01-20 14:00:00
U-21526,User_U-21526,Active,2023-01-23 14:00:00
U-21527,User_U-21527,Active,2023-01-23 14:00:00
U-21528,User_U-21528,Active,2023-01-30 14:00:00
U-21529,User_U-21529,Active,2023-01-10 14:00:00
U-21530,User_U-21530,Active,2023-01-29 14:00:00
U-21531,User_U-21531,Active,2023-01-25 14:00:00
U-21534,User_U-21534,Active,2023-01-05 14:00:00
U-21538,User_U-21538,Active,2023-01-08 14:00:00
U-21540,User_U-21540,Active,2023-01-24 14:00:00
U-21541,User_U-21541,Active,2023-01-03 14:00:00
U-21542,User_U-21542,Active,2023-01-25 14:00:00
U-21543,User_U-21543,Active,2023-01-21 14:00:00
U-21544,User_U-21544,Active,2023-01-07 14:00:00
U-21547,User_U-21547,Active,2023-01-17 14:00:00
U-21548,User_U-21548,Active,2023-01-13 14:00:00
U-21549,User_U-21549,Active,2023-01-27 14:00:00
U-21551,User_U-21551,Active,2023-01-07 14:00:00
U-21553,User_U-21553,Active,2023-01-02 14:00:00
U-21555,User_U-21555,Active,2023-01-13 14:00:00
U-21556,User_U-21556,Active,2023-01-16 14:00:00
U-21557,User_U-21557,Active,2023-01-08 14:00:00
U-21558,User_U-21558,Active,2023-01-10 14:00:00
U-21563,User_U-21563,Active,2023-01-08 14:00:00
U-21564,User_U-21564,Active,2023-01-22 14:00:00
U-21565,User_U-21565,Active,2023-01-04 14:00:00
U-21566,User_U-21566,Active,2023-01-04 14:00:00
U-21567,User_U-21567,Active,2023-01-12 14:00:00
U-21570,User_U-21570,Active,2023-01-29 14:00:00
U-21571,User_U-21571,Active,2023-01-20 14:00:00
U-21572,User_U-21572,Active,2023-01-11 14:00:00
U-21573,User_U-21573,Active,2023-01-07 14:00:00
U-21575,User_U-21575,Active,2023-01-28 14:00:00
U-21577,User_U-21577,Active,2023-01-28 14:00:00
U-21578,User_U-21578,Active,2023-01-21 14:00:00
U-21579,User_U-21579,Active,2023-01-28 14:00:00
U-21580,User_U-21580,Active,2023-01-11 14:00:00
U-21581,User_U-21581,Active,2023-01-04 14:00:00
U-21582,User_U-21582,Active,2023-01-29 14:00:00
U-21583,User_U-21583,Active,2023-01-26 14:00:00
U-21585,User_U-21585,Active,2023-01-09 14:00:00
U-21586,User_U-21586,Active,2023-01-12 14:00:00
U-21587,User_U-21587,Active,2023-01-02 14:00:00
U-21588,User_U-21588,Active,2023-01-04 14:00:00
U-21589,User_U-21589,Active,2023-01-13 14:00:00
U-21590,User_U-21590,Active,2023-01-05 14:00:00
U-21592,User_U-21592,Active,2023-01-10 14:00:00
U-21593,User_U-21593,Active,2023-01-14 14:00:00
U-21594,User_U-21594,Active,2023-01-06 14:00:00
U-21595,User_U-21595,Active,2023-01-02 14:00:00
U-21597,User_U-21597,Active,2023-01-25 14:00:00
U-21598,User_U-21598,Active,2023-01-27 14:00:00
U-21602,User_U-21602,Active,2023-01-14 14:00:00
U-21605,User_U-21605,Active,2023-01-23 14:00:00
U-21606,User_U-21606,Active,2023-01-12 14:00:00
U-21608,User_U-21608,Active,2023-01-06 14:00:00
U-21609,User_U-21609,Active,2023-01-15 14:00:00
U-21610,User_U-21610,Active,2023-01-26 14:00:00
U-21613,User_U-21613,Active,2023-01-14 14:00:00
U-21615,User_U-21615,Active,2023-01-07 14:00:00
U-21618,User_U-21618,Active,2023-01-06 14:00:00
U-21619,User_U-21619,Active,2023-01-30 14:00:00
U-21623,User_U-21623,Active,2023-01-13 14:00:00
U-21624,User_U-21624,Active,2023-01-13 14:00:00
U-21627,User_U-21627,Active,2023-01-06 14:00:00
U-21629,User_U-21629,Active,2023-01-07 14:00:00
U-21630,User_U-21630,Active,2023-01-28 14:00:00
U-21633,User_U-21633,Active,2023-01-06 14:00:00
U-21635,User_U-21635,Active,2023-01-20 14:00:00
U-21638,User_U-21638,Active,2023-01-07 14:00:00
U-21639,User_U-21639,Active,2023-01-04 14:00:00
U-21640,User_U-21640,Active,2023-01-02 14:00:00
U-21641,User_U-21641,Active,2023-01-23 14:00:00
U-21644,User_U-21644,Active,2023-01-13 14:00:00
U-21645,User_U-21645,Active,2023-01-05 14:00:00
U-21646,User_U-21646,Active,2023-01-09 14:00:00
U-21649,User_U-21649,Active,2023-01-27 14:00:00
U-21650,User_U-21650,Active,2023-01-03 14:00:00
U-21653,User_U-21653,Active,2023-01-24 14:00:00
U-21655,User_U-21655,Active,2023-01-10 14:00:00
U-21656,User_U-21656,Active,2023-01-16 14:00:00
U-21658,User_U-21658,Active,2023-01-08 14:00:00
U-21659,User_U-21659,Active,2023-01-15 14:00:00
U-21660,User_U-21660,Active,2023-01-26 14:00:00
U-21661,User_U-21661,Active,2023-01-21 14:00:00
U-21663,User_U-21663,Active,2023-01-14 14:00:00
U-21664,User_U-21664,Active,2023-01-11 14:00:00
U-21670,User_U-21670,Active,2023-01-17 14:00:00
U-21671,User_U-21671,Active,2023-01-19 14:00:00
U-21672,User_U-21672,Active,2023-01-02 14:00:00
U-21674,User_U-21674,Active,2023-01-13 14:00:00
U-21677,User_U-21677,Active,2023-01-08 14:00:00
U-21678,User_U-21678,Active,2023-01-08 14:00:00
U-21679,User_U-21679,Active,2023-01-14 14:00:00
U-21681,User_U-21681,Active,2023-01-08 14:00:00
U-21682,User_U-21682,Active,2023-01-07 14:00:00
U-21683,User_U-21683,Active,2023-01-02 14:00:00
U-21687,User_U-21687,Active,2023-01-14 14:00:00
U-21689,User_U-21689,Active,2023-01-28 14:00:00
U-21690,User_U-21690,Active,2023-01-05 14:00:00
U-21691,User_U-21691,Active,2023-01-29 14:00:00
U-21692,User_U-21692,Active,2023-01-13 14:00:00
U-21693,User_U-21693,Active,2023-01-23 14:00:00
U-21694,User_U-21694,Active,2023-01-17 14:00:00
U-21695,User_U-21695,Active,2023-01-21 14:00:00
U-21698,User_U-21698,Active,2023-01-11 14:00:00
U-21699,User_U-21699,Active,2023-01-26 14:00:00
U-21700,User_U-21700,Active,2023-01-23 14:00:00
U-21701,User_U-21701,Active,2023-01-11 14:00:00
U-21703,User_U-21703,Active,2023-01-16 14:00:00
U-21704,User_U-21704,Active,2023-01-16 14:00:00
U-21705,User_U-21705,Active,2023-01-12 14:00:00
U-21707,User_U-21707,Active,2023-01-25 14:00:00
U-21708,User_U-21708,Active,2023-01-15 14:00:00
U-21710,User_U-21710,Active,2023-01-21 14:00:00
U-21714,User_U-21714,Active,2023-01-04 14:00:00
U-21716,User_U-21716,Active,2023-01-28 14:00:00
U-21717,User_U-21717,Active,2023-01-23 14:00:00
U-21720,User_U-21720,Active,2023-01-05 14:00:00
U-21721,User_U-21721,Active,2023-01-19 14:00:00
U-21722,User_U-21722,Active,2023-01-15 14:00:00
U-21723,User_U-21723,Active,2023-01-02 14:00:00
U-21724,User_U-21724,Active,2023-01-29 14:00:00
U-21726,User_U-21726,Active,2023-01-16 14:00:00
U-21728,User_U-21728,Active,2023-01-07 14:00:00
U-21730,User_U-21730,Active,2023-01-15 14:00:00
U-21732,User_U-21732,Active,2023-01-04 14:00:00
U-21734,User_U-21734,Active,2023-01-04 14:00:00
U-21735,User_U-21735,Active,2023-01-29 14:00:00
U-21736,User_U-21736,Active,2023-01-10 14:00:00
U-21737,User_U-21737,Active,2023-01-27 14:00:00
U-21739,User_U-21739,Active,2023-01-17 14:00:00
U-21742,User_U-21742,Active,2023-01-07 14:00:00
U-21745,User_U-21745,Active,2023-01-27 14:00:00
U-21746,User_U-21746,Active,2023-01-04 14:00:00
U-21750,User_U-21750,Active,2023-01-14 14:00:00
U-21751,User_U-21751,Active,2023-01-11 14:00:00
U-21753,User_U-21753,Active,2023-01-07 14:00:00
U-21754,User_U-21754,Active,2023-01-21 14:00:00
U-21757,User_U-21757,Active,2023-01-12 14:00:00
U-21758,User_U-21758,Active,2023-01-23 14:00:00
U-21759,User_U-21759,Active,2023-01-19 14:00:00
U-21760,User_U-21760,Active,2023-01-11 14:00:00
U-21761,User_U-21761,Active,2023-01-12 14:00:00
U-21762,User_U-21762,Active,2023-01-09 14:00:00
U-21763,User_U-21763,Active,2023-01-20 14:00:00
U-21765,User_U-21765,Active,2023-01-24 14:00:00
U-21767,User_U-21767,Active,2023-01-28 14:00:00
U-21768,User_U-21768,Active,2023-01-07 14:00:00
U-21769,User_U-21769,Active,2023-01-12 14:00:00
U-21772,User_U-21772,Active,2023-01-08 14:00:00
U-21773,User_U-21773,Active,2023-01-30 14:00:00
U-21776,User_U-21776,Active,2023-01-21 14:00:00
U-21778,User_U-21778,Active,2023-01-18 14:00:00
U-21780,User_U-21780,Active,2023-01-05 14:00:00
U-21781,User_U-21781,Active,2023-01-18 14:00:00
U-21782,User_U-21782,Active,2023-01-30 14:00:00
U-21787,User_U-21787,Active,2023-01-19 14:00:00
U-21788,User_U-21788,Active,2023-01-24 14:00:00
U-21789,User_U-21789,Active,2023-01-13 14:00:00
U-21790,User_U-21790,Active,2023-01-18 14:00:00
U-21792,User_U-21792,Active,2023-01-21 14:00:00
U-21793,User_U-21793,Active,2023-01-20 14:00:00
U-21794,User_U-21794,Active,2023-01-13 14:00:00
U-21795,User_U-21795,Active,2023-01-23 14:00:00
U-21797,User_U-21797,Active,2023-01-18 14:00:00
U-21798,User_U-21798,Active,2023-01-27 14:00:00
U-21799,User_U-21799,Active,2023-01-23 14:00:00
U-21800,User_U-21800,Active,2023-01-14 14:00:00
U-21802,User_U-21802,Active,2023-01-19 14:00:00
U-21803,User_U-21803,Active,2023-01-11 14:00:00
U-21805,User_U-21805,Active,2023-01-11 14:00:00
U-21806,User_U-21806,Active,2023-01-26 14:00:00
U-21807,User_U-21807,Active,2023-01-11 14:00:00
U-21808,User_U-21808,Active,2023-01-16 14:00:00
U-21813,User_U-21813,Active,2023-01-22 14:00:00
U-21815,User_U-21815,Active,2023-01-05 14:00:00
U-21818,User_U-21818,Active,2023-01-12 14:00:00
U-21821,User_U-21821,Active,2023-01-19 14:00:00
U-21822,User_U-21822,Active,2023-01-12 14:00:00
U-21824,User_U-21824,Active,2023-01-13 14:00:00
U-21825,User_U-21825,Active,2023-01-25 14:00:00
U-21826,User_U-21826,Active,2023-01-09 14:00:00
U-21827,User_U-21827,Active,2023-01-06 14:00:00
U-21828,User_U-21828,Active,2023-01-27 14:00:00
U-21829,User_U-21829,Active,2023-01-06 14:00:00
U-21831,User_U-21831,Active,2023-01-03 14:00:00
U-21833,User_U-21833,Active,2023-01-26 14:00:00
U-21834,User_U-21834,Active,2023-01-23 14:00:00
U-21836,User_U-21836,Active,2023-01-08 14:00:00
U-21837,User_U-21837,Active,2023-01-07 14:00:00
U-21838,User_U-21838,Active,2023-01-07 14:00:00
U-21840,User_U-21840,Active,2023-01-18 14:00:00
U-21842,User_U-21842,Active,2023-01-20 14:00:00
U-21843,User_U-21843,Active,2023-01-08 14:00:00
U-21845,User_U-21845,Active,2023-01-19 14:00:00
U-21846,User_U-21846,Active,2023-01-10 14:00:00
U-21847,User_U-21847,Active,2023-01-19 14:00:00
U-21848,User_U-21848,Active,2023-01-14 14:00:00
U-21850,User_U-21850,Active,2023-01-08 14:00:00
U-21852,User_U-21852,Active,2023-01-27 14:00:00
U-21853,User_U-21853,Active,2023-01-09 14:00:00
U-21855,User_U-21855,Active,2023-01-14 14:00:00
U-21858,User_U-21858,Active,2023-01-04 14:00:00
U-21860,User_U-21860,Active,2023-01-06 14:00:00
U-21862,User_U-21862,Active,2023-01-20 14:00:00
U-21865,User_U-21865,Active,2023-01-19 14:00:00
U-21867,User_U-21867,Active,2023-01-10 14:00:00
U-21868,User_U-21868,Active,2023-01-08 14:00:00
U-21869,User_U-21869,Active,2023-01-07 14:00:00
U-21871,User_U-21871,Active,2023-01-10 14:00:00
U-21874,User_U-21874,Active,2023-01-23 14:00:00
U-21875,User_U-21875,Active,2023-01-06 14:00:00
U-21876,User_U-21876,Active,2023-01-03 14:00:00
U-21877,User_U-21877,Active,2023-01-28 14:00:00
U-21878,User_U-21878,Active,2023-01-12 14:00:00
U-21881,User_U-21881,Active,2023-01-26 14:00:00
U-21882,User_U-21882,Active,2023-01-25 14:00:00
U-21884,User_U-21884,Active,2023-01-21 14:00:00
U-21887,User_U-21887,Active,2023-01-19 14:00:00
U-21888,User_U-21888,Active,2023-01-17 14:00:00
U-21890,User_U-21890,Active,2023-01-11 14:00:00
U-21891,User_U-21891,Active,2023-01-29 14:00:00
U-21893,User_U-21893,Active,2023-01-10 14:00:00
U-21896,User_U-21896,Active,2023-01-14 14:00:00
U-21897,User_U-21897,Active,2023-01-08 14:00:00
U-21900,User_U-21900,Active,2023-01-25 14:00:00
U-21902,User_U-21902,Active,2023-01-13 14:00:00
U-21903,User_U-21903,Active,2023-01-18 14:00:00
U-21904,User_U-21904,Active,2023-01-25 14:00:00
U-21905,User_U-21905,Active,2023-01-22 14:00:00
U-21907,User_U-21907,Active,2023-01-10 14:00:00
U-21908,User_U-21908,Active,2023-01-12 14:00:00
U-21910,User_U-21910,Active,2023-01-04 14:00:00
U-21911,User_U-21911,Active,2023-01-26 14:00:00
U-21912,User_U-21912,Active,2023-01-09 14:00:00
U-21913,User_U-21913,Active,2023-01-13 14:00:00
U-21915,User_U-21915,Active,2023-01-13 14:00:00
U-21916,User_U-21916,Active,2023-01-17 14:00:00
U-21917,User_U-21917,Active,2023-01-03 14:00:00
U-21918,User_U-21918,Active,2023-01-18 14:00:00
U-21919,User_U-21919,Active,2023-01-30 14:00:00
U-21921,User_U-21921,Active,2023-01-19 14:00:00
U-21922,User_U-21922,Active,2023-01-30 14:00:00
U-21923,User_U-21923,Active,2023-01-12 14:00:00
U-21924,User_U-21924,Active,2023-01-02 14:00:00
U-21925,User_U-21925,Active,2023-01-30 14:00:00
U-21927,User_U-21927,Active,2023-01-28 14:00:00
U-21933,User_U-21933,Active,2023-01-28 14:00:00
U-21937,User_U-21937,Active,2023-01-25 14:00:00
U-21938,User_U-21938,Active,2023-01-02 14:00:00
U-21939,User_U-21939,Active,2023-01-29 14:00:00
U-21941,User_U-21941,Active,2023-01-04 14:00:00
U-21942,User_U-21942,Active,2023-01-15 14:00:00
U-21945,User_U-21945,Active,2023-01-15 14:00:00
U-21946,User_U-21946,Active,2023-01-18 14:00:00
U-21947,User_U-21947,Active,2023-01-06 14:00:00
U-21950,User_U-21950,Active,2023-01-15 14:00:00
U-21951,User_U-21951,Active,2023-01-10 14:00:00
U-21952,User_U-21952,Active,2023-01-26 14:00:00
U-21953,User_U-21953,Active,2023-01-04 14:00:00
U-21954,User_U-21954,Active,2023-01-06 14:00:00
U-21957,User_U-21957,Active,2023-01-12 14:00:00
U-21958,User_U-21958,Active,2023-01-11 14:00:00
U-21960,User_U-21960,Active,2023-01-02 14:00:00
U-21961,User_U-21961,Active,2023-01-03 14:00:00
U-21962,User_U-21962,Active,2023-01-20 14:00:00
U-21963,User_U-21963,Active,2023-01-06 14:00:00
U-21964,User_U-21964,Active,2023-01-08 14:00:00
U-21965,User_U-21965,Active,2023-01-15 14:00:00
U-21972,User_U-21972,Active,2023-01-14 14:00:00
U-21973,User_U-21973,Active,2023-01-17 14:00:00
U-21975,User_U-21975,Active,2023-01-08 14:00:00
U-21976,User_U-21976,Active,2023-01-13 14:00:00
U-21977,User_U-21977,Active,2023-01-06 14:00:00
U-21978,User_U-21978,Active,2023-01-09 14:00:00
U-21980,User_U-21980,Active,2023-01-16 14:00:00
U-21983,User_U-21983,Active,2023-01-14 14:00:00
U-21986,User_U-21986,Active,2023-01-30 14:00:00
U-21987,User_U-21987,Active,2023-01-08 14:00:00
U-21989,User_U-21989,Active,2023-01-23 14:00:00
U-21990,User_U-21990,Active,2023-01-13 14:00:00
U-21993,User_U-21993,Active,2023-01-15 14:00:00
U-21995,User_U-21995,Active,2023-01-28 14:00:00
U-21996,User_U-21996,Active,2023-01-25 14:00:00
U-21998,User_U-21998,Active,2023-01-19 14:00:00
U-21999,User_U-21999,Active,2023-01-19 14:00:00
U-22002,User_U-22002,Active,2023-01-14 14:00:00
U-22003,User_U-22003,Active,2023-01-06 14:00:00
U-22004,User_U-22004,Active,2023-01-10 14:00:00
U-22006,User_U-22006,Active,2023-01-28 14:00:00
U-22008,User_U-22008,Active,2023-01-17 14:00:00
U-22011,User_U-22011,Active,2023-01-30 14:00:00
U-22012,User_U-22012,Active,2023-01-02 14:00:00
U-22014,User_U-22014,Active,2023-01-05 14:00:00
U-22018,User_U-22018,Active,2023-01-13 14:00:00
U-22019,User_U-22019,Active,2023-01-16 14:00:00
U-22020,User_U-22020,Active,2023-01-23 14:00:00
U-22021,User_U-22021,Active,2023-01-11 14:00:00
U-22023,User_U-22023,Active,2023-01-07 14:00:00
U-22024,User_U-22024,Active,2023-01-28 14:00:00
U-22026,User_U-22026,Active,2023-01-14 14:00:00
U-22027,User_U-22027,Active,2023-01-19 14:00:00
U-22028,User_U-22028,Active,2023-01-22 14:00:00
U-22029,User_U-22029,Active,2023-01-09 14:00:00
U-22033,User_U-22033,Active,2023-01-13 14:00:00
U-22034,User_U-22034,Active,2023-01-22 14:00:00
U-22036,User_U-22036,Active,2023-01-28 14:00:00
U-22037,User_U-22037,Active,2023-01-07 14:00:00
U-22041,User_U-22041,Active,2023-01-22 14:00:00
U-22043,User_U-22043,Active,2023-01-08 14:00:00
U-22044,User_U-22044,Active,2023-01-18 14:00:00
U-22046,User_U-22046,Active,2023-01-16 14:00:00
U-22048,User_U-22048,Active,2023-01-30 14:00:00
U-22049,User_U-22049,Active,2023-01-23 14:00:00
U-22050,User_U-22050,Active,2023-01-06 14:00:00
U-22051,User_U-22051,Active,2023-01-18 14:00:00
U-22052,User_U-22052,Active,2023-01-30 14:00:00
U-22054,User_U-22054,Active,2023-01-25 14:00:00
U-22055,User_U-22055,Active,2023-01-04 14:00:00
U-22057,User_U-22057,Active,2023-01-09 14:00:00
U-22058,User_U-22058,Active,2023-01-17 14:00:00
U-22059,User_U-22059,Active,2023-01-21 14:00:00
U-22060,User_U-22060,Active,2023-01-24 14:00:00
U-22062,User_U-22062,Active,2023-01-05 14:00:00
U-22066,User_U-22066,Active,2023-01-04 14:00:00
U-22067,User_U-22067,Active,2023-01-28 14:00:00
U-22068,User_U-22068,Active,2023-01-06 14:00:00
U-22071,User_U-22071,Active,2023-01-18 14:00:00
U-22072,User_U-22072,Active,2023-01-14 14:00:00
U-22073,User_U-22073,Active,2023-01-22 14:00:00
U-22079,User_U-22079,Active,2023-01-11 14:00:00
U-22080,User_U-22080,Active,2023-01-11 14:00:00
U-22081,User_U-22081,Active,2023-01-14 14:00:00
U-22083,User_U-22083,Active,2023-01-07 14:00:00
U-22085,User_U-22085,Active,2023-01-29 14:00:00
U-22087,User_U-22087,Active,2023-01-18 14:00:00
U-22088,User_U-22088,Active,2023-01-16 14:00:00
U-22089,User_U-22089,Active,2023-01-05 14:00:00
U-22090,User_U-22090,Active,2023-01-18 14:00:00
U-22091,User_U-22091,Active,2023-01-09 14:00:00
U-22092,User_U-22092,Active,2023-01-19 14:00:00
U-22096,User_U-22096,Active,2023-01-29 14:00:00
U-22098,User_U-22098,Active,2023-01-09 14:00:00
U-22099,User_U-22099,Active,2023-01-12 14:00:00
U-22100,User_U-22100,Active,2023-01-18 14:00:00
U-22101,User_U-22101,Active,2023-01-09 14:00:00
U-22104,User_U-22104,Active,2023-01-22 14:00:00
U-22105,User_U-22105,Active,2023-01-11 14:00:00
U-22107,User_U-22107,Active,2023-01-11 14:00:00
U-22108,User_U-22108,Active,2023-01-15 14:00:00
U-22109,User_U-22109,Active,2023-01-15 14:00:00
U-22110,User_U-22110,Active,2023-01-19 14:00:00
U-22111,User_U-22111,Active,2023-01-18 14:00:00
U-22113,User_U-22113,Active,2023-01-23 14:00:00
U-22116,User_U-22116,Active,2023-01-02 14:00:00
U-22119,User_U-22119,Active,2023-01-09 14:00:00
U-22122,User_U-22122,Active,2023-01-30 14:00:00
U-22123,User_U-22123,Active,2023-01-20 14:00:00
U-22124,User_U-22124,Active,2023-01-27 14:00:00
U-22126,User_U-22126,Active,2023-01-14 14:00:00
U-22128,User_U-22128,Active,2023-01-19 14:00:00
U-22129,User_U-22129,Active,2023-01-30 14:00:00
U-22130,User_U-22130,Active,2023-01-09 14:00:00
U-22131,User_U-22131,Active,2023-01-05 14:00:00
U-22132,User_U-22132,Active,2023-01-03 14:00:00
U-22134,User_U-22134,Active,2023-01-06 14:00:00
U-22135,User_U-22135,Active,2023-01-10 14:00:00
U-22136,User_U-22136,Active,2023-01-05 14:00:00
U-22141,User_U-22141,Active,2023-01-09 14:00:00
U-22144,User_U-22144,Active,2023-01-05 14:00:00
U-22145,User_U-22145,Active,2023-01-27 14:00:00
U-22146,User_U-22146,Active,2023-01-18 14:00:00
U-22147,User_U-22147,Active,2023-01-12 14:00:00
U-22151,User_U-22151,Active,2023-01-02 14:00:00
U-22152,User_U-22152,Active,2023-01-07 14:00:00
U-22153,User_U-22153,Active,2023-01-13 14:00:00
U-22155,User_U-22155,Active,2023-01-03 14:00:00
U-22156,User_U-22156,Active,2023-01-10 14:00:00
U-22159,User_U-22159,Active,2023-01-19 14:00:00
U-22161,User_U-22161,Active,2023-01-14 14:00:00
U-22163,User_U-22163,Active,2023-01-30 14:00:00
U-22165,User_U-22165,Active,2023-01-10 14:00:00
U-22166,User_U-22166,Active,2023-01-08 14:00:00
U-22168,User_U-22168,Active,2023-01-05 14:00:00
U-22169,User_U-22169,Active,2023-01-29 14:00:00
U-22170,User_U-22170,Active,2023-01-06 14:00:00
U-22171,User_U-22171,Active,2023-01-18 14:00:00
U-22174,User_U-22174,Active,2023-01-06 14:00:00
U-22175,User_U-22175,Active,2023-01-24 14:00:00
U-22176,User_U-22176,Active,2023-01-27 14:00:00
U-22179,User_U-22179,Active,2023-01-26 14:00:00
U-22182,User_U-22182,Active,2023-01-11 14:00:00
U-22184,User_U-22184,Active,2023-01-04 14:00:00
U-22189,User_U-22189,Active,2023-01-02 14:00:00
U-22192,User_U-22192,Active,2023-01-24 14:00:00
U-22193,User_U-22193,Active,2023-01-28 14:00:00
U-22195,User_U-22195,Active,2023-01-25 14:00:00
U-22197,User_U-22197,Active,2023-01-03 14:00:00
U-22198,User_U-22198,Active,2023-01-16 14:00:00
U-22199,User_U-22199,Active,2023-01-24 14:00:00
U-22206,User_U-22206,Active,2023-01-08 14:00:00
U-22208,User_U-22208,Active,2023-01-30 14:00:00
U-22209,User_U-22209,Active,2023-01-09 14:00:00
U-22210,User_U-22210,Active,2023-01-28 14:00:00
U-22212,User_U-22212,Active,2023-01-02 14:00:00
U-22213,User_U-22213,Active,2023-01-14 14:00:00
U-22214,User_U-22214,Active,2023-01-06 14:00:00
U-22217,User_U-22217,Active,2023-01-24 14:00:00
U-22220,User_U-22220,Active,2023-01-30 14:00:00
U-22221,User_U-22221,Active,2023-01-30 14:00:00
U-22223,User_U-22223,Active,2023-01-13 14:00:00
U-22224,User_U-22224,Active,2023-01-16 14:00:00
U-22226,User_U-22226,Active,2023-01-19 14:00:00
U-22227,User_U-22227,Active,2023-01-09 14:00:00
U-22229,User_U-22229,Active,2023-01-21 14:00:00
U-22232,User_U-22232,Active,2023-01-09 14:00:00
U-22233,User_U-22233,Active,2023-01-18 14:00:00
U-22234,User_U-22234,Active,2023-01-29 14:00:00
U-22237,User_U-22237,Active,2023-01-28 14:00:00
U-22238,User_U-22238,Active,2023-01-02 14:00:00
U-22240,User_U-22240,Active,2023-01-03 14:00:00
U-22241,User_U-22241,Active,2023-01-05 14:00:00
U-22245,User_U-22245,Active,2023-01-03 14:00:00
U-22246,User_U-22246,Active,2023-01-30 14:00:00
U-22247,User_U-22247,Active,2023-01-02 14:00:00
U-22248,User_U-22248,Active,2023-01-13 14:00:00
U-22249,User_U-22249,Active,2023-01-07 14:00:00
U-22251,User_U-22251,Active,2023-01-14 14:00:00
U-22254,User_U-22254,Active,2023-01-17 14:00:00
U-22255,User_U-22255,Active,2023-01-23 14:00:00
U-22259,User_U-22259,Active,2023-01-30 14:00:00
U-22260,User_U-22260,Active,2023-01-17 14:00:00
U-22261,User_U-22261,Active,2023-01-08 14:00:00
U-22262,User_U-22262,Active,2023-01-13 14:00:00
U-22263,User_U-22263,Active,2023-01-25 14:00:00
U-22269,User_U-22269,Active,2023-01-17 14:00:00
U-22270,User_U-22270,Active,2023-01-04 14:00:00
U-22271,User_U-22271,Active,2023-01-08 14:00:00
U-22272,User_U-22272,Active,2023-01-24 14:00:00
U-22275,User_U-22275,Active,2023-01-14 14:00:00
U-22276,User_U-22276,Active,2023-01-25 14:00:00
U-22277,User_U-22277,Active,2023-01-02 14:00:00
U-22278,User_U-22278,Active,2023-01-22 14:00:00
U-22279,User_U-22279,Active,2023-01-20 14:00:00
U-22281,User_U-22281,Active,2023-01-27 14:00:00
U-22282,User_U-22282,Active,2023-01-20 14:00:00
U-22283,User_U-22283,Active,2023-01-05 14:00:00
U-22284,User_U-22284,Active,2023-01-16 14:00:00
U-22285,User_U-22285,Active,2023-01-25 14:00:00
U-22286,User_U-22286,Active,2023-01-16 14:00:00
U-22288,User_U-22288,Active,2023-01-13 14:00:00
U-22289,User_U-22289,Active,2023-01-09 14:00:00
U-22290,User_U-22290,Active,2023-01-10 14:00:00
U-22292,User_U-22292,Active,2023-01-19 14:00:00
U-22293,User_U-22293,Active,2023-01-04 14:00:00
U-22297,User_U-22297,Active,2023-01-13 14:00:00
U-22298,User_U-22298,Active,2023-01-12 14:00:00
U-22300,User_U-22300,Active,2023-01-23 14:00:00
U-22301,User_U-22301,Active,2023-01-17 14:00:00
U-22303,User_U-22303,Active,2023-01-04 14:00:00
U-22305,User_U-22305,Active,2023-01-05 14:00:00
U-22308,User_U-22308,Active,2023-01-02 14:00:00
U-22310,User_U-22310,Active,2023-01-25 14:00:00
U-22311,User_U-22311,Active,2023-01-02 14:00:00
U-22312,User_U-22312,Active,2023-01-04 14:00:00
U-22313,User_U-22313,Active,2023-01-08 14:00:00
U-22315,User_U-22315,Active,2023-01-06 14:00:00
U-22318,User_U-22318,Active,2023-01-25 14:00:00
U-22320,User_U-22320,Active,2023-01-25 14:00:00
U-22321,User_U-22321,Active,2023-01-13 14:00:00
U-22322,User_U-22322,Active,2023-01-29 14:00:00
U-22323,User_U-22323,Active,2023-01-19 14:00:00
U-22327,User_U-22327,Active,2023-01-13 14:00:00
U-22329,User_U-22329,Active,2023-01-24 14:00:00
U-22333,User_U-22333,Active,2023-01-16 14:00:00
U-22334,User_U-22334,Active,2023-01-14 14:00:00
U-22336,User_U-22336,Active,2023-01-08 14:00:00
U-22337,User_U-22337,Active,2023-01-05 14:00:00
U-22338,User_U-22338,Active,2023-01-13 14:00:00
U-22339,User_U-22339,Active,2023-01-21 14:00:00
U-22341,User_U-22341,Active,2023-01-15 14:00:00
U-22343,User_U-22343,Active,2023-01-03 14:00:00
U-22344,User_U-22344,Active,2023-01-25 14:00:00
U-22345,User_U-22345,Active,2023-01-15 14:00:00
U-22348,User_U-22348,Active,2023-01-09 14:00:00
U-22350,User_U-22350,Active,2023-01-12 14:00:00
U-22351,User_U-22351,Active,2023-01-30 14:00:00
U-22352,User_U-22352,Active,2023-01-06 14:00:00
U-22355,User_U-22355,Active,2023-01-15 14:00:00
U-22358,User_U-22358,Active,2023-01-25 14:00:00
U-22361,User_U-22361,Active,2023-01-08 14:00:00
U-22362,User_U-22362,Active,2023-01-24 14:00:00
U-22364,User_U-22364,Active,2023-01-17 14:00:00
U-22366,User_U-22366,Active,2023-01-26 14:00:00
U-22368,User_U-22368,Active,2023-01-18 14:00:00
U-22371,User_U-22371,Active,2023-01-14 14:00:00
U-22374,User_U-22374,Active,2023-01-26 14:00:00
U-22375,User_U-22375,Active,2023-01-16 14:00:00
U-22376,User_U-22376,Active,2023-01-04 14:00:00
U-22380,User_U-22380,Active,2023-01-09 14:00:00
U-22381,User_U-22381,Active,2023-01-16 14:00:00
U-22383,User_U-22383,Active,2023-01-15 14:00:00
U-22385,User_U-22385,Active,2023-01-21 14:00:00
U-22386,User_U-22386,Active,2023-01-21 14:00:00
U-22389,User_U-22389,Active,2023-01-18 14:00:00
U-22391,User_U-22391,Active,2023-01-15 14:00:00
U-22392,User_U-22392,Active,2023-01-07 14:00:00
U-22393,User_U-22393,Active,2023-01-08 14:00:00
U-22395,User_U-22395,Active,2023-01-04 14:00:00
U-22397,User_U-22397,Active,2023-01-20 14:00:00
U-22398,User_U-22398,Active,2023-01-25 14:00:00
U-22399,User_U-22399,Active,2023-01-29 14:00:00
U-22400,User_U-22400,Active,2023-01-21 14:00:00
U-22402,User_U-22402,Active,2023-01-03 14:00:00
U-22403,User_U-22403,Active,2023-01-28 14:00:00
U-22405,User_U-22405,Active,2023-01-17 14:00:00
U-22406,User_U-22406,Active,2023-01-16 14:00:00
U-22407,User_U-22407,Active,2023-01-30 14:00:00
U-22409,User_U-22409,Active,2023-01-24 14:00:00
U-22410,User_U-22410,Active,2023-01-05 14:00:00
U-22412,User_U-22412,Active,2023-01-15 14:00:00
U-22413,User_U-22413,Active,2023-01-12 14:00:00
U-22414,User_U-22414,Active,2023-01-07 14:00:00
U-22415,User_U-22415,Active,2023-01-06 14:00:00
U-22418,User_U-22418,Active,2023-01-30 14:00:00
U-22419,User_U-22419,Active,2023-01-22 14:00:00
U-22420,User_U-22420,Active,2023-01-18 14:00:00
U-22421,User_U-22421,Active,2023-01-20 14:00:00
U-22422,User_U-22422,Active,2023-01-06 14:00:00
U-22424,User_U-22424,Active,2023-01-19 14:00:00
U-22425,User_U-22425,Active,2023-01-23 14:00:00
U-22426,User_U-22426,Active,2023-01-14 14:00:00
U-22428,User_U-22428,Active,2023-01-24 14:00:00
U-22432,User_U-22432,Active,2023-01-12 14:00:00
U-22433,User_U-22433,Active,2023-01-27 14:00:00
U-22438,User_U-22438,Active,2023-01-15 14:00:00
U-22439,User_U-22439,Active,2023-01-11 14:00:00
U-22440,User_U-22440,Active,2023-01-30 14:00:00
U-22442,User_U-22442,Active,2023-01-30 14:00:00
U-22443,User_U-22443,Active,2023-01-13 14:00:00
U-22444,User_U-22444,Active,2023-01-25 14:00:00
U-22445,User_U-22445,Active,2023-01-25 14:00:00
U-22446,User_U-22446,Active,2023-01-27 14:00:00
U-22448,User_U-22448,Active,2023-01-26 14:00:00
U-22450,User_U-22450,Active,2023-01-10 14:00:00
U-22451,User_U-22451,Active,2023-01-08 14:00:00
U-22452,User_U-22452,Active,2023-01-12 14:00:00
U-22454,User_U-22454,Active,2023-01-26 14:00:00
U-22459,User_U-22459,Active,2023-01-08 14:00:00
U-22460,User_U-22460,Active,2023-01-04 14:00:00
U-22461,User_U-22461,Active,2023-01-12 14:00:00
U-22462,User_U-22462,Active,2023-01-17 14:00:00
U-22463,User_U-22463,Active,2023-01-29 14:00:00
U-22464,User_U-22464,Active,2023-01-16 14:00:00
U-22465,User_U-22465,Active,2023-01-03 14:00:00
U-22467,User_U-22467,Active,2023-01-23 14:00:00
U-22468,User_U-22468,Active,2023-01-25 14:00:00
U-22469,User_U-22469,Active,2023-01-03 14:00:00
U-22470,User_U-22470,Active,2023-01-14 14:00:00
U-22471,User_U-22471,Active,2023-01-15 14:00:00
U-22472,User_U-22472,Active,2023-01-12 14:00:00
U-22473,User_U-22473,Active,2023-01-20 14:00:00
U-22475,User_U-22475,Active,2023-01-29 14:00:00
U-22477,User_U-22477,Active,2023-01-30 14:00:00
U-22479,User_U-22479,Active,2023-01-17 14:00:00
U-22480,User_U-22480,Active,2023-01-04 14:00:00
U-22481,User_U-22481,Active,2023-01-23 14:00:00
U-22482,User_U-22482,Active,2023-01-20 14:00:00
U-22487,User_U-22487,Active,2023-01-26 14:00:00
U-22488,User_U-22488,Active,2023-01-27 14:00:00
U-22489,User_U-22489,Active,2023-01-21 14:00:00
U-22494,User_U-22494,Active,2023-01-25 14:00:00
U-22495,User_U-22495,Active,2023-01-18 14:00:00
U-22497,User_U-22497,Active,2023-01-10 14:00:00
U-22498,User_U-22498,Active,2023-01-18 14:00:00
U-22501,User_U-22501,Active,2023-01-16 14:00:00
U-22503,User_U-22503,Active,2023-01-03 14:00:00
U-22504,User_U-22504,Active,2023-01-27 14:00:00
U-22505,User_U-22505,Active,2023-01-05 14:00:00
U-22506,User_U-22506,Active,2023-01-19 14:00:00
U-22510,User_U-22510,Active,2023-01-21 14:00:00
U-22512,User_U-22512,Active,2023-01-06 14:00:00
U-22513,User_U-22513,Active,2023-01-19 14:00:00
U-22514,User_U-22514,Active,2023-01-19 14:00:00
U-22516,User_U-22516,Active,2023-01-09 14:00:00
U-22517,User_U-22517,Active,2023-01-24 14:00:00
U-22518,User_U-22518,Active,2023-01-05 14:00:00
U-22521,User_U-22521,Active,2023-01-11 14:00:00
U-22523,User_U-22523,Active,2023-01-23 14:00:00
U-22524,User_U-22524,Active,2023-01-23 14:00:00
U-22526,User_U-22526,Active,2023-01-16 14:00:00
U-22528,User_U-22528,Active,2023-01-23 14:00:00
U-22530,User_U-22530,Active,2023-01-16 14:00:00
U-22532,User_U-22532,Active,2023-01-07 14:00:00
U-22533,User_U-22533,Active,2023-01-13 14:00:00
U-22534,User_U-22534,Active,2023-01-30 14:00:00
U-22537,User_U-22537,Active,2023-01-17 14:00:00
U-22538,User_U-22538,Active,2023-01-09 14:00:00
U-22539,User_U-22539,Active,2023-01-27 14:00:00
U-22542,User_U-22542,Active,2023-01-17 14:00:00
U-22544,User_U-22544,Active,2023-01-30 14:00:00
U-22545,User_U-22545,Active,2023-01-14 14:00:00
U-22546,User_U-22546,Active,2023-01-02 14:00:00
U-22547,User_U-22547,Active,2023-01-07 14:00:00
U-22552,User_U-22552,Active,2023-01-09 14:00:00
U-22554,User_U-22554,Active,2023-01-29 14:00:00
U-22555,User_U-22555,Active,2023-01-24 14:00:00
U-22557,User_U-22557,Active,2023-01-22 14:00:00
U-22559,User_U-22559,Active,2023-01-26 14:00:00
U-22561,User_U-22561,Active,2023-01-18 14:00:00
U-22562,User_U-22562,Active,2023-01-09 14:00:00
U-22563,User_U-22563,Active,2023-01-22 14:00:00
U-22564,User_U-22564,Active,2023-01-04 14:00:00
U-22568,User_U-22568,Active,2023-01-06 14:00:00
U-22570,User_U-22570,Active,2023-01-15 14:00:00
U-22571,User_U-22571,Active,2023-01-11 14:00:00
U-22573,User_U-22573,Active,2023-01-17 14:00:00
U-22574,User_U-22574,Active,2023-01-24 14:00:00
U-22575,User_U-22575,Active,2023-01-20 14:00:00
U-22578,User_U-22578,Active,2023-01-20 14:00:00
U-22580,User_U-22580,Active,2023-01-09 14:00:00
U-22583,User_U-22583,Active,2023-01-20 14:00:00
U-22584,User_U-22584,Active,2023-01-02 14:00:00
U-22585,User_U-22585,Active,2023-01-29 14:00:00
U-22589,User_U-22589,Active,2023-01-18 14:00:00
U-22590,User_U-22590,Active,2023-01-29 14:00:00
U-22592,User_U-22592,Active,2023-01-11 14:00:00
U-22593,User_U-22593,Active,2023-01-11 14:00:00
U-22594,User_U-22594,Active,2023-01-19 14:00:00
U-22595,User_U-22595,Active,2023-01-02 14:00:00
U-22597,User_U-22597,Active,2023-01-20 14:00:00
U-22598,User_U-22598,Active,2023-01-29 14:00:00
U-22599,User_U-22599,Active,2023-01-03 14:00:00
U-22600,User_U-22600,Active,2023-01-22 14:00:00
U-22601,User_U-22601,Active,2023-01-03 14:00:00
U-22604,User_U-22604,Active,2023-01-05 14:00:00
U-22605,User_U-22605,Active,2023-01-18 14:00:00
U-22606,User_U-22606,Active,2023-01-22 14:00:00
U-22608,User_U-22608,Active,2023-01-07 14:00:00
U-22610,User_U-22610,Active,2023-01-13 14:00:00
U-22611,User_U-22611,Active,2023-01-06 14:00:00
U-22612,User_U-22612,Active,2023-01-08 14:00:00
U-22614,User_U-22614,Active,2023-01-12 14:00:00
U-22619,User_U-22619,Active,2023-01-08 14:00:00
U-22622,User_U-22622,Active,2023-01-08 14:00:00
U-22624,User_U-22624,Active,2023-01-23 14:00:00
U-22625,User_U-22625,Active,2023-01-16 14:00:00
U-22628,User_U-22628,Active,2023-01-20 14:00:00
U-22629,User_U-22629,Active,2023-01-21 14:00:00
U-22630,User_U-22630,Active,2023-01-25 14:00:00
U-22631,User_U-22631,Active,2023-01-02 14:00:00
U-22635,User_U-22635,Active,2023-01-20 14:00:00
U-22639,User_U-22639,Active,2023-01-19 14:00:00
U-22640,User_U-22640,Active,2023-01-05 14:00:00
U-22643,User_U-22643,Active,2023-01-21 14:00:00
U-22645,User_U-22645,Active,2023-01-14 14:00:00
U-22647,User_U-22647,Active,2023-01-02 14:00:00
U-22648,User_U-22648,Active,2023-01-18 14:00:00
U-22649,User_U-22649,Active,2023-01-30 14:00:00
U-22650,User_U-22650,Active,2023-01-30 14:00:00
U-22653,User_U-22653,Active,2023-01-17 14:00:00
U-22656,User_U-22656,Active,2023-01-10 14:00:00
U-22658,User_U-22658,Active,2023-01-19 14:00:00
U-22660,User_U-22660,Active,2023-01-21 14:00:00
U-22664,User_U-22664,Active,2023-01-20 14:00:00
U-22667,User_U-22667,Active,2023-01-25 14:00:00
U-22668,User_U-22668,Active,2023-01-29 14:00:00
U-22670,User_U-22670,Active,2023-01-20 14:00:00
U-22672,User_U-22672,Active,2023-01-12 14:00:00
U-22673,User_U-22673,Active,2023-01-28 14:00:00
U-22675,User_U-22675,Active,2023-01-22 14:00:00
U-22676,User_U-22676,Active,2023-01-09 14:00:00
U-22677,User_U-22677,Active,2023-01-19 14:00:00
U-22678,User_U-22678,Active,2023-01-14 14:00:00
U-22679,User_U-22679,Active,2023-01-22 14:00:00
U-22681,User_U-22681,Active,2023-01-21 14:00:00
U-22682,User_U-22682,Active,2023-01-19 14:00:00
U-22685,User_U-22685,Active,2023-01-02 14:00:00
U-22687,User_U-22687,Active,2023-01-10 14:00:00
U-22688,User_U-22688,Active,2023-01-21 14:00:00
U-22689,User_U-22689,Active,2023-01-10 14:00:00
U-22691,User_U-22691,Active,2023-01-26 14:00:00
U-22692,User_U-22692,Active,2023-01-05 14:00:00
U-22693,User_U-22693,Active,2023-01-22 14:00:00
U-22696,User_U-22696,Active,2023-01-28 14:00:00
U-22699,User_U-22699,Active,2023-01-17 14:00:00
U-22700,User_U-22700,Active,2023-01-12 14:00:00
U-22701,User_U-22701,Active,2023-01-16 14:00:00
U-22702,User_U-22702,Active,2023-01-11 14:00:00
U-22703,User_U-22703,Active,2023-01-07 14:00:00
U-22704,User_U-22704,Active,2023-01-11 14:00:00
U-22706,User_U-22706,Active,2023-01-09 14:00:00
U-22708,User_U-22708,Active,2023-01-30 14:00:00
U-22711,User_U-22711,Active,2023-01-28 14:00:00
U-22712,User_U-22712,Active,2023-01-17 14:00:00
U-22714,User_U-22714,Active,2023-01-17 14:00:00
U-22717,User_U-22717,Active,2023-01-28 14:00:00
U-22718,User_U-22718,Active,2023-01-03 14:00:00
U-22720,User_U-22720,Active,2023-01-10 14:00:00
U-22722,User_U-22722,Active,2023-01-11 14:00:00
U-22724,User_U-22724,Active,2023-01-20 14:00:00
U-22725,User_U-22725,Active,2023-01-07 14:00:00
U-22726,User_U-22726,Active,2023-01-12 14:00:00
U-22728,User_U-22728,Active,2023-01-04 14:00:00
U-22729,User_U-22729,Active,2023-01-04 14:00:00
U-22730,User_U-22730,Active,2023-01-09 14:00:00
U-22731,User_U-22731,Active,2023-01-22 14:00:00
U-22733,User_U-22733,Active,2023-01-10 14:00:00
U-22737,User_U-22737,Active,2023-01-04 14:00:00
U-22739,User_U-22739,Active,2023-01-03 14:00:00
U-22741,User_U-22741,Active,2023-01-20 14:00:00
U-22742,User_U-22742,Active,2023-01-16 14:00:00
U-22744,User_U-22744,Active,2023-01-12 14:00:00
U-22746,User_U-22746,Active,2023-01-15 14:00:00
U-22748,User_U-22748,Active,2023-01-14 14:00:00
U-22750,User_U-22750,Active,2023-01-15 14:00:00
U-22752,User_U-22752,Active,2023-01-26 14:00:00
U-22753,User_U-22753,Active,2023-01-09 14:00:00
U-22755,User_U-22755,Active,2023-01-29 14:00:00
U-22756,User_U-22756,Active,2023-01-08 14:00:00
U-22758,User_U-22758,Active,2023-01-29 14:00:00
U-22760,User_U-22760,Active,2023-01-07 14:00:00
U-22761,User_U-22761,Active,2023-01-17 14:00:00
U-22763,User_U-22763,Active,2023-01-28 14:00:00
U-22764,User_U-22764,Active,2023-01-09 14:00:00
U-22767,User_U-22767,Active,2023-01-10 14:00:00
U-22768,User_U-22768,Active,2023-01-07 14:00:00
U-22769,User_U-22769,Active,2023-01-02 14:00:00
U-22770,User_U-22770,Active,2023-01-16 14:00:00
U-22772,User_U-22772,Active,2023-01-29 14:00:00
U-22773,User_U-22773,Active,2023-01-17 14:00:00
U-22774,User_U-22774,Active,2023-01-18 14:00:00
U-22775,User_U-22775,Active,2023-01-07 14:00:00
U-22777,User_U-22777,Active,2023-01-19 14:00:00
U-22781,User_U-22781,Active,2023-01-07 14:00:00
U-22782,User_U-22782,Active,2023-01-07 14:00:00
U-22784,User_U-22784,Active,2023-01-17 14:00:00
U-22785,User_U-22785,Active,2023-01-20 14:00:00
U-22788,User_U-22788,Active,2023-01-12 14:00:00
U-22789,User_U-22789,Active,2023-01-14 14:00:00
U-22792,User_U-22792,Active,2023-01-24 14:00:00
U-22796,User_U-22796,Active,2023-01-26 14:00:00
U-22797,User_U-22797,Active,2023-01-11 14:00:00
U-22798,User_U-22798,Active,2023-01-11 14:00:00
U-22799,User_U-22799,Active,2023-01-20 14:00:00
U-22801,User_U-22801,Active,2023-01-23 14:00:00
U-22807,User_U-22807,Active,2023-01-23 14:00:00
U-22808,User_U-22808,Active,2023-01-07 14:00:00
U-22809,User_U-22809,Active,2023-01-12 14:00:00
U-22810,User_U-22810,Active,2023-01-02 14:00:00
U-22815,User_U-22815,Active,2023-01-23 14:00:00
U-22816,User_U-22816,Active,2023-01-04 14:00:00
U-22817,User_U-22817,Active,2023-01-22 14:00:00
U-22819,User_U-22819,Active,2023-01-29 14:00:00
U-22823,User_U-22823,Active,2023-01-10 14:00:00
U-22826,User_U-22826,Active,2023-01-17 14:00:00
U-22827,User_U-22827,Active,2023-01-26 14:00:00
U-22829,User_U-22829,Active,2023-01-19 14:00:00
U-22831,User_U-22831,Active,2023-01-18 14:00:00
U-22832,User_U-22832,Active,2023-01-03 14:00:00
U-22833,User_U-22833,Active,2023-01-29 14:00:00
U-22835,User_U-22835,Active,2023-01-17 14:00:00
U-22836,User_U-22836,Active,2023-01-15 14:00:00
U-22837,User_U-22837,Active,2023-01-18 14:00:00
U-22838,User_U-22838,Active,2023-01-04 14:00:00
U-22841,User_U-22841,Active,2023-01-10 14:00:00
U-22842,User_U-22842,Active,2023-01-20 14:00:00
U-22843,User_U-22843,Active,2023-01-28 14:00:00
U-22844,User_U-22844,Active,2023-01-11 14:00:00
U-22845,User_U-22845,Active,2023-01-30 14:00:00
U-22848,User_U-22848,Active,2023-01-30 14:00:00
U-22850,User_U-22850,Active,2023-01-21 14:00:00
U-22851,User_U-22851,Active,2023-01-18 14:00:00
U-22853,User_U-22853,Active,2023-01-07 14:00:00
U-22855,User_U-22855,Active,2023-01-30 14:00:00
U-22856,User_U-22856,Active,2023-01-06 14:00:00
U-22859,User_U-22859,Active,2023-01-18 14:00:00
U-22861,User_U-22861,Active,2023-01-04 14:00:00
U-22863,User_U-22863,Active,2023-01-21 14:00:00
U-22864,User_U-22864,Active,2023-01-20 14:00:00
U-22865,User_U-22865,Active,2023-01-10 14:00:00
U-22866,User_U-22866,Active,2023-01-24 14:00:00
U-22867,User_U-22867,Active,2023-01-03 14:00:00
U-22868,User_U-22868,Active,2023-01-27 14:00:00
U-22871,User_U-22871,Active,2023-01-24 14:00:00
U-22872,User_U-22872,Active,2023-01-21 14:00:00
U-22873,User_U-22873,Active,2023-01-10 14:00:00
U-22874,User_U-22874,Active,2023-01-18 14:00:00
U-22875,User_U-22875,Active,2023-01-20 14:00:00
U-22878,User_U-22878,Active,2023-01-05 14:00:00
U-22879,User_U-22879,Active,2023-01-16 14:00:00
U-22880,User_U-22880,Active,2023-01-10 14:00:00
U-22883,User_U-22883,Active,2023-01-16 14:00:00
U-22884,User_U-22884,Active,2023-01-15 14:00:00
U-22886,User_U-22886,Active,2023-01-18 14:00:00
U-22888,User_U-22888,Active,2023-01-17 14:00:00
U-22889,User_U-22889,Active,2023-01-30 14:00:00
U-22892,User_U-22892,Active,2023-01-27 14:00:00
U-22893,User_U-22893,Active,2023-01-06 14:00:00
U-22894,User_U-22894,Active,2023-01-24 14:00:00
U-22895,User_U-22895,Active,2023-01-27 14:00:00
U-22897,User_U-22897,Active,2023-01-08 14:00:00
U-22898,User_U-22898,Active,2023-01-22 14:00:00
U-22900,User_U-22900,Active,2023-01-05 14:00:00
U-22901,User_U-22901,Active,2023-01-28 14:00:00
U-22902,User_U-22902,Active,2023-01-20 14:00:00
U-22903,User_U-22903,Active,2023-01-30 14:00:00
U-22905,User_U-22905,Active,2023-01-24 14:00:00
U-22906,User_U-22906,Active,2023-01-12 14:00:00
U-22907,User_U-22907,Active,2023-01-24 14:00:00
U-22908,User_U-22908,Active,2023-01-11 14:00:00
U-22910,User_U-22910,Active,2023-01-04 14:00:00
U-22911,User_U-22911,Active,2023-01-23 14:00:00
U-22913,User_U-22913,Active,2023-01-18 14:00:00
U-22915,User_U-22915,Active,2023-01-29 14:00:00
U-22916,User_U-22916,Active,2023-01-02 14:00:00
U-22921,User_U-22921,Active,2023-01-30 14:00:00
U-22923,User_U-22923,Active,2023-01-14 14:00:00
U-22927,User_U-22927,Active,2023-01-13 14:00:00
U-22929,User_U-22929,Active,2023-01-05 14:00:00
U-22930,User_U-22930,Active,2023-01-09 14:00:00
U-22932,User_U-22932,Active,2023-01-04 14:00:00
U-22933,User_U-22933,Active,2023-01-06 14:00:00
U-22934,User_U-22934,Active,2023-01-04 14:00:00
U-22936,User_U-22936,Active,2023-01-13 14:00:00
U-22937,User_U-22937,Active,2023-01-27 14:00:00
U-22938,User_U-22938,Active,2023-01-02 14:00:00
U-22939,User_U-22939,Active,2023-01-28 14:00:00
U-22941,User_U-22941,Active,2023-01-09 14:00:00
U-22942,User_U-22942,Active,2023-01-15 14:00:00
U-22944,User_U-22944,Active,2023-01-22 14:00:00
U-22945,User_U-22945,Active,2023-01-25 14:00:00
U-22949,User_U-22949,Active,2023-01-11 14:00:00
U-22950,User_U-22950,Active,2023-01-20 14:00:00
U-22951,User_U-22951,Active,2023-01-08 14:00:00
U-22952,User_U-22952,Active,2023-01-09 14:00:00
U-22954,User_U-22954,Active,2023-01-22 14:00:00
U-22956,User_U-22956,Active,2023-01-26 14:00:00
U-22957,User_U-22957,Active,2023-01-23 14:00:00
U-22958,User_U-22958,Active,2023-01-28 14:00:00
U-22960,User_U-22960,Active,2023-01-03 14:00:00
U-22963,User_U-22963,Active,2023-01-18 14:00:00
U-22964,User_U-22964,Active,2023-01-13 14:00:00
U-22965,User_U-22965,Active,2023-01-16 14:00:00
U-22967,User_U-22967,Active,2023-01-18 14:00:00
U-22968,User_U-22968,Active,2023-01-05 14:00:00
U-22971,User_U-22971,Active,2023-01-11 14:00:00
U-22973,User_U-22973,Active,2023-01-21 14:00:00
U-22974,User_U-22974,Active,2023-01-20 14:00:00
U-22975,User_U-22975,Active,2023-01-16 14:00:00
U-22976,User_U-22976,Active,2023-01-21 14:00:00
U-22980,User_U-22980,Active,2023-01-12 14:00:00
U-22981,User_U-22981,Active,2023-01-03 14:00:00
U-22982,User_U-22982,Active,2023-01-02 14:00:00
U-22983,User_U-22983,Active,2023-01-17 14:00:00
U-22985,User_U-22985,Active,2023-01-12 14:00:00
U-22986,User_U-22986,Active,2023-01-17 14:00:00
U-22987,User_U-22987,Active,2023-01-09 14:00:00
U-22988,User_U-22988,Active,2023-01-20 14:00:00
U-22989,User_U-22989,Active,2023-01-14 14:00:00
U-22991,User_U-22991,Active,2023-01-11 14:00:00
U-22992,User_U-22992,Active,2023-01-24 14:00:00
U-22993,User_U-22993,Active,2023-01-29 14:00:00
U-22994,User_U-22994,Active,2023-01-14 14:00:00
U-22996,User_U-22996,Active,2023-01-15 14:00:00
U-22997,User_U-22997,Active,2023-01-09 14:00:00
U-22999,User_U-22999,Active,2023-01-11 14:00:00
U-23000,User_U-23000,Active,2023-01-04 14:00:00
U-23001,User_U-23001,Active,2023-01-08 14:00:00
U-23005,User_U-23005,Active,2023-01-22 14:00:00
U-23007,User_U-23007,Active,2023-01-18 14:00:00
U-23008,User_U-23008,Active,2023-01-17 14:00:00
U-23009,User_U-23009,Active,2023-01-06 14:00:00
U-23013,User_U-23013,Active,2023-01-21 14:00:00
U-23014,User_U-23014,Active,2023-01-26 14:00:00
U-23015,User_U-23015,Active,2023-01-02 14:00:00
U-23016,User_U-23016,Active,2023-01-09 14:00:00
U-23018,User_U-23018,Active,2023-01-11 14:00:00
U-23019,User_U-23019,Active,2023-01-15 14:00:00
U-23020,User_U-23020,Active,2023-01-26 14:00:00
U-23021,User_U-23021,Active,2023-01-25 14:00:00
U-23024,User_U-23024,Active,2023-01-13 14:00:00
U-23025,User_U-23025,Active,2023-01-29 14:00:00
U-23026,User_U-23026,Active,2023-01-07 14:00:00
U-23027,User_U-23027,Active,2023-01-08 14:00:00
U-23029,User_U-23029,Active,2023-01-06 14:00:00
U-23031,User_U-23031,Active,2023-01-16 14:00:00
U-23032,User_U-23032,Active,2023-01-04 14:00:00
U-23033,User_U-23033,Active,2023-01-14 14:00:00
U-23035,User_U-23035,Active,2023-01-08 14:00:00
U-23039,User_U-23039,Active,2023-01-19 14:00:00
U-23041,User_U-23041,Active,2023-01-05 14:00:00
U-23042,User_U-23042,Active,2023-01-24 14:00:00
U-23043,User_U-23043,Active,2023-01-09 14:00:00
U-23044,User_U-23044,Active,2023-01-29 14:00:00
U-23047,User_U-23047,Active,2023-01-24 14:00:00
U-23052,User_U-23052,Active,2023-01-08 14:00:00
U-23053,User_U-23053,Active,2023-01-21 14:00:00
U-23054,User_U-23054,Active,2023-01-11 14:00:00
U-23055,User_U-23055,Active,2023-01-28 14:00:00
U-23056,User_U-23056,Active,2023-01-16 14:00:00
U-23057,User_U-23057,Active,2023-01-29 14:00:00
U-23058,User_U-23058,Active,2023-01-27 14:00:00
U-23059,User_U-23059,Active,2023-01-18 14:00:00
U-23063,User_U-23063,Active,2023-01-03 14:00:00
U-23068,User_U-23068,Active,2023-01-11 14:00:00
U-23069,User_U-23069,Active,2023-01-30 14:00:00
U-23070,User_U-23070,Active,2023-01-20 14:00:00
U-23073,User_U-23073,Active,2023-01-25 14:00:00
U-23075,User_U-23075,Active,2023-01-27 14:00:00
U-23076,User_U-23076,Active,2023-01-11 14:00:00
U-23077,User_U-23077,Active,2023-01-09 14:00:00
U-23078,User_U-23078,Active,2023-01-28 14:00:00
U-23081,User_U-23081,Active,2023-01-12 14:00:00
U-23083,User_U-23083,Active,2023-01-19 14:00:00
U-23084,User_U-23084,Active,2023-01-09 14:00:00
U-23085,User_U-23085,Active,2023-01-21 14:00:00
U-23086,User_U-23086,Active,2023-01-30 14:00:00
U-23087,User_U-23087,Active,2023-01-02 14:00:00
U-23089,User_U-23089,Active,2023-01-26 14:00:00
U-23090,User_U-23090,Active,2023-01-22 14:00:00
U-23091,User_U-23091,Active,2023-01-06 14:00:00
U-23093,User_U-23093,Active,2023-01-27 14:00:00
U-23094,User_U-23094,Active,2023-01-20 14:00:00
U-23097,User_U-23097,Active,2023-01-07 14:00:00
U-23098,User_U-23098,Active,2023-01-27 14:00:00
U-23099,User_U-23099,Active,2023-01-18 14:00:00
U-23101,User_U-23101,Active,2023-01-24 14:00:00
U-23102,User_U-23102,Active,2023-01-20 14:00:00
U-23104,User_U-23104,Active,2023-01-08 14:00:00
U-23105,User_U-23105,Active,2023-01-15 14:00:00
U-23107,User_U-23107,Active,2023-01-28 14:00:00
U-23108,User_U-23108,Active,2023-01-29 14:00:00
U-23109,User_U-23109,Active,2023-01-07 14:00:00
U-23111,User_U-23111,Active,2023-01-08 14:00:00
U-23113,User_U-23113,Active,2023-01-16 14:00:00
U-23114,User_U-23114,Active,2023-01-11 14:00:00
U-23115,User_U-23115,Active,2023-01-11 14:00:00
U-23116,User_U-23116,Active,2023-01-23 14:00:00
U-23117,User_U-23117,Active,2023-01-08 14:00:00
U-23118,User_U-23118,Active,2023-01-17 14:00:00
U-23120,User_U-23120,Active,2023-01-23 14:00:00
U-23121,User_U-23121,Active,2023-01-23 14:00:00
U-23124,User_U-23124,Active,2023-01-04 14:00:00
U-23125,User_U-23125,Active,2023-01-09 14:00:00
U-23126,User_U-23126,Active,2023-01-13 14:00:00
U-23127,User_U-23127,Active,2023-01-13 14:00:00
U-23128,User_U-23128,Active,2023-01-22 14:00:00
U-23132,User_U-23132,Active,2023-01-05 14:00:00
U-23135,User_U-23135,Active,2023-01-12 14:00:00
U-23136,User_U-23136,Active,2023-01-09 14:00:00
U-23137,User_U-23137,Active,2023-01-09 14:00:00
U-23141,User_U-23141,Active,2023-01-15 14:00:00
U-23143,User_U-23143,Active,2023-01-25 14:00:00
U-23145,User_U-23145,Active,2023-01-26 14:00:00
U-23146,User_U-23146,Active,2023-01-15 14:00:00
U-23147,User_U-23147,Active,2023-01-08 14:00:00
U-23148,User_U-23148,Active,2023-01-30 14:00:00
U-23150,User_U-23150,Active,2023-01-03 14:00:00
U-23151,User_U-23151,Active,2023-01-21 14:00:00
U-23153,User_U-23153,Active,2023-01-30 14:00:00
U-23154,User_U-23154,Active,2023-01-14 14:00:00
U-23156,User_U-23156,Active,2023-01-19 14:00:00
U-23157,User_U-23157,Active,2023-01-06 14:00:00
U-23158,User_U-23158,Active,2023-01-24 14:00:00
U-23159,User_U-23159,Active,2023-01-03 14:00:00
U-23160,User_U-23160,Active,2023-01-27 14:00:00
U-23163,User_U-23163,Active,2023-01-30 14:00:00
U-23164,User_U-23164,Active,2023-01-04 14:00:00
U-23165,User_U-23165,Active,2023-01-03 14:00:00
U-23166,User_U-23166,Active,2023-01-25 14:00:00
U-23168,User_U-23168,Active,2023-01-20 14:00:00
U-23172,User_U-23172,Active,2023-01-27 14:00:00
U-23173,User_U-23173,Active,2023-01-29 14:00:00
U-23177,User_U-23177,Active,2023-01-11 14:00:00
U-23178,User_U-23178,Active,2023-01-19 14:00:00
U-23179,User_U-23179,Active,2023-01-18 14:00:00
U-23182,User_U-23182,Active,2023-01-27 14:00:00
U-23187,User_U-23187,Active,2023-01-27 14:00:00
U-23188,User_U-23188,Active,2023-01-11 14:00:00
U-23189,User_U-23189,Active,2023-01-14 14:00:00
U-23190,User_U-23190,Active,2023-01-14 14:00:00
U-23191,User_U-23191,Active,2023-01-22 14:00:00
U-23192,User_U-23192,Active,2023-01-16 14:00:00
U-23194,User_U-23194,Active,2023-01-08 14:00:00
U-23195,User_U-23195,Active,2023-01-03 14:00:00
U-23196,User_U-23196,Active,2023-01-19 14:00:00
U-23197,User_U-23197,Active,2023-01-11 14:00:00
U-23198,User_U-23198,Active,2023-01-12 14:00:00
U-23199,User_U-23199,Active,2023-01-03 14:00:00
U-23200,User_U-23200,Active,2023-01-28 14:00:00
U-23203,User_U-23203,Active,2023-01-30 14:00:00
U-23204,User_U-23204,Active,2023-01-28 14:00:00
U-23208,User_U-23208,Active,2023-01-20 14:00:00
U-23209,User_U-23209,Active,2023-01-21 14:00:00
U-23211,User_U-23211,Active,2023-01-24 14:00:00
U-23212,User_U-23212,Active,2023-01-13 14:00:00
U-23213,User_U-23213,Active,2023-01-17 14:00:00
U-23214,User_U-23214,Active,2023-01-07 14:00:00
U-23215,User_U-23215,Active,2023-01-28 14:00:00
U-23217,User_U-23217,Active,2023-01-25 14:00:00
U-23218,User_U-23218,Active,2023-01-27 14:00:00
U-23220,User_U-23220,Active,2023-01-27 14:00:00
U-23221,User_U-23221,Active,2023-01-23 14:00:00
U-23222,User_U-23222,Active,2023-01-24 14:00:00
U-23225,User_U-23225,Active,2023-01-06 14:00:00
U-23226,User_U-23226,Active,2023-01-16 14:00:00
U-23227,User_U-23227,Active,2023-01-28 14:00:00
U-23229,User_U-23229,Active,2023-01-02 14:00:00
U-23231,User_U-23231,Active,2023-01-22 14:00:00
U-23232,User_U-23232,Active,2023-01-09 14:00:00
U-23234,User_U-23234,Active,2023-01-09 14:00:00
U-23235,User_U-23235,Active,2023-01-08 14:00:00
U-23237,User_U-23237,Active,2023-01-12 14:00:00
U-23238,User_U-23238,Active,2023-01-25 14:00:00
U-23240,User_U-23240,Active,2023-01-27 14:00:00
U-23241,User_U-23241,Active,2023-01-30 14:00:00
U-23243,User_U-23243,Active,2023-01-26 14:00:00
U-23245,User_U-23245,Active,2023-01-09 14:00:00
U-23246,User_U-23246,Active,2023-01-02 14:00:00
U-23247,User_U-23247,Active,2023-01-11 14:00:00
U-23250,User_U-23250,Active,2023-01-12 14:00:00
U-23251,User_U-23251,Active,2023-01-15 14:00:00
U-23252,User_U-23252,Active,2023-01-02 14:00:00
U-23253,User_U-23253,Active,2023-01-17 14:00:00
U-23254,User_U-23254,Active,2023-01-07 14:00:00
U-23257,User_U-23257,Active,2023-01-09 14:00:00
U-23258,User_U-23258,Active,2023-01-09 14:00:00
U-23260,User_U-23260,Active,2023-01-06 14:00:00
U-23261,User_U-23261,Active,2023-01-19 14:00:00
U-23262,User_U-23262,Active,2023-01-29 14:00:00
U-23263,User_U-23263,Active,2023-01-04 14:00:00
U-23264,User_U-23264,Active,2023-01-30 14:00:00
U-23265,User_U-23265,Active,2023-01-22 14:00:00
U-23269,User_U-23269,Active,2023-01-23 14:00:00
U-23271,User_U-23271,Active,2023-01-07 14:00:00
U-23272,User_U-23272,Active,2023-01-11 14:00:00
U-23275,User_U-23275,Active,2023-01-12 14:00:00
U-23276,User_U-23276,Active,2023-01-15 14:00:00
U-23281,User_U-23281,Active,2023-01-22 14:00:00
U-23282,User_U-23282,Active,2023-01-21 14:00:00
U-23283,User_U-23283,Active,2023-01-11 14:00:00
U-23284,User_U-23284,Active,2023-01-06 14:00:00
U-23286,User_U-23286,Active,2023-01-19 14:00:00
U-23287,User_U-23287,Active,2023-01-22 14:00:00
U-23289,User_U-23289,Active,2023-01-29 14:00:00
U-23292,User_U-23292,Active,2023-01-10 14:00:00
U-23293,User_U-23293,Active,2023-01-23 14:00:00
U-23294,User_U-23294,Active,2023-01-16 14:00:00
U-23296,User_U-23296,Active,2023-01-09 14:00:00
U-23297,User_U-23297,Active,2023-01-30 14:00:00
U-23298,User_U-23298,Active,2023-01-24 14:00:00
U-23299,User_U-23299,Active,2023-01-25 14:00:00
U-23300,User_U-23300,Active,2023-01-26 14:00:00
U-23301,User_U-23301,Active,2023-01-08 14:00:00
U-23302,User_U-23302,Active,2023-01-26 14:00:00
U-23304,User_U-23304,Active,2023-01-30 14:00:00
U-23306,User_U-23306,Active,2023-01-25 14:00:00
U-23307,User_U-23307,Active,2023-01-13 14:00:00
U-23308,User_U-23308,Active,2023-01-21 14:00:00
U-23309,User_U-23309,Active,2023-01-25 14:00:00
U-23310,User_U-23310,Active,2023-01-08 14:00:00
U-23311,User_U-23311,Active,2023-01-09 14:00:00
U-23313,User_U-23313,Active,2023-01-20 14:00:00
U-23315,User_U-23315,Active,2023-01-07 14:00:00
U-23322,User_U-23322,Active,2023-01-14 14:00:00
U-23323,User_U-23323,Active,2023-01-07 14:00:00
U-23324,User_U-23324,Active,2023-01-29 14:00:00
U-23325,User_U-23325,Active,2023-01-04 14:00:00
U-23331,User_U-23331,Active,2023-01-12 14:00:00
U-23333,User_U-23333,Active,2023-01-03 14:00:00
U-23334,User_U-23334,Active,2023-01-13 14:00:00
U-23335,User_U-23335,Active,2023-01-30 14:00:00
U-23336,User_U-23336,Active,2023-01-13 14:00:00
U-23338,User_U-23338,Active,2023-01-24 14:00:00
U-23339,User_U-23339,Active,2023-01-20 14:00:00
U-23341,User_U-23341,Active,2023-01-18 14:00:00
U-23348,User_U-23348,Active,2023-01-28 14:00:00
U-23350,User_U-23350,Active,2023-01-25 14:00:00
U-23351,User_U-23351,Active,2023-01-25 14:00:00
U-23352,User_U-23352,Active,2023-01-11 14:00:00
U-23355,User_U-23355,Active,2023-01-15 14:00:00
U-23356,User_U-23356,Active,2023-01-11 14:00:00
U-23357,User_U-23357,Active,2023-01-17 14:00:00
U-23359,User_U-23359,Active,2023-01-24 14:00:00
U-23360,User_U-23360,Active,2023-01-22 14:00:00
U-23361,User_U-23361,Active,2023-01-24 14:00:00
U-23362,User_U-23362,Active,2023-01-22 14:00:00
U-23368,User_U-23368,Active,2023-01-17 14:00:00
U-23369,User_U-23369,Active,2023-01-16 14:00:00
U-23370,User_U-23370,Active,2023-01-27 14:00:00
U-23371,User_U-23371,Active,2023-01-04 14:00:00
U-23372,User_U-23372,Active,2023-01-07 14:00:00
U-23373,User_U-23373,Active,2023-01-12 14:00:00
U-23374,User_U-23374,Active,2023-01-11 14:00:00
U-23375,User_U-23375,Active,2023-01-15 14:00:00
U-23376,User_U-23376,Active,2023-01-25 14:00:00
U-23377,User_U-23377,Active,2023-01-30 14:00:00
U-23378,User_U-23378,Active,2023-01-03 14:00:00
U-23379,User_U-23379,Active,2023-01-13 14:00:00
U-23380,User_U-23380,Active,2023-01-07 14:00:00
U-23383,User_U-23383,Active,2023-01-06 14:00:00
U-23384,User_U-23384,Active,2023-01-30 14:00:00
U-23385,User_U-23385,Active,2023-01-27 14:00:00
U-23386,User_U-23386,Active,2023-01-14 14:00:00
U-23387,User_U-23387,Active,2023-01-23 14:00:00
U-23388,User_U-23388,Active,2023-01-04 14:00:00
U-23390,User_U-23390,Active,2023-01-19 14:00:00
U-23394,User_U-23394,Active,2023-01-02 14:00:00
U-23395,User_U-23395,Active,2023-01-24 14:00:00
U-23397,User_U-23397,Active,2023-01-30 14:00:00
U-23399,User_U-23399,Active,2023-01-05 14:00:00
U-23400,User_U-23400,Active,2023-01-20 14:00:00
U-23401,User_U-23401,Active,2023-01-06 14:00:00
U-23402,User_U-23402,Active,2023-01-12 14:00:00
U-23403,User_U-23403,Active,2023-01-27 14:00:00
U-23405,User_U-23405,Active,2023-01-19 14:00:00
U-23406,User_U-23406,Active,2023-01-07 14:00:00
U-23408,User_U-23408,Active,2023-01-19 14:00:00
U-23409,User_U-23409,Active,2023-01-07 14:00:00
U-23412,User_U-23412,Active,2023-01-05 14:00:00
U-23413,User_U-23413,Active,2023-01-16 14:00:00
U-23416,User_U-23416,Active,2023-01-21 14:00:00
U-23420,User_U-23420,Active,2023-01-03 14:00:00
U-23421,User_U-23421,Active,2023-01-05 14:00:00
U-23422,User_U-23422,Active,2023-01-30 14:00:00
U-23423,User_U-23423,Active,2023-01-22 14:00:00
U-23424,User_U-23424,Active,2023-01-16 14:00:00
U-23425,User_U-23425,Active,2023-01-10 14:00:00
U-23427,User_U-23427,Active,2023-01-15 14:00:00
U-23433,User_U-23433,Active,2023-01-18 14:00:00
U-23435,User_U-23435,Active,2023-01-04 14:00:00
U-23439,User_U-23439,Active,2023-01-28 14:00:00
U-23442,User_U-23442,Active,2023-01-28 14:00:00
U-23444,User_U-23444,Active,2023-01-11 14:00:00
U-23446,User_U-23446,Active,2023-01-15 14:00:00
U-23447,User_U-23447,Active,2023-01-19 14:00:00
U-23448,User_U-23448,Active,2023-01-29 14:00:00
U-23449,User_U-23449,Active,2023-01-22 14:00:00
U-23450,User_U-23450,Active,2023-01-18 14:00:00
U-23451,User_U-23451,Active,2023-01-16 14:00:00
U-23453,User_U-23453,Active,2023-01-28 14:00:00
U-23459,User_U-23459,Active,2023-01-06 14:00:00
U-23461,User_U-23461,Active,2023-01-23 14:00:00
U-23464,User_U-23464,Active,2023-01-19 14:00:00
U-23467,User_U-23467,Active,2023-01-06 14:00:00
U-23468,User_U-23468,Active,2023-01-26 14:00:00
U-23469,User_U-23469,Active,2023-01-08 14:00:00
U-23470,User_U-23470,Active,2023-01-27 14:00:00
U-23471,User_U-23471,Active,2023-01-21 14:00:00
U-23473,User_U-23473,Active,2023-01-29 14:00:00
U-23474,User_U-23474,Active,2023-01-30 14:00:00
U-23479,User_U-23479,Active,2023-01-18 14:00:00
U-23483,User_U-23483,Active,2023-01-19 14:00:00
U-23485,User_U-23485,Active,2023-01-09 14:00:00
U-23487,User_U-23487,Active,2023-01-07 14:00:00
U-23488,User_U-23488,Active,2023-01-14 14:00:00
U-23489,User_U-23489,Active,2023-01-12 14:00:00
U-23494,User_U-23494,Active,2023-01-24 14:00:00
U-23495,User_U-23495,Active,2023-01-10 14:00:00
U-23496,User_U-23496,Active,2023-01-17 14:00:00
U-23497,User_U-23497,Active,2023-01-22 14:00:00
U-23504,User_U-23504,Active,2023-01-13 14:00:00
U-23507,User_U-23507,Active,2023-01-24 14:00:00
U-23509,User_U-23509,Active,2023-01-25 14:00:00
U-23513,User_U-23513,Active,2023-01-15 14:00:00
U-23514,User_U-23514,Active,2023-01-28 14:00:00
U-23516,User_U-23516,Active,2023-01-06 14:00:00
U-23519,User_U-23519,Active,2023-01-18 14:00:00
U-23520,User_U-23520,Active,2023-01-05 14:00:00
U-23521,User_U-23521,Active,2023-01-08 14:00:00
U-23523,User_U-23523,Active,2023-01-19 14:00:00
U-23525,User_U-23525,Active,2023-01-15 14:00:00
U-23526,User_U-23526,Active,2023-01-11 14:00:00
U-23527,User_U-23527,Active,2023-01-29 14:00:00
U-23530,User_U-23530,Active,2023-01-28 14:00:00
U-23531,User_U-23531,Active,2023-01-21 14:00:00
U-23533,User_U-23533,Active,2023-01-21 14:00:00
U-23534,User_U-23534,Active,2023-01-25 14:00:00
U-23536,User_U-23536,Active,2023-01-26 14:00:00
U-23537,User_U-23537,Active,2023-01-16 14:00:00
U-23539,User_U-23539,Active,2023-01-22 14:00:00
U-23542,User_U-23542,Active,2023-01-21 14:00:00
U-23551,User_U-23551,Active,2023-01-20 14:00:00
U-23552,User_U-23552,Active,2023-01-09 14:00:00
U-23554,User_U-23554,Active,2023-01-08 14:00:00
U-23556,User_U-23556,Active,2023-01-08 14:00:00
U-23557,User_U-23557,Active,2023-01-06 14:00:00
U-23558,User_U-23558,Active,2023-01-04 14:00:00
U-23559,User_U-23559,Active,2023-01-28 14:00:00
U-23561,User_U-23561,Active,2023-01-12 14:00:00
U-23562,User_U-23562,Active,2023-01-19 14:00:00
U-23563,User_U-23563,Active,2023-01-03 14:00:00
U-23565,User_U-23565,Active,2023-01-21 14:00:00
U-23566,User_U-23566,Active,2023-01-11 14:00:00
U-23567,User_U-23567,Active,2023-01-08 14:00:00
U-23569,User_U-23569,Active,2023-01-29 14:00:00
U-23570,User_U-23570,Active,2023-01-12 14:00:00
U-23571,User_U-23571,Active,2023-01-28 14:00:00
U-23572,User_U-23572,Active,2023-01-22 14:00:00
U-23575,User_U-23575,Active,2023-01-26 14:00:00
U-23576,User_U-23576,Active,2023-01-06 14:00:00
U-23577,User_U-23577,Active,2023-01-16 14:00:00
U-23578,User_U-23578,Active,2023-01-05 14:00:00
U-23579,User_U-23579,Active,2023-01-20 14:00:00
U-23580,User_U-23580,Active,2023-01-16 14:00:00
U-23582,User_U-23582,Active,2023-01-02 14:00:00
U-23583,User_U-23583,Active,2023-01-26 14:00:00
U-23584,User_U-23584,Active,2023-01-11 14:00:00
U-23585,User_U-23585,Active,2023-01-16 14:00:00
U-23586,User_U-23586,Active,2023-01-19 14:00:00
U-23590,User_U-23590,Active,2023-01-26 14:00:00
U-23591,User_U-23591,Active,2023-01-10 14:00:00
U-23593,User_U-23593,Active,2023-01-19 14:00:00
U-23594,User_U-23594,Active,2023-01-24 14:00:00
U-23596,User_U-23596,Active,2023-01-20 14:00:00
U-23598,User_U-23598,Active,2023-01-13 14:00:00
U-23599,User_U-23599,Active,2023-01-08 14:00:00
U-23600,User_U-23600,Active,2023-01-07 14:00:00
U-23601,User_U-23601,Active,2023-01-09 14:00:00
U-23602,User_U-23602,Active,2023-01-19 14:00:00
U-23603,User_U-23603,Active,2023-01-05 14:00:00
U-23604,User_U-23604,Active,2023-01-05 14:00:00
U-23608,User_U-23608,Active,2023-01-22 14:00:00
U-23609,User_U-23609,Active,2023-01-21 14:00:00
U-23610,User_U-23610,Active,2023-01-17 14:00:00
U-23611,User_U-23611,Active,2023-01-15 14:00:00
U-23620,User_U-23620,Active,2023-01-18 14:00:00
U-23621,User_U-23621,Active,2023-01-14 14:00:00
U-23622,User_U-23622,Active,2023-01-04 14:00:00
U-23623,User_U-23623,Active,2023-01-28 14:00:00
U-23624,User_U-23624,Active,2023-01-16 14:00:00
U-23625,User_U-23625,Active,2023-01-28 14:00:00
U-23631,User_U-23631,Active,2023-01-29 14:00:00
U-23633,User_U-23633,Active,2023-01-12 14:00:00
U-23634,User_U-23634,Active,2023-01-24 14:00:00
U-23635,User_U-23635,Active,2023-01-09 14:00:00
U-23637,User_U-23637,Active,2023-01-25 14:00:00
U-23639,User_U-23639,Active,2023-01-15 14:00:00
U-23640,User_U-23640,Active,2023-01-30 14:00:00
U-23642,User_U-23642,Active,2023-01-18 14:00:00
U-23643,User_U-23643,Active,2023-01-17 14:00:00
U-23646,User_U-23646,Active,2023-01-22 14:00:00
U-23647,User_U-23647,Active,2023-01-22 14:00:00
U-23648,User_U-23648,Active,2023-01-28 14:00:00
U-23650,User_U-23650,Active,2023-01-11 14:00:00
U-23652,User_U-23652,Active,2023-01-03 14:00:00
U-23653,User_U-23653,Active,2023-01-23 14:00:00
U-23655,User_U-23655,Active,2023-01-19 14:00:00
U-23656,User_U-23656,Active,2023-01-20 14:00:00
U-23659,User_U-23659,Active,2023-01-02 14:00:00
U-23660,User_U-23660,Active,2023-01-24 14:00:00
U-23663,User_U-23663,Active,2023-01-28 14:00:00
U-23664,User_U-23664,Active,2023-01-15 14:00:00
U-23665,User_U-23665,Active,2023-01-21 14:00:00
U-23666,User_U-23666,Active,2023-01-27 14:00:00
U-23668,User_U-23668,Active,2023-01-18 14:00:00
U-23669,User_U-23669,Active,2023-01-22 14:00:00
U-23670,User_U-23670,Active,2023-01-27 14:00:00
U-23671,User_U-23671,Active,2023-01-06 14:00:00
U-23672,User_U-23672,Active,2023-01-11 14:00:00
U-23673,User_U-23673,Active,2023-01-04 14:00:00
U-23674,User_U-23674,Active,2023-01-11 14:00:00
U-23675,User_U-23675,Active,2023-01-05 14:00:00
U-23676,User_U-23676,Active,2023-01-11 14:00:00
U-23677,User_U-23677,Active,2023-01-02 14:00:00
U-23678,User_U-23678,Active,2023-01-08 14:00:00
U-23679,User_U-23679,Active,2023-01-29 14:00:00
U-23680,User_U-23680,Active,2023-01-21 14:00:00
U-23681,User_U-23681,Active,2023-01-29 14:00:00
U-23682,User_U-23682,Active,2023-01-29 14:00:00
U-23683,User_U-23683,Active,2023-01-27 14:00:00
U-23685,User_U-23685,Active,2023-01-30 14:00:00
U-23689,User_U-23689,Active,2023-01-22 14:00:00
U-23691,User_U-23691,Active,2023-01-17 14:00:00
U-23692,User_U-23692,Active,2023-01-17 14:00:00
U-23693,User_U-23693,Active,2023-01-19 14:00:00
U-23697,User_U-23697,Active,2023-01-16 14:00:00
U-23698,User_U-23698,Active,2023-01-16 14:00:00
U-23701,User_U-23701,Active,2023-01-29 14:00:00
U-23702,User_U-23702,Active,2023-01-28 14:00:00
U-23703,User_U-23703,Active,2023-01-25 14:00:00
U-23705,User_U-23705,Active,2023-01-04 14:00:00
U-23707,User_U-23707,Active,2023-01-14 14:00:00
U-23711,User_U-23711,Active,2023-01-13 14:00:00
U-23712,User_U-23712,Active,2023-01-23 14:00:00
U-23714,User_U-23714,Active,2023-01-08 14:00:00
U-23715,User_U-23715,Active,2023-01-19 14:00:00
U-23716,User_U-23716,Active,2023-01-30 14:00:00
U-23718,User_U-23718,Active,2023-01-06 14:00:00
U-23719,User_U-23719,Active,2023-01-17 14:00:00
U-23720,User_U-23720,Active,2023-01-30 14:00:00
U-23722,User_U-23722,Active,2023-01-27 14:00:00
U-23723,User_U-23723,Active,2023-01-18 14:00:00
U-23724,User_U-23724,Active,2023-01-30 14:00:00
U-23726,User_U-23726,Active,2023-01-12 14:00:00
U-23727,User_U-23727,Active,2023-01-10 14:00:00
U-23729,User_U-23729,Active,2023-01-04 14:00:00
U-23730,User_U-23730,Active,2023-01-18 14:00:00
U-23736,User_U-23736,Active,2023-01-26 14:00:00
U-23738,User_U-23738,Active,2023-01-07 14:00:00
U-23740,User_U-23740,Active,2023-01-14 14:00:00
U-23741,User_U-23741,Active,2023-01-21 14:00:00
U-23742,User_U-23742,Active,2023-01-22 14:00:00
U-23744,User_U-23744,Active,2023-01-28 14:00:00
U-23745,User_U-23745,Active,2023-01-17 14:00:00
U-23753,User_U-23753,Active,2023-01-30 14:00:00
U-23757,User_U-23757,Active,2023-01-14 14:00:00
U-23762,User_U-23762,Active,2023-01-28 14:00:00
U-23763,User_U-23763,Active,2023-01-03 14:00:00
U-23766,User_U-23766,Active,2023-01-08 14:00:00
U-23767,User_U-23767,Active,2023-01-12 14:00:00
U-23770,User_U-23770,Active,2023-01-15 14:00:00
U-23771,User_U-23771,Active,2023-01-27 14:00:00
U-23772,User_U-23772,Active,2023-01-17 14:00:00
U-23774,User_U-23774,Active,2023-01-12 14:00:00
U-23776,User_U-23776,Active,2023-01-04 14:00:00
U-23777,User_U-23777,Active,2023-01-25 14:00:00
U-23778,User_U-23778,Active,2023-01-06 14:00:00
U-23779,User_U-23779,Active,2023-01-06 14:00:00
U-23780,User_U-23780,Active,2023-01-26 14:00:00
U-23781,User_U-23781,Active,2023-01-11 14:00:00
U-23783,User_U-23783,Active,2023-01-26 14:00:00
U-23784,User_U-23784,Active,2023-01-25 14:00:00
U-23785,User_U-23785,Active,2023-01-18 14:00:00
U-23788,User_U-23788,Active,2023-01-15 14:00:00
U-23792,User_U-23792,Active,2023-01-12 14:00:00
U-23794,User_U-23794,Active,2023-01-28 14:00:00
U-23795,User_U-23795,Active,2023-01-02 14:00:00
U-23797,User_U-23797,Active,2023-01-21 14:00:00
U-23798,User_U-23798,Active,2023-01-02 14:00:00
U-23799,User_U-23799,Active,2023-01-28 14:00:00
U-23803,User_U-23803,Active,2023-01-06 14:00:00
U-23804,User_U-23804,Active,2023-01-30 14:00:00
U-23805,User_U-23805,Active,2023-01-23 14:00:00
U-23806,User_U-23806,Active,2023-01-04 14:00:00
U-23808,User_U-23808,Active,2023-01-29 14:00:00
U-23811,User_U-23811,Active,2023-01-06 14:00:00
U-23812,User_U-23812,Active,2023-01-09 14:00:00
U-23815,User_U-23815,Active,2023-01-10 14:00:00
U-23816,User_U-23816,Active,2023-01-16 14:00:00
U-23818,User_U-23818,Active,2023-01-21 14:00:00
U-23820,User_U-23820,Active,2023-01-23 14:00:00
U-23822,User_U-23822,Active,2023-01-04 14:00:00
U-23823,User_U-23823,Active,2023-01-16 14:00:00
U-23824,User_U-23824,Active,2023-01-05 14:00:00
U-23826,User_U-23826,Active,2023-01-16 14:00:00
U-23827,User_U-23827,Active,2023-01-15 14:00:00
U-23828,User_U-23828,Active,2023-01-20 14:00:00
U-23829,User_U-23829,Active,2023-01-14 14:00:00
U-23832,User_U-23832,Active,2023-01-24 14:00:00
U-23833,User_U-23833,Active,2023-01-26 14:00:00
U-23835,User_U-23835,Active,2023-01-19 14:00:00
U-23836,User_U-23836,Active,2023-01-27 14:00:00
U-23838,User_U-23838,Active,2023-01-27 14:00:00
U-23840,User_U-23840,Active,2023-01-04 14:00:00
U-23843,User_U-23843,Active,2023-01-06 14:00:00
U-23844,User_U-23844,Active,2023-01-06 14:00:00
U-23846,User_U-23846,Active,2023-01-29 14:00:00
U-23847,User_U-23847,Active,2023-01-30 14:00:00
U-23849,User_U-23849,Active,2023-01-08 14:00:00
U-23850,User_U-23850,Active,2023-01-27 14:00:00
U-23851,User_U-23851,Active,2023-01-06 14:00:00
U-23852,User_U-23852,Active,2023-01-19 14:00:00
U-23853,User_U-23853,Active,2023-01-27 14:00:00
U-23855,User_U-23855,Active,2023-01-17 14:00:00
U-23856,User_U-23856,Active,2023-01-27 14:00:00
U-23858,User_U-23858,Active,2023-01-13 14:00:00
U-23859,User_U-23859,Active,2023-01-04 14:00:00
U-23860,User_U-23860,Active,2023-01-19 14:00:00
U-23863,User_U-23863,Active,2023-01-23 14:00:00
U-23864,User_U-23864,Active,2023-01-04 14:00:00
U-23865,User_U-23865,Active,2023-01-24 14:00:00
U-23869,User_U-23869,Active,2023-01-06 14:00:00
U-23870,User_U-23870,Active,2023-01-28 14:00:00
U-23871,User_U-23871,Active,2023-01-25 14:00:00
U-23872,User_U-23872,Active,2023-01-10 14:00:00
U-23875,User_U-23875,Active,2023-01-11 14:00:00
U-23878,User_U-23878,Active,2023-01-04 14:00:00
U-23879,User_U-23879,Active,2023-01-13 14:00:00
U-23881,User_U-23881,Active,2023-01-25 14:00:00
U-23883,User_U-23883,Active,2023-01-13 14:00:00
U-23885,User_U-23885,Active,2023-01-15 14:00:00
U-23887,User_U-23887,Active,2023-01-22 14:00:00
U-23888,User_U-23888,Active,2023-01-29 14:00:00
U-23889,User_U-23889,Active,2023-01-14 14:00:00
U-23890,User_U-23890,Active,2023-01-10 14:00:00
U-23891,User_U-23891,Active,2023-01-05 14:00:00
U-23892,User_U-23892,Active,2023-01-23 14:00:00
U-23894,User_U-23894,Active,2023-01-13 14:00:00
U-23895,User_U-23895,Active,2023-01-02 14:00:00
U-23897,User_U-23897,Active,2023-01-25 14:00:00
U-23898,User_U-23898,Active,2023-01-24 14:00:00
U-23900,User_U-23900,Active,2023-01-08 14:00:00
U-23905,User_U-23905,Active,2023-01-28 14:00:00
U-23906,User_U-23906,Active,2023-01-19 14:00:00
U-23907,User_U-23907,Active,2023-01-30 14:00:00
U-23908,User_U-23908,Active,2023-01-23 14:00:00
U-23909,User_U-23909,Active,2023-01-27 14:00:00
U-23912,User_U-23912,Active,2023-01-18 14:00:00
U-23913,User_U-23913,Active,2023-01-27 14:00:00
U-23915,User_U-23915,Active,2023-01-09 14:00:00
U-23918,User_U-23918,Active,2023-01-20 14:00:00
U-23920,User_U-23920,Active,2023-01-17 14:00:00
U-23923,User_U-23923,Active,2023-01-20 14:00:00
U-23924,User_U-23924,Active,2023-01-03 14:00:00
U-23925,User_U-23925,Active,2023-01-09 14:00:00
U-23928,User_U-23928,Active,2023-01-19 14:00:00
U-23929,User_U-23929,Active,2023-01-23 14:00:00
U-23930,User_U-23930,Active,2023-01-09 14:00:00
U-23931,User_U-23931,Active,2023-01-28 14:00:00
U-23932,User_U-23932,Active,2023-01-26 14:00:00
U-23937,User_U-23937,Active,2023-01-16 14:00:00
U-23938,User_U-23938,Active,2023-01-09 14:00:00
U-23939,User_U-23939,Active,2023-01-20 14:00:00
U-23943,User_U-23943,Active,2023-01-18 14:00:00
U-23944,User_U-23944,Active,2023-01-22 14:00:00
U-23948,User_U-23948,Active,2023-01-13 14:00:00
U-23949,User_U-23949,Active,2023-01-07 14:00:00
U-23950,User_U-23950,Active,2023-01-03 14:00:00
U-23951,User_U-23951,Active,2023-01-16 14:00:00
U-23953,User_U-23953,Active,2023-01-27 14:00:00
U-23955,User_U-23955,Active,2023-01-26 14:00:00
U-23956,User_U-23956,Active,2023-01-30 14:00:00
U-23957,User_U-23957,Active,2023-01-17 14:00:00
U-23958,User_U-23958,Active,2023-01-29 14:00:00
U-23959,User_U-23959,Active,2023-01-22 14:00:00
U-23960,User_U-23960,Active,2023-01-21 14:00:00
U-23963,User_U-23963,Active,2023-01-14 14:00:00
U-23964,User_U-23964,Active,2023-01-08 14:00:00
U-23966,User_U-23966,Active,2023-01-27 14:00:00
U-23967,User_U-23967,Active,2023-01-05 14:00:00
U-23969,User_U-23969,Active,2023-01-25 14:00:00
U-23970,User_U-23970,Active,2023-01-23 14:00:00
U-23971,User_U-23971,Active,2023-01-18 14:00:00
U-23972,User_U-23972,Active,2023-01-25 14:00:00
U-23974,User_U-23974,Active,2023-01-17 14:00:00
U-23977,User_U-23977,Active,2023-01-04 14:00:00
U-23979,User_U-23979,Active,2023-01-13 14:00:00
U-23981,User_U-23981,Active,2023-01-10 14:00:00
U-23982,User_U-23982,Active,2023-01-25 14:00:00
U-23983,User_U-23983,Active,2023-01-10 14:00:00
U-23984,User_U-23984,Active,2023-01-10 14:00:00
U-23985,User_U-23985,Active,2023-01-19 14:00:00
U-23987,User_U-23987,Active,2023-01-22 14:00:00
U-23989,User_U-23989,Active,2023-01-09 14:00:00
U-23991,User_U-23991,Active,2023-01-02 14:00:00
U-23992,User_U-23992,Active,2023-01-02 14:00:00
U-23994,User_U-23994,Active,2023-01-20 14:00:00
U-23996,User_U-23996,Active,2023-01-19 14:00:00
U-23998,User_U-23998,Active,2023-01-26 14:00:00
U-24000,User_U-24000,Active,2023-01-21 14:00:00
U-24002,User_U-24002,Active,2023-01-10 14:00:00
U-24003,User_U-24003,Active,2023-01-21 14:00:00
U-24004,User_U-24004,Active,2023-01-23 14:00:00
U-24005,User_U-24005,Active,2023-01-07 14:00:00
U-24006,User_U-24006,Active,2023-01-08 14:00:00
U-24008,User_U-24008,Active,2023-01-27 14:00:00
U-24009,User_U-24009,Active,2023-01-27 14:00:00
U-24011,User_U-24011,Active,2023-01-07 14:00:00
U-24012,User_U-24012,Active,2023-01-15 14:00:00
U-24013,User_U-24013,Active,2023-01-09 14:00:00
U-24014,User_U-24014,Active,2023-01-08 14:00:00
U-24016,User_U-24016,Active,2023-01-05 14:00:00
U-24017,User_U-24017,Active,2023-01-29 14:00:00
U-24018,User_U-24018,Active,2023-01-22 14:00:00
U-24019,User_U-24019,Active,2023-01-13 14:00:00
U-24021,User_U-24021,Active,2023-01-22 14:00:00
U-24022,User_U-24022,Active,2023-01-04 14:00:00
U-24024,User_U-24024,Active,2023-01-10 14:00:00
U-24029,User_U-24029,Active,2023-01-19 14:00:00
U-24030,User_U-24030,Active,2023-01-19 14:00:00
U-24032,User_U-24032,Active,2023-01-09 14:00:00
U-24034,User_U-24034,Active,2023-01-18 14:00:00
U-24035,User_U-24035,Active,2023-01-02 14:00:00
U-24036,User_U-24036,Active,2023-01-07 14:00:00
U-24037,User_U-24037,Active,2023-01-27 14:00:00
U-24038,User_U-24038,Active,2023-01-03 14:00:00
U-24039,User_U-24039,Active,2023-01-08 14:00:00
U-24041,User_U-24041,Active,2023-01-17 14:00:00
U-24042,User_U-24042,Active,2023-01-08 14:00:00
U-24044,User_U-24044,Active,2023-01-11 14:00:00
U-24046,User_U-24046,Active,2023-01-14 14:00:00
U-24049,User_U-24049,Active,2023-01-15 14:00:00
U-24050,User_U-24050,Active,2023-01-10 14:00:00
U-24051,User_U-24051,Active,2023-01-19 14:00:00
U-24052,User_U-24052,Active,2023-01-17 14:00:00
U-24056,User_U-24056,Active,2023-01-07 14:00:00
U-24057,User_U-24057,Active,2023-01-04 14:00:00
U-24059,User_U-24059,Active,2023-01-17 14:00:00
U-24062,User_U-24062,Active,2023-01-09 14:00:00
U-24065,User_U-24065,Active,2023-01-20 14:00:00
U-24066,User_U-24066,Active,2023-01-24 14:00:00
U-24067,User_U-24067,Active,2023-01-05 14:00:00
U-24068,User_U-24068,Active,2023-01-20 14:00:00
U-24069,User_U-24069,Active,2023-01-19 14:00:00
U-24070,User_U-24070,Active,2023-01-17 14:00:00
U-24072,User_U-24072,Active,2023-01-13 14:00:00
U-24074,User_U-24074,Active,2023-01-13 14:00:00
U-24076,User_U-24076,Active,2023-01-16 14:00:00
U-24077,User_U-24077,Active,2023-01-21 14:00:00
U-24078,User_U-24078,Active,2023-01-07 14:00:00
U-24079,User_U-24079,Active,2023-01-26 14:00:00
U-24080,User_U-24080,Active,2023-01-03 14:00:00
U-24081,User_U-24081,Active,2023-01-25 14:00:00
U-24082,User_U-24082,Active,2023-01-04 14:00:00
U-24083,User_U-24083,Active,2023-01-03 14:00:00
U-24084,User_U-24084,Active,2023-01-11 14:00:00
U-24085,User_U-24085,Active,2023-01-08 14:00:00
U-24086,User_U-24086,Active,2023-01-17 14:00:00
U-24088,User_U-24088,Active,2023-01-18 14:00:00
U-24091,User_U-24091,Active,2023-01-18 14:00:00
U-24095,User_U-24095,Active,2023-01-21 14:00:00
U-24096,User_U-24096,Active,2023-01-10 14:00:00
U-24098,User_U-24098,Active,2023-01-13 14:00:00
U-24102,User_U-24102,Active,2023-01-22 14:00:00
U-24104,User_U-24104,Active,2023-01-25 14:00:00
U-24108,User_U-24108,Active,2023-01-08 14:00:00
U-24109,User_U-24109,Active,2023-01-16 14:00:00
U-24111,User_U-24111,Active,2023-01-11 14:00:00
U-24113,User_U-24113,Active,2023-01-21 14:00:00
U-24115,User_U-24115,Active,2023-01-02 14:00:00
U-24116,User_U-24116,Active,2023-01-28 14:00:00
U-24117,User_U-24117,Active,2023-01-27 14:00:00
U-24120,User_U-24120,Active,2023-01-11 14:00:00
U-24121,User_U-24121,Active,2023-01-08 14:00:00
U-24122,User_U-24122,Active,2023-01-06 14:00:00
U-24124,User_U-24124,Active,2023-01-13 14:00:00
U-24125,User_U-24125,Active,2023-01-09 14:00:00
U-24126,User_U-24126,Active,2023-01-12 14:00:00
U-24129,User_U-24129,Active,2023-01-12 14:00:00
U-24131,User_U-24131,Active,2023-01-14 14:00:00
U-24134,User_U-24134,Active,2023-01-03 14:00:00
U-24135,User_U-24135,Active,2023-01-20 14:00:00
U-24137,User_U-24137,Active,2023-01-20 14:00:00
U-24143,User_U-24143,Active,2023-01-21 14:00:00
U-24144,User_U-24144,Active,2023-01-30 14:00:00
U-24145,User_U-24145,Active,2023-01-30 14:00:00
U-24146,User_U-24146,Active,2023-01-09 14:00:00
U-24149,User_U-24149,Active,2023-01-20 14:00:00
U-24150,User_U-24150,Active,2023-01-18 14:00:00
U-24151,User_U-24151,Active,2023-01-29 14:00:00
U-24153,User_U-24153,Active,2023-01-30 14:00:00
U-24154,User_U-24154,Active,2023-01-24 14:00:00
U-24158,User_U-24158,Active,2023-01-20 14:00:00
U-24159,User_U-24159,Active,2023-01-04 14:00:00
U-24160,User_U-24160,Active,2023-01-18 14:00:00
U-24161,User_U-24161,Active,2023-01-15 14:00:00
U-24162,User_U-24162,Active,2023-01-10 14:00:00
U-24163,User_U-24163,Active,2023-01-28 14:00:00
U-24164,User_U-24164,Active,2023-01-04 14:00:00
U-24165,User_U-24165,Active,2023-01-25 14:00:00
U-24168,User_U-24168,Active,2023-01-27 14:00:00
U-24170,User_U-24170,Active,2023-01-18 14:00:00
U-24172,User_U-24172,Active,2023-01-16 14:00:00
U-24180,User_U-24180,Active,2023-01-11 14:00:00
U-24181,User_U-24181,Active,2023-01-06 14:00:00
U-24182,User_U-24182,Active,2023-01-03 14:00:00
U-24183,User_U-24183,Active,2023-01-22 14:00:00
U-24184,User_U-24184,Active,2023-01-29 14:00:00
U-24186,User_U-24186,Active,2023-01-25 14:00:00
U-24187,User_U-24187,Active,2023-01-03 14:00:00
U-24189,User_U-24189,Active,2023-01-03 14:00:00
U-24191,User_U-24191,Active,2023-01-18 14:00:00
U-24192,User_U-24192,Active,2023-01-10 14:00:00
U-24193,User_U-24193,Active,2023-01-30 14:00:00
U-24194,User_U-24194,Active,2023-01-28 14:00:00
U-24195,User_U-24195,Active,2023-01-17 14:00:00
U-24196,User_U-24196,Active,2023-01-11 14:00:00
U-24198,User_U-24198,Active,2023-01-10 14:00:00
U-24200,User_U-24200,Active,2023-01-27 14:00:00
U-24201,User_U-24201,Active,2023-01-22 14:00:00
U-24206,User_U-24206,Active,2023-01-23 14:00:00
U-24207,User_U-24207,Active,2023-01-24 14:00:00
U-24208,User_U-24208,Active,2023-01-12 14:00:00
U-24210,User_U-24210,Active,2023-01-29 14:00:00
U-24212,User_U-24212,Active,2023-01-28 14:00:00
U-24213,User_U-24213,Active,2023-01-27 14:00:00
U-24214,User_U-24214,Active,2023-01-06 14:00:00
U-24215,User_U-24215,Active,2023-01-25 14:00:00
U-24218,User_U-24218,Active,2023-01-15 14:00:00
U-24221,User_U-24221,Active,2023-01-06 14:00:00
U-24222,User_U-24222,Active,2023-01-20 14:00:00
U-24224,User_U-24224,Active,2023-01-15 14:00:00
U-24225,User_U-24225,Active,2023-01-10 14:00:00
U-24226,User_U-24226,Active,2023-01-17 14:00:00
U-24227,User_U-24227,Active,2023-01-12 14:00:00
U-24230,User_U-24230,Active,2023-01-03 14:00:00
U-24231,User_U-24231,Active,2023-01-28 14:00:00
U-24234,User_U-24234,Active,2023-01-18 14:00:00
U-24235,User_U-24235,Active,2023-01-28 14:00:00
U-24236,User_U-24236,Active,2023-01-29 14:00:00
U-24239,User_U-24239,Active,2023-01-20 14:00:00
U-24241,User_U-24241,Active,2023-01-20 14:00:00
U-24243,User_U-24243,Active,2023-01-19 14:00:00
U-24244,User_U-24244,Active,2023-01-17 14:00:00
U-24245,User_U-24245,Active,2023-01-06 14:00:00
U-24246,User_U-24246,Active,2023-01-14 14:00:00
U-24251,User_U-24251,Active,2023-01-17 14:00:00
U-24252,User_U-24252,Active,2023-01-11 14:00:00
U-24253,User_U-24253,Active,2023-01-14 14:00:00
U-24254,User_U-24254,Active,2023-01-12 14:00:00
U-24255,User_U-24255,Active,2023-01-19 14:00:00
U-24256,User_U-24256,Active,2023-01-22 14:00:00
U-24257,User_U-24257,Active,2023-01-17 14:00:00
U-24258,User_U-24258,Active,2023-01-12 14:00:00
U-24260,User_U-24260,Active,2023-01-12 14:00:00
U-24262,User_U-24262,Active,2023-01-08 14:00:00
U-24263,User_U-24263,Active,2023-01-23 14:00:00
U-24265,User_U-24265,Active,2023-01-02 14:00:00
U-24266,User_U-24266,Active,2023-01-12 14:00:00
U-24267,User_U-24267,Active,2023-01-16 14:00:00
U-24268,User_U-24268,Active,2023-01-10 14:00:00
U-24269,User_U-24269,Active,2023-01-26 14:00:00
U-24270,User_U-24270,Active,2023-01-14 14:00:00
U-24273,User_U-24273,Active,2023-01-15 14:00:00
U-24274,User_U-24274,Active,2023-01-06 14:00:00
U-24275,User_U-24275,Active,2023-01-23 14:00:00
U-24276,User_U-24276,Active,2023-01-21 14:00:00
U-24277,User_U-24277,Active,2023-01-09 14:00:00
U-24279,User_U-24279,Active,2023-01-16 14:00:00
U-24280,User_U-24280,Active,2023-01-08 14:00:00
U-24281,User_U-24281,Active,2023-01-21 14:00:00
U-24282,User_U-24282,Active,2023-01-20 14:00:00
U-24283,User_U-24283,Active,2023-01-11 14:00:00
U-24284,User_U-24284,Active,2023-01-08 14:00:00
U-24285,User_U-24285,Active,2023-01-20 14:00:00
U-24286,User_U-24286,Active,2023-01-10 14:00:00
U-24288,User_U-24288,Active,2023-01-27 14:00:00
U-24289,User_U-24289,Active,2023-01-09 14:00:00
U-24290,User_U-24290,Active,2023-01-25 14:00:00
U-24291,User_U-24291,Active,2023-01-06 14:00:00
U-24293,User_U-24293,Active,2023-01-25 14:00:00
U-24294,User_U-24294,Active,2023-01-07 14:00:00
U-24295,User_U-24295,Active,2023-01-12 14:00:00
U-24297,User_U-24297,Active,2023-01-11 14:00:00
U-24298,User_U-24298,Active,2023-01-05 14:00:00
U-24299,User_U-24299,Active,2023-01-10 14:00:00
U-24301,User_U-24301,Active,2023-01-07 14:00:00
U-24302,User_U-24302,Active,2023-01-10 14:00:00
U-24304,User_U-24304,Active,2023-01-22 14:00:00
U-24305,User_U-24305,Active,2023-01-13 14:00:00
U-24306,User_U-24306,Active,2023-01-21 14:00:00
U-24308,User_U-24308,Active,2023-01-26 14:00:00
U-24311,User_U-24311,Active,2023-01-29 14:00:00
U-24313,User_U-24313,Active,2023-01-03 14:00:00
U-24315,User_U-24315,Active,2023-01-07 14:00:00
U-24316,User_U-24316,Active,2023-01-07 14:00:00
U-24320,User_U-24320,Active,2023-01-04 14:00:00
U-24322,User_U-24322,Active,2023-01-10 14:00:00
U-24323,User_U-24323,Active,2023-01-26 14:00:00
U-24324,User_U-24324,Active,2023-01-13 14:00:00
U-24326,User_U-24326,Active,2023-01-09 14:00:00
U-24327,User_U-24327,Active,2023-01-30 14:00:00
U-24328,User_U-24328,Active,2023-01-14 14:00:00
U-24330,User_U-24330,Active,2023-01-24 14:00:00
U-24332,User_U-24332,Active,2023-01-05 14:00:00
U-24337,User_U-24337,Active,2023-01-21 14:00:00
U-24338,User_U-24338,Active,2023-01-10 14:00:00
U-24340,User_U-24340,Active,2023-01-11 14:00:00
U-24341,User_U-24341,Active,2023-01-12 14:00:00
U-24344,User_U-24344,Active,2023-01-15 14:00:00
U-24345,User_U-24345,Active,2023-01-12 14:00:00
U-24346,User_U-24346,Active,2023-01-14 14:00:00
U-24352,User_U-24352,Active,2023-01-11 14:00:00
U-24353,User_U-24353,Active,2023-01-29 14:00:00
U-24355,User_U-24355,Active,2023-01-30 14:00:00
U-24356,User_U-24356,Active,2023-01-27 14:00:00
U-24358,User_U-24358,Active,2023-01-24 14:00:00
U-24359,User_U-24359,Active,2023-01-15 14:00:00
U-24362,User_U-24362,Active,2023-01-08 14:00:00
U-24363,User_U-24363,Active,2023-01-21 14:00:00
U-24364,User_U-24364,Active,2023-01-30 14:00:00
U-24365,User_U-24365,Active,2023-01-03 14:00:00
U-24366,User_U-24366,Active,2023-01-08 14:00:00
U-24367,User_U-24367,Active,2023-01-29 14:00:00
U-24368,User_U-24368,Active,2023-01-30 14:00:00
U-24370,User_U-24370,Active,2023-01-20 14:00:00
U-24371,User_U-24371,Active,2023-01-12 14:00:00
U-24372,User_U-24372,Active,2023-01-13 14:00:00
U-24375,User_U-24375,Active,2023-01-17 14:00:00
U-24378,User_U-24378,Active,2023-01-15 14:00:00
U-24381,User_U-24381,Active,2023-01-29 14:00:00
U-24383,User_U-24383,Active,2023-01-27 14:00:00
U-24384,User_U-24384,Active,2023-01-05 14:00:00
U-24386,User_U-24386,Active,2023-01-18 14:00:00
U-24389,User_U-24389,Active,2023-01-11 14:00:00
U-24392,User_U-24392,Active,2023-01-13 14:00:00
U-24393,User_U-24393,Active,2023-01-11 14:00:00
U-24394,User_U-24394,Active,2023-01-27 14:00:00
U-24395,User_U-24395,Active,2023-01-05 14:00:00
U-24397,User_U-24397,Active,2023-01-02 14:00:00
U-24399,User_U-24399,Active,2023-01-08 14:00:00
U-24403,User_U-24403,Active,2023-01-03 14:00:00
U-24404,User_U-24404,Active,2023-01-24 14:00:00
U-24405,User_U-24405,Active,2023-01-13 14:00:00
U-24406,User_U-24406,Active,2023-01-14 14:00:00
U-24407,User_U-24407,Active,2023-01-12 14:00:00
U-24408,User_U-24408,Active,2023-01-28 14:00:00
U-24409,User_U-24409,Active,2023-01-26 14:00:00
U-24413,User_U-24413,Active,2023-01-04 14:00:00
U-24414,User_U-24414,Active,2023-01-27 14:00:00
U-24417,User_U-24417,Active,2023-01-03 14:00:00
U-24419,User_U-24419,Active,2023-01-11 14:00:00
U-24420,User_U-24420,Active,2023-01-13 14:00:00
U-24425,User_U-24425,Active,2023-01-28 14:00:00
U-24426,User_U-24426,Active,2023-01-06 14:00:00
U-24427,User_U-24427,Active,2023-01-19 14:00:00
U-24429,User_U-24429,Active,2023-01-23 14:00:00
U-24432,User_U-24432,Active,2023-01-08 14:00:00
U-24433,User_U-24433,Active,2023-01-16 14:00:00
U-24434,User_U-24434,Active,2023-01-09 14:00:00
U-24436,User_U-24436,Active,2023-01-15 14:00:00
U-24437,User_U-24437,Active,2023-01-16 14:00:00
U-24438,User_U-24438,Active,2023-01-09 14:00:00
U-24442,User_U-24442,Active,2023-01-13 14:00:00
U-24444,User_U-24444,Active,2023-01-13 14:00:00
U-24445,User_U-24445,Active,2023-01-18 14:00:00
U-24447,User_U-24447,Active,2023-01-26 14:00:00
U-24450,User_U-24450,Active,2023-01-05 14:00:00
U-24451,User_U-24451,Active,2023-01-30 14:00:00
U-24453,User_U-24453,Active,2023-01-18 14:00:00
U-24454,User_U-24454,Active,2023-01-16 14:00:00
U-24455,User_U-24455,Active,2023-01-02 14:00:00
U-24458,User_U-24458,Active,2023-01-22 14:00:00
U-24459,User_U-24459,Active,2023-01-06 14:00:00
U-24461,User_U-24461,Active,2023-01-15 14:00:00
U-24462,User_U-24462,Active,2023-01-04 14:00:00
U-24465,User_U-24465,Active,2023-01-23 14:00:00
U-24467,User_U-24467,Active,2023-01-26 14:00:00
U-24474,User_U-24474,Active,2023-01-20 14:00:00
U-24476,User_U-24476,Active,2023-01-27 14:00:00
U-24477,User_U-24477,Active,2023-01-20 14:00:00
U-24478,User_U-24478,Active,2023-01-07 14:00:00
U-24479,User_U-24479,Active,2023-01-14 14:00:00
U-24483,User_U-24483,Active,2023-01-21 14:00:00
U-24486,User_U-24486,Active,2023-01-03 14:00:00
U-24488,User_U-24488,Active,2023-01-12 14:00:00
U-24492,User_U-24492,Active,2023-01-18 14:00:00
U-24496,User_U-24496,Active,2023-01-22 14:00:00
U-24497,User_U-24497,Active,2023-01-07 14:00:00
U-24499,User_U-24499,Active,2023-01-12 14:00:00
U-24500,User_U-24500,Active,2023-01-12 14:00:00
U-24501,User_U-24501,Active,2023-01-06 14:00:00
U-24503,User_U-24503,Active,2023-01-05 14:00:00
U-24504,User_U-24504,Active,2023-01-15 14:00:00
U-24505,User_U-24505,Active,2023-01-21 14:00:00
U-24506,User_U-24506,Active,2023-01-23 14:00:00
U-24507,User_U-24507,Active,2023-01-20 14:00:00
U-24509,User_U-24509,Active,2023-01-09 14:00:00
U-24510,User_U-24510,Active,2023-01-10 14:00:00
U-24511,User_U-24511,Active,2023-01-26 14:00:00
U-24512,User_U-24512,Active,2023-01-21 14:00:00
U-24513,User_U-24513,Active,2023-01-05 14:00:00
U-24514,User_U-24514,Active,2023-01-09 14:00:00
U-24517,User_U-24517,Active,2023-01-21 14:00:00
U-24521,User_U-24521,Active,2023-01-16 14:00:00
U-24522,User_U-24522,Active,2023-01-05 14:00:00
U-24524,User_U-24524,Active,2023-01-03 14:00:00
U-24525,User_U-24525,Active,2023-01-14 14:00:00
U-24526,User_U-24526,Active,2023-01-13 14:00:00
U-24528,User_U-24528,Active,2023-01-12 14:00:00
U-24532,User_U-24532,Active,2023-01-27 14:00:00
U-24533,User_U-24533,Active,2023-01-10 14:00:00
U-24537,User_U-24537,Active,2023-01-15 14:00:00
U-24539,User_U-24539,Active,2023-01-17 14:00:00
U-24541,User_U-24541,Active,2023-01-03 14:00:00
U-24542,User_U-24542,Active,2023-01-29 14:00:00
U-24543,User_U-24543,Active,2023-01-26 14:00:00
U-24544,User_U-24544,Active,2023-01-25 14:00:00
U-24546,User_U-24546,Active,2023-01-04 14:00:00
U-24551,User_U-24551,Active,2023-01-17 14:00:00
U-24552,User_U-24552,Active,2023-01-23 14:00:00
U-24553,User_U-24553,Active,2023-01-23 14:00:00
U-24557,User_U-24557,Active,2023-01-21 14:00:00
U-24559,User_U-24559,Active,2023-01-02 14:00:00
U-24563,User_U-24563,Active,2023-01-22 14:00:00
U-24564,User_U-24564,Active,2023-01-16 14:00:00
U-24565,User_U-24565,Active,2023-01-06 14:00:00
U-24567,User_U-24567,Active,2023-01-08 14:00:00
U-24568,User_U-24568,Active,2023-01-22 14:00:00
U-24569,User_U-24569,Active,2023-01-21 14:00:00
U-24572,User_U-24572,Active,2023-01-10 14:00:00
U-24574,User_U-24574,Active,2023-01-17 14:00:00
U-24575,User_U-24575,Active,2023-01-29 14:00:00
U-24578,User_U-24578,Active,2023-01-11 14:00:00
U-24580,User_U-24580,Active,2023-01-26 14:00:00
U-24582,User_U-24582,Active,2023-01-20 14:00:00
U-24586,User_U-24586,Active,2023-01-17 14:00:00
U-24589,User_U-24589,Active,2023-01-21 14:00:00
U-24591,User_U-24591,Active,2023-01-23 14:00:00
U-24592,User_U-24592,Active,2023-01-09 14:00:00
U-24593,User_U-24593,Active,2023-01-19 14:00:00
U-24596,User_U-24596,Active,2023-01-22 14:00:00
U-24598,User_U-24598,Active,2023-01-04 14:00:00
U-24599,User_U-24599,Active,2023-01-17 14:00:00
U-24600,User_U-24600,Active,2023-01-10 14:00:00
U-24601,User_U-24601,Active,2023-01-09 14:00:00
U-24602,User_U-24602,Active,2023-01-23 14:00:00
U-24605,User_U-24605,Active,2023-01-29 14:00:00
U-24606,User_U-24606,Active,2023-01-30 14:00:00
U-24608,User_U-24608,Active,2023-01-17 14:00:00
U-24609,User_U-24609,Active,2023-01-13 14:00:00
U-24612,User_U-24612,Active,2023-01-02 14:00:00
U-24616,User_U-24616,Active,2023-01-09 14:00:00
U-24617,User_U-24617,Active,2023-01-21 14:00:00
U-24618,User_U-24618,Active,2023-01-02 14:00:00
U-24619,User_U-24619,Active,2023-01-05 14:00:00
U-24620,User_U-24620,Active,2023-01-11 14:00:00
U-24621,User_U-24621,Active,2023-01-26 14:00:00
U-24622,User_U-24622,Active,2023-01-09 14:00:00
U-24623,User_U-24623,Active,2023-01-28 14:00:00
U-24624,User_U-24624,Active,2023-01-17 14:00:00
U-24625,User_U-24625,Active,2023-01-06 14:00:00
U-24627,User_U-24627,Active,2023-01-21 14:00:00
U-24634,User_U-24634,Active,2023-01-28 14:00:00
U-24635,User_U-24635,Active,2023-01-16 14:00:00
U-24636,User_U-24636,Active,2023-01-30 14:00:00
U-24640,User_U-24640,Active,2023-01-02 14:00:00
U-24641,User_U-24641,Active,2023-01-07 14:00:00
U-24642,User_U-24642,Active,2023-01-24 14:00:00
U-24645,User_U-24645,Active,2023-01-21 14:00:00
U-24646,User_U-24646,Active,2023-01-15 14:00:00
U-24647,User_U-24647,Active,2023-01-12 14:00:00
U-24650,User_U-24650,Active,2023-01-27 14:00:00
U-24651,User_U-24651,Active,2023-01-20 14:00:00
U-24652,User_U-24652,Active,2023-01-13 14:00:00
U-24653,User_U-24653,Active,2023-01-11 14:00:00
U-24656,User_U-24656,Active,2023-01-10 14:00:00
U-24657,User_U-24657,Active,2023-01-17 14:00:00
U-24658,User_U-24658,Active,2023-01-26 14:00:00
U-24661,User_U-24661,Active,2023-01-22 14:00:00
U-24663,User_U-24663,Active,2023-01-26 14:00:00
U-24664,User_U-24664,Active,2023-01-28 14:00:00
U-24665,User_U-24665,Active,2023-01-27 14:00:00
U-24666,User_U-24666,Active,2023-01-03 14:00:00
U-24667,User_U-24667,Active,2023-01-12 14:00:00
U-24668,User_U-24668,Active,2023-01-03 14:00:00
U-24669,User_U-24669,Active,2023-01-20 14:00:00
U-24670,User_U-24670,Active,2023-01-22 14:00:00
U-24673,User_U-24673,Active,2023-01-22 14:00:00
U-24674,User_U-24674,Active,2023-01-10 14:00:00
U-24676,User_U-24676,Active,2023-01-02 14:00:00
U-24683,User_U-24683,Active,2023-01-12 14:00:00
U-24684,User_U-24684,Active,2023-01-11 14:00:00
U-24691,User_U-24691,Active,2023-01-06 14:00:00
U-24692,User_U-24692,Active,2023-01-05 14:00:00
U-24694,User_U-24694,Active,2023-01-02 14:00:00
U-24697,User_U-24697,Active,2023-01-21 14:00:00
U-24698,User_U-24698,Active,2023-01-12 14:00:00
U-24700,User_U-24700,Active,2023-01-22 14:00:00
U-24701,User_U-24701,Active,2023-01-24 14:00:00
U-24702,User_U-24702,Active,2023-01-03 14:00:00
U-24703,User_U-24703,Active,2023-01-30 14:00:00
U-24704,User_U-24704,Active,2023-01-11 14:00:00
U-24705,User_U-24705,Active,2023-01-02 14:00:00
U-24706,User_U-24706,Active,2023-01-17 14:00:00
U-24709,User_U-24709,Active,2023-01-13 14:00:00
U-24711,User_U-24711,Active,2023-01-27 14:00:00
U-24712,User_U-24712,Active,2023-01-08 14:00:00
U-24713,User_U-24713,Active,2023-01-17 14:00:00
U-24715,User_U-24715,Active,2023-01-17 14:00:00
U-24720,User_U-24720,Active,2023-01-03 14:00:00
U-24722,User_U-24722,Active,2023-01-17 14:00:00
U-24724,User_U-24724,Active,2023-01-27 14:00:00
U-24725,User_U-24725,Active,2023-01-06 14:00:00
U-24726,User_U-24726,Active,2023-01-27 14:00:00
U-24727,User_U-24727,Active,2023-01-25 14:00:00
U-24729,User_U-24729,Active,2023-01-28 14:00:00
U-24730,User_U-24730,Active,2023-01-19 14:00:00
U-24732,User_U-24732,Active,2023-01-26 14:00:00
U-24734,User_U-24734,Active,2023-01-05 14:00:00
U-24736,User_U-24736,Active,2023-01-10 14:00:00
U-24739,User_U-24739,Active,2023-01-06 14:00:00
U-24740,User_U-24740,Active,2023-01-18 14:00:00
U-24741,User_U-24741,Active,2023-01-19 14:00:00
U-24742,User_U-24742,Active,2023-01-05 14:00:00
U-24743,User_U-24743,Active,2023-01-05 14:00:00
U-24744,User_U-24744,Active,2023-01-26 14:00:00
U-24745,User_U-24745,Active,2023-01-19 14:00:00
U-24748,User_U-24748,Active,2023-01-27 14:00:00
U-24749,User_U-24749,Active,2023-01-09 14:00:00
U-24750,User_U-24750,Active,2023-01-30 14:00:00
U-24751,User_U-24751,Active,2023-01-09 14:00:00
U-24753,User_U-24753,Active,2023-01-14 14:00:00
U-24755,User_U-24755,Active,2023-01-08 14:00:00
U-24757,User_U-24757,Active,2023-01-02 14:00:00
U-24759,User_U-24759,Active,2023-01-26 14:00:00
U-24760,User_U-24760,Active,2023-01-26 14:00:00
U-24764,User_U-24764,Active,2023-01-06 14:00:00
U-24766,User_U-24766,Active,2023-01-15 14:00:00
U-24767,User_U-24767,Active,2023-01-24 14:00:00
U-24772,User_U-24772,Active,2023-01-18 14:00:00
U-24774,User_U-24774,Active,2023-01-20 14:00:00
U-24775,User_U-24775,Active,2023-01-12 14:00:00
U-24781,User_U-24781,Active,2023-01-04 14:00:00
U-24782,User_U-24782,Active,2023-01-25 14:00:00
U-24783,User_U-24783,Active,2023-01-29 14:00:00
U-24788,User_U-24788,Active,2023-01-24 14:00:00
U-24789,User_U-24789,Active,2023-01-11 14:00:00
U-24791,User_U-24791,Active,2023-01-28 14:00:00
U-24792,User_U-24792,Active,2023-01-27 14:00:00
U-24793,User_U-24793,Active,2023-01-21 14:00:00
U-24794,User_U-24794,Active,2023-01-28 14:00:00
U-24796,User_U-24796,Active,2023-01-07 14:00:00
U-24797,User_U-24797,Active,2023-01-14 14:00:00
U-24798,User_U-24798,Active,2023-01-10 14:00:00
U-24801,User_U-24801,Active,2023-01-18 14:00:00
U-24802,User_U-24802,Active,2023-01-04 14:00:00
U-24804,User_U-24804,Active,2023-01-28 14:00:00
U-24805,User_U-24805,Active,2023-01-04 14:00:00
U-24807,User_U-24807,Active,2023-01-02 14:00:00
U-24808,User_U-24808,Active,2023-01-11 14:00:00
U-24809,User_U-24809,Active,2023-01-03 14:00:00
U-24812,User_U-24812,Active,2023-01-30 14:00:00
U-24813,User_U-24813,Active,2023-01-07 14:00:00
U-24814,User_U-24814,Active,2023-01-09 14:00:00
U-24815,User_U-24815,Active,2023-01-21 14:00:00
U-24816,User_U-24816,Active,2023-01-21 14:00:00
U-24818,User_U-24818,Active,2023-01-18 14:00:00
U-24819,User_U-24819,Active,2023-01-14 14:00:00
U-24820,User_U-24820,Active,2023-01-11 14:00:00
U-24822,User_U-24822,Active,2023-01-26 14:00:00
U-24823,User_U-24823,Active,2023-01-24 14:00:00
U-24824,User_U-24824,Active,2023-01-22 14:00:00
U-24825,User_U-24825,Active,2023-01-23 14:00:00
U-24827,User_U-24827,Active,2023-01-23 14:00:00
U-24830,User_U-24830,Active,2023-01-13 14:00:00
U-24833,User_U-24833,Active,2023-01-04 14:00:00
U-24836,User_U-24836,Active,2023-01-25 14:00:00
U-24837,User_U-24837,Active,2023-01-04 14:00:00
U-24838,User_U-24838,Active,2023-01-28 14:00:00
U-24839,User_U-24839,Active,2023-01-18 14:00:00
U-24842,User_U-24842,Active,2023-01-23 14:00:00
U-24843,User_U-24843,Active,2023-01-26 14:00:00
U-24845,User_U-24845,Active,2023-01-16 14:00:00
U-24846,User_U-24846,Active,2023-01-29 14:00:00
U-24850,User_U-24850,Active,2023-01-02 14:00:00
U-24851,User_U-24851,Active,2023-01-07 14:00:00
U-24853,User_U-24853,Active,2023-01-28 14:00:00
U-24854,User_U-24854,Active,2023-01-03 14:00:00
U-24855,User_U-24855,Active,2023-01-14 14:00:00
U-24856,User_U-24856,Active,2023-01-28 14:00:00
U-24857,User_U-24857,Active,2023-01-13 14:00:00
U-24858,User_U-24858,Active,2023-01-27 14:00:00
U-24859,User_U-24859,Active,2023-01-13 14:00:00
U-24861,User_U-24861,Active,2023-01-07 14:00:00
U-24864,User_U-24864,Active,2023-01-05 14:00:00
U-24866,User_U-24866,Active,2023-01-20 14:00:00
U-24867,User_U-24867,Active,2023-01-11 14:00:00
U-24868,User_U-24868,Active,2023-01-03 14:00:00
U-24869,User_U-24869,Active,2023-01-21 14:00:00
U-24870,User_U-24870,Active,2023-01-10 14:00:00
U-24872,User_U-24872,Active,2023-01-13 14:00:00
U-24873,User_U-24873,Active,2023-01-22 14:00:00
U-24874,User_U-24874,Active,2023-01-15 14:00:00
U-24875,User_U-24875,Active,2023-01-20 14:00:00
U-24876,User_U-24876,Active,2023-01-06 14:00:00
U-24880,User_U-24880,Active,2023-01-03 14:00:00
U-24881,User_U-24881,Active,2023-01-17 14:00:00
U-24883,User_U-24883,Active,2023-01-14 14:00:00
U-24885,User_U-24885,Active,2023-01-08 14:00:00
U-24888,User_U-24888,Active,2023-01-18 14:00:00
U-24889,User_U-24889,Active,2023-01-05 14:00:00
U-24890,User_U-24890,Active,2023-01-05 14:00:00
U-24891,User_U-24891,Active,2023-01-17 14:00:00
U-24893,User_U-24893,Active,2023-01-07 14:00:00
U-24894,User_U-24894,Active,2023-01-09 14:00:00
U-24898,User_U-24898,Active,2023-01-21 14:00:00
U-24899,User_U-24899,Active,2023-01-28 14:00:00
U-24900,User_U-24900,Active,2023-01-06 14:00:00
U-24901,User_U-24901,Active,2023-01-11 14:00:00
U-24902,User_U-24902,Active,2023-01-23 14:00:00
U-24906,User_U-24906,Active,2023-01-26 14:00:00
U-24908,User_U-24908,Active,2023-01-05 14:00:00
U-24913,User_U-24913,Active,2023-01-22 14:00:00
U-24914,User_U-24914,Active,2023-01-29 14:00:00
U-24915,User_U-24915,Active,2023-01-07 14:00:00
U-24916,User_U-24916,Active,2023-01-25 14:00:00
U-24919,User_U-24919,Active,2023-01-21 14:00:00
U-24920,User_U-24920,Active,2023-01-13 14:00:00
U-24922,User_U-24922,Active,2023-01-22 14:00:00
U-24923,User_U-24923,Active,2023-01-30 14:00:00
U-24924,User_U-24924,Active,2023-01-10 14:00:00
U-24926,User_U-24926,Active,2023-01-06 14:00:00
U-24927,User_U-24927,Active,2023-01-07 14:00:00
U-24929,User_U-24929,Active,2023-01-19 14:00:00
U-24931,User_U-24931,Active,2023-01-16 14:00:00
U-24933,User_U-24933,Active,2023-01-19 14:00:00
U-24934,User_U-24934,Active,2023-01-20 14:00:00
U-24936,User_U-24936,Active,2023-01-17 14:00:00
U-24939,User_U-24939,Active,2023-01-07 14:00:00
U-24941,User_U-24941,Active,2023-01-10 14:00:00
U-24942,User_U-24942,Active,2023-01-04 14:00:00
U-24944,User_U-24944,Active,2023-01-15 14:00:00
U-24945,User_U-24945,Active,2023-01-12 14:00:00
U-24947,User_U-24947,Active,2023-01-22 14:00:00
U-24948,User_U-24948,Active,2023-01-07 14:00:00
U-24949,User_U-24949,Active,2023-01-28 14:00:00
U-24951,User_U-24951,Active,2023-01-25 14:00:00
U-24952,User_U-24952,Active,2023-01-30 14:00:00
U-24955,User_U-24955,Active,2023-01-02 14:00:00
U-24956,User_U-24956,Active,2023-01-11 14:00:00
U-24957,User_U-24957,Active,2023-01-19 14:00:00
U-24960,User_U-24960,Active,2023-01-22 14:00:00
U-24961,User_U-24961,Active,2023-01-20 14:00:00
U-24963,User_U-24963,Active,2023-01-02 14:00:00
U-24964,User_U-24964,Active,2023-01-20 14:00:00
U-24966,User_U-24966,Active,2023-01-10 14:00:00
U-24967,User_U-24967,Active,2023-01-25 14:00:00
U-24970,User_U-24970,Active,2023-01-30 14:00:00
U-24971,User_U-24971,Active,2023-01-29 14:00:00
U-24972,User_U-24972,Active,2023-01-17 14:00:00
U-24977,User_U-24977,Active,2023-01-19 14:00:00
U-24978,User_U-24978,Active,2023-01-05 14:00:00
U-24979,User_U-24979,Active,2023-01-22 14:00:00
U-24980,User_U-24980,Active,2023-01-06 14:00:00
U-24982,User_U-24982,Active,2023-01-26 14:00:00
U-24983,User_U-24983,Active,2023-01-12 14:00:00
U-24986,User_U-24986,Active,2023-01-03 14:00:00
U-24987,User_U-24987,Active,2023-01-08 14:00:00
U-24989,User_U-24989,Active,2023-01-22 14:00:00
U-24991,User_U-24991,Active,2023-01-08 14:00:00
U-24992,User_U-24992,Active,2023-01-16 14:00:00
U-24995,User_U-24995,Active,2023-01-06 14:00:00
U-24996,User_U-24996,Active,2023-01-20 14:00:00
